gene_id,BGC,Imodulon
XNR_RS00010,1.0,DNA Damage
XNR_RS00015,1.0,
XNR_RS00020,1.0,
XNR_RS00025,1.0,
XNR_RS00030,1.0,DNA Damage
XNR_RS00035,1.0,
XNR_RS00040,1.0,
XNR_RS00045,1.0,
XNR_RS00050,1.0,
XNR_RS00055,1.0,
XNR_RS00060,1.0,Antimycin
XNR_RS00065,1.0,Antimycin
XNR_RS00070,1.0,
XNR_RS00075,1.0,BGC-General
XNR_RS00075,1.0,Antimycin
XNR_RS00075,1.0,UC-13
XNR_RS00080,1.0,BGC-General
XNR_RS00080,1.0,Antimycin
XNR_RS00080,1.0,UC-13
XNR_RS00085,1.0,BGC-General
XNR_RS00085,1.0,Antimycin
XNR_RS00090,1.0,BGC-General
XNR_RS00090,1.0,Antimycin
XNR_RS00090,1.0,UC-12
XNR_RS00090,1.0,UC-14
XNR_RS31480,1.0,BGC-General
XNR_RS31480,1.0,Antimycin
XNR_RS00100,1.0,Antimycin
XNR_RS31485,1.0,Antimycin
XNR_RS00110,1.0,Antimycin
XNR_RS31490,1.0,Antimycin
XNR_RS00115,1.0,
XNR_RS00120,1.0,
XNR_RS00125,1.0,BGC-General
XNR_RS00125,1.0,Sugar-2
XNR_RS00130,1.0,Fructose
XNR_RS00135,1.0,Fructose
XNR_RS00140,1.0,Fructose
XNR_RS00145,1.0,Fructose
XNR_RS00150,1.0,Fructose
XNR_RS00155,1.0,
XNR_RS00160,1.0,
XNR_RS30400,1.0,UC-10
XNR_RS00165,1.0,
XNR_RS00170,1.0,
XNR_RS00175,1.0,
XNR_RS00180,1.0,
XNR_RS31495,1.0,UC-12
XNR_RS00185,1.0,
XNR_RS00190,1.0,
XNR_RS00195,1.0,
XNR_RS00200,1.0,UC-4
XNR_RS00205,1.0,UC-4
XNR_RS00210,1.0,
XNR_RS00920,2.0,UC-8
XNR_RS00925,2.0,Cyclofaulknamycin-2
XNR_RS00930,2.0,
XNR_RS00935,2.0,
XNR_RS00940,2.0,NRPS-1
XNR_RS31500,2.0,Xylose
XNR_RS00950,2.0,Xylose
XNR_RS00955,2.0,Xylose
XNR_RS00960,2.0,UC-12
XNR_RS00965,2.0,
XNR_RS00970,2.0,UC-14
XNR_RS00975,2.0,SGR PTM
XNR_RS00980,2.0,SGR PTM
XNR_RS00985,2.0,SGR PTM
XNR_RS00990,2.0,SGR PTM
XNR_RS00995,2.0,SGR PTM
XNR_RS01000,2.0,SGR PTM
XNR_RS01005,2.0,
XNR_RS01010,2.0,
XNR_RS01015,2.0,NRPS-1
XNR_RS01020,2.0,Phospholipid
XNR_RS01025,2.0,
XNR_RS01035,2.0,
XNR_RS01040,2.0,UC-2
XNR_RS01045,2.0,
XNR_RS01050,2.0,
XNR_RS01055,2.0,
XNR_RS01060,2.0,
XNR_RS01065,2.0,
XNR_RS01255,3.0,
XNR_RS01260,3.0,UC-12
XNR_RS31020,3.0,NDH
XNR_RS01270,3.0,
XNR_RS01275,3.0,
XNR_RS01280,3.0,
XNR_RS29515,3.0,Histidine
XNR_RS01290,3.0,Histidine
XNR_RS01295,3.0,
XNR_RS01300,3.0,
XNR_RS01305,3.0,UC-12
XNR_RS01310,3.0,
XNR_RS01315,3.0,
XNR_RS01320,3.0,
XNR_RS01325,3.0,
XNR_RS01330,3.0,
XNR_RS01335,3.0,
XNR_RS01340,3.0,
XNR_RS01345,3.0,
XNR_RS01350,3.0,
XNR_RS01355,3.0,
XNR_RS01360,3.0,
XNR_RS01365,3.0,
XNR_RS01370,3.0,
XNR_RS01375,3.0,
XNR_RS01695,4.0,
XNR_RS01700,4.0,
XNR_RS01705,4.0,UC-7
XNR_RS01710,4.0,
XNR_RS01715,4.0,
XNR_RS01720,4.0,
XNR_RS02805,5.0,Gas Vesicle
XNR_RS02810,5.0,UC-2
XNR_RS02810,5.0,Gas Vesicle
XNR_RS02815,5.0,
XNR_RS02820,5.0,Paulomycin
XNR_RS02825,5.0,Paulomycin
XNR_RS02830,5.0,Paulomycin
XNR_RS02835,5.0,Paulomycin
XNR_RS30670,5.0,Paulomycin
XNR_RS02840,5.0,Paulomycin
XNR_RS02845,5.0,Paulomycin
XNR_RS02850,5.0,Paulomycin
XNR_RS02855,5.0,Paulomycin
XNR_RS02860,5.0,Paulomycin
XNR_RS02860,5.0,UC-2
XNR_RS02865,5.0,Paulomycin
XNR_RS02865,5.0,SAL-2242
XNR_RS02870,5.0,Paulomycin
XNR_RS02870,5.0,SAL-2242
XNR_RS02875,5.0,Paulomycin
XNR_RS02875,5.0,BGC-General
XNR_RS02880,5.0,Paulomycin
XNR_RS02885,5.0,Paulomycin
XNR_RS02890,5.0,Paulomycin
XNR_RS02895,5.0,Paulomycin
XNR_RS02900,5.0,Paulomycin
XNR_RS02905,5.0,Paulomycin
XNR_RS02910,5.0,Paulomycin
XNR_RS02915,5.0,Paulomycin
XNR_RS02920,5.0,Paulomycin
XNR_RS02925,5.0,Paulomycin
XNR_RS02930,5.0,Paulomycin
XNR_RS02935,5.0,Paulomycin
XNR_RS02940,5.0,Paulomycin
XNR_RS02945,5.0,Paulomycin
XNR_RS02950,5.0,Paulomycin
XNR_RS02955,5.0,Paulomycin
XNR_RS02960,5.0,Paulomycin
XNR_RS02965,5.0,Paulomycin
XNR_RS02970,5.0,Paulomycin
XNR_RS04785,6.0,Ammonium
XNR_RS04790,6.0,Ammonium
XNR_RS04795,6.0,Candicidin/Antimycin
XNR_RS04795,6.0,Xylose
XNR_RS04800,6.0,Candicidin/Antimycin
XNR_RS04800,6.0,Xylose
XNR_RS04805,6.0,Candicidin/Antimycin
XNR_RS04805,6.0,Xylose
XNR_RS04810,6.0,Candicidin/Antimycin
XNR_RS04810,6.0,Xylose
XNR_RS04815,6.0,Candicidin/Antimycin
XNR_RS04815,6.0,Xylose
XNR_RS04820,6.0,Cyclofaulknamycin-2
XNR_RS04820,6.0,Cyclofaulknamycin-1
XNR_RS04820,6.0,SGR PTM
XNR_RS04825,6.0,Cyclofaulknamycin-2
XNR_RS04825,6.0,Cyclofaulknamycin-1
XNR_RS04825,6.0,BGC-General
XNR_RS04830,6.0,Cyclofaulknamycin-2
XNR_RS04830,6.0,Cyclofaulknamycin-1
XNR_RS04830,6.0,BGC-General
XNR_RS04835,6.0,
XNR_RS04840,6.0,
XNR_RS04845,6.0,Cyclofaulknamycin-2
XNR_RS04845,6.0,Cyclofaulknamycin-1
XNR_RS04850,6.0,Cyclofaulknamycin-2
XNR_RS04850,6.0,Cyclofaulknamycin-1
XNR_RS04855,6.0,
XNR_RS04860,6.0,
XNR_RS04865,6.0,Cyclofaulknamycin-1
XNR_RS04870,6.0,Cyclofaulknamycin-1
XNR_RS04875,6.0,Cyclofaulknamycin-1
XNR_RS04880,6.0,Cyclofaulknamycin-1
XNR_RS04885,6.0,Cyclofaulknamycin-1
XNR_RS04890,6.0,Cyclofaulknamycin-1
XNR_RS04895,6.0,Cyclofaulknamycin-1
XNR_RS04900,6.0,Cyclofaulknamycin-1
XNR_RS04900,6.0,BGC-General
XNR_RS04905,6.0,BGC-General
XNR_RS04910,6.0,Cyclofaulknamycin-2
XNR_RS04915,6.0,
XNR_RS04920,6.0,
XNR_RS04925,6.0,
XNR_RS04930,6.0,
XNR_RS04935,6.0,
XNR_RS04940,6.0,
XNR_RS04945,6.0,
XNR_RS04950,6.0,
XNR_RS04955,6.0,
XNR_RS04960,6.0,
XNR_RS04965,6.0,UC-9
XNR_RS04965,6.0,UC-14
XNR_RS05250,7.0,
XNR_RS05255,7.0,
XNR_RS05260,7.0,
XNR_RS05265,7.0,Chaplin
XNR_RS05270,7.0,Chaplin
XNR_RS05275,7.0,Chaplin
XNR_RS05280,7.0,Chaplin
XNR_RS05285,7.0,
XNR_RS05290,7.0,
XNR_RS06370,8.0,DNA Damage
XNR_RS06375,8.0,
XNR_RS06380,8.0,UC-11
XNR_RS06385,8.0,UC-2
XNR_RS06390,8.0,
XNR_RS06395,8.0,UC-2
XNR_RS06395,8.0,UC-10
XNR_RS06400,8.0,UC-7
XNR_RS06405,8.0,
XNR_RS06410,8.0,UC-9
XNR_RS06415,8.0,Candicidin/Antimycin
XNR_RS06415,8.0,NRPS-1
XNR_RS06415,8.0,DNA Damage
XNR_RS06415,8.0,Surugamide-1
XNR_RS06415,8.0,BGC-General
XNR_RS06415,8.0,Valine
XNR_RS06415,8.0,Stress Response
XNR_RS06415,8.0,NDH
XNR_RS06420,8.0,
XNR_RS06425,8.0,UC-6
XNR_RS30445,8.0,UC-6
XNR_RS06430,8.0,SGR PTM
XNR_RS06435,8.0,
XNR_RS06440,8.0,Leucine
XNR_RS06440,8.0,SAL-2242
XNR_RS06445,8.0,
XNR_RS06450,8.0,
XNR_RS06455,8.0,
XNR_RS06460,8.0,
XNR_RS07815,9.0,
XNR_RS07820,9.0,Surugamide-1
XNR_RS07825,9.0,Surugamide-1
XNR_RS07830,9.0,Valine
XNR_RS07835,9.0,Translation
XNR_RS07835,9.0,Valine
XNR_RS07840,9.0,
XNR_RS07845,9.0,
XNR_RS07850,9.0,
XNR_RS07855,9.0,
XNR_RS07860,9.0,
XNR_RS07865,9.0,
XNR_RS07870,9.0,UC-2
XNR_RS07875,9.0,
XNR_RS07880,9.0,
XNR_RS07885,9.0,
XNR_RS07890,9.0,
XNR_RS07895,9.0,
XNR_RS07900,9.0,UC-10
XNR_RS29710,10.0,UC-11
XNR_RS10025,10.0,
XNR_RS10030,10.0,
XNR_RS10035,10.0,
XNR_RS10040,10.0,
XNR_RS10045,10.0,Thiopeptide
XNR_RS10050,10.0,Thiopeptide
XNR_RS10055,10.0,Thiopeptide
XNR_RS10055,10.0,BGC-General
XNR_RS10055,10.0,UC-9
XNR_RS10055,10.0,SAL-2242
XNR_RS10060,10.0,Thiopeptide
XNR_RS10065,10.0,Thiopeptide
XNR_RS10065,10.0,Dudomycin/Minimycin
XNR_RS10065,10.0,UC-13
XNR_RS10070,10.0,Thiopeptide
XNR_RS10075,10.0,Thiopeptide
XNR_RS10080,10.0,Thiopeptide
XNR_RS10085,10.0,Thiopeptide
XNR_RS10090,10.0,Thiopeptide
XNR_RS10095,10.0,Thiopeptide
XNR_RS10100,10.0,Thiopeptide
XNR_RS10105,10.0,Thiopeptide
XNR_RS10110,10.0,Thiopeptide
XNR_RS10110,10.0,UC-12
XNR_RS10115,10.0,
XNR_RS10120,10.0,UC-2
XNR_RS10125,10.0,
XNR_RS10130,10.0,
XNR_RS10135,10.0,
XNR_RS10140,10.0,
XNR_RS10145,10.0,
XNR_RS10150,10.0,UC-7
XNR_RS10865,11.0,
XNR_RS10870,11.0,
XNR_RS31180,11.0,DNA Damage
XNR_RS31185,11.0,DNA Damage
XNR_RS31185,11.0,UC-7
XNR_RS10895,11.0,
XNR_RS30300,11.0,
XNR_RS10905,11.0,UC-11
XNR_RS29755,11.0,
XNR_RS30305,11.0,UC-3
XNR_RS29770,11.0,
XNR_RS10925,11.0,UC-14
XNR_RS10930,11.0,
XNR_RS11535,12.0,
XNR_RS11540,12.0,UC-10
XNR_RS11545,12.0,
XNR_RS31190,12.0,
XNR_RS11555,12.0,
XNR_RS11560,12.0,SAL-2242
XNR_RS11565,12.0,SAL-2242
XNR_RS11570,12.0,SAL-2242
XNR_RS11575,12.0,Galactose
XNR_RS11575,12.0,SAL-2242
XNR_RS11580,12.0,SAL-2242
XNR_RS11585,12.0,Iron Acquisition
XNR_RS11590,12.0,Iron Acquisition
XNR_RS11595,12.0,
XNR_RS11600,12.0,Iron Acquisition
XNR_RS11605,12.0,
XNR_RS11610,12.0,
XNR_RS11615,12.0,Surugamide-1
XNR_RS15505,13.0,UC-11
XNR_RS15510,13.0,
XNR_RS15515,13.0,
XNR_RS15520,13.0,
XNR_RS15530,13.0,
XNR_RS15535,13.0,UC-1
XNR_RS15540,13.0,
XNR_RS15545,13.0,
XNR_RS15550,13.0,
XNR_RS15555,13.0,BGC-General
XNR_RS15560,13.0,UC-2
XNR_RS15565,13.0,
XNR_RS15570,13.0,Cyclofaulknamycin-2
XNR_RS15570,13.0,Cyclofaulknamycin-1
XNR_RS15570,13.0,UC-6
XNR_RS15575,13.0,Chaplin
XNR_RS15575,13.0,NRPS-1
XNR_RS15580,13.0,Chaplin
XNR_RS15580,13.0,NRPS-1
XNR_RS15580,13.0,SGR PTM
XNR_RS15585,13.0,Chaplin
XNR_RS15585,13.0,NRPS-1
XNR_RS15590,13.0,Chaplin
XNR_RS15590,13.0,NRPS-1
XNR_RS15595,13.0,UC-14
XNR_RS15600,13.0,BGC-General
XNR_RS15605,13.0,BGC-General
XNR_RS15605,13.0,Sugar-2
XNR_RS15610,13.0,BGC-General
XNR_RS15615,13.0,
XNR_RS15620,13.0,
XNR_RS15625,13.0,
XNR_RS15630,13.0,UC-10
XNR_RS15635,13.0,
XNR_RS15640,13.0,
XNR_RS15645,13.0,UC-13
XNR_RS29930,13.0,
XNR_RS17000,14.0,
XNR_RS17005,14.0,
XNR_RS17010,14.0,
XNR_RS17015,14.0,UC-13
XNR_RS17020,14.0,
XNR_RS17025,14.0,
XNR_RS17030,14.0,
XNR_RS17035,14.0,
XNR_RS17040,14.0,
XNR_RS17045,14.0,
XNR_RS17050,14.0,
XNR_RS17055,14.0,
XNR_RS17060,14.0,
XNR_RS17065,14.0,
XNR_RS29975,14.0,
XNR_RS17075,14.0,Fatty Acid
XNR_RS17075,14.0,Surugamide-1
XNR_RS17080,14.0,Surugamide-1
XNR_RS17085,14.0,Surugamide-1
XNR_RS17090,14.0,
XNR_RS17095,14.0,Surugamide-1
XNR_RS17095,14.0,BGC-General
XNR_RS17100,14.0,Surugamide-1
XNR_RS17100,14.0,BGC-General
XNR_RS17105,14.0,Surugamide-1
XNR_RS17105,14.0,BGC-General
XNR_RS17110,14.0,Surugamide-1
XNR_RS17110,14.0,BGC-General
XNR_RS17115,14.0,Surugamide-1
XNR_RS17115,14.0,BGC-General
XNR_RS17120,14.0,Surugamide-2
XNR_RS17120,14.0,Surugamide-1
XNR_RS17125,14.0,Surugamide-2
XNR_RS17125,14.0,Surugamide-1
XNR_RS17130,14.0,Surugamide-2
XNR_RS17130,14.0,Surugamide-1
XNR_RS17135,14.0,Surugamide-2
XNR_RS17135,14.0,Surugamide-1
XNR_RS17140,14.0,Surugamide-2
XNR_RS17140,14.0,Surugamide-1
XNR_RS17145,14.0,Surugamide-1
XNR_RS17150,14.0,Surugamide-1
XNR_RS17155,14.0,Surugamide-1
XNR_RS17160,14.0,Surugamide-1
XNR_RS30855,14.0,Surugamide-1
XNR_RS17165,14.0,Surugamide-1
XNR_RS17170,14.0,
XNR_RS17175,14.0,UC-11
XNR_RS17180,14.0,Surugamide-1
XNR_RS17185,14.0,
XNR_RS17190,14.0,
XNR_RS17195,14.0,
XNR_RS17200,14.0,
XNR_RS17205,14.0,Stress Response
XNR_RS17210,14.0,Stress Response
XNR_RS19470,15.0,DNA Damage
XNR_RS19470,15.0,SGR PTM
XNR_RS19475,15.0,
XNR_RS19480,15.0,
XNR_RS19485,15.0,
XNR_RS19490,15.0,
XNR_RS19495,15.0,
XNR_RS19500,15.0,
XNR_RS19505,15.0,
XNR_RS19510,15.0,
XNR_RS19515,15.0,
XNR_RS19520,15.0,
XNR_RS19525,15.0,
XNR_RS19530,15.0,
XNR_RS19535,15.0,
XNR_RS19540,15.0,
XNR_RS19545,15.0,
XNR_RS19550,15.0,Dudomycin/Minimycin
XNR_RS19550,15.0,BGC-General
XNR_RS19555,15.0,Dudomycin/Minimycin
XNR_RS19555,15.0,BGC-General
XNR_RS19560,15.0,Dudomycin/Minimycin
XNR_RS19560,15.0,BGC-General
XNR_RS19565,15.0,Dudomycin/Minimycin
XNR_RS19565,15.0,BGC-General
XNR_RS19570,15.0,Dudomycin/Minimycin
XNR_RS19570,15.0,BGC-General
XNR_RS19575,15.0,Dudomycin/Minimycin
XNR_RS19575,15.0,BGC-General
XNR_RS19580,15.0,Dudomycin/Minimycin
XNR_RS19585,15.0,Dudomycin/Minimycin
XNR_RS19590,15.0,
XNR_RS19595,15.0,UC-3
XNR_RS19600,15.0,
XNR_RS19605,15.0,Phosphate
XNR_RS19610,15.0,Phosphate
XNR_RS19615,15.0,Phosphate
XNR_RS19620,15.0,Phosphate
XNR_RS19625,15.0,Phosphate
XNR_RS19630,15.0,Phosphate
XNR_RS19635,15.0,
XNR_RS31605,15.0,UC-1
XNR_RS31605,15.0,RpoS
XNR_RS19645,15.0,
XNR_RS19650,15.0,Transketolase
XNR_RS19650,15.0,Translation
XNR_RS19655,15.0,
XNR_RS20695,16.0,
XNR_RS20700,16.0,UC-3
XNR_RS20705,16.0,
XNR_RS20710,16.0,
XNR_RS20715,16.0,
XNR_RS20720,16.0,Iron Acquisition
XNR_RS20725,16.0,Iron Acquisition
XNR_RS20730,16.0,Iron Acquisition
XNR_RS20735,16.0,Iron Acquisition
XNR_RS20740,16.0,Iron Acquisition
XNR_RS24540,17.0,
XNR_RS24545,17.0,UC-14
XNR_RS24550,17.0,
XNR_RS24555,17.0,
XNR_RS24560,17.0,
XNR_RS24565,17.0,
XNR_RS24570,17.0,
XNR_RS24575,17.0,
XNR_RS24580,17.0,
XNR_RS24585,17.0,
XNR_RS27845,18.0,
XNR_RS27850,18.0,
XNR_RS27855,18.0,
XNR_RS27860,18.0,
XNR_RS27865,18.0,
XNR_RS27870,18.0,
XNR_RS27875,18.0,
XNR_RS27880,18.0,UC-3
XNR_RS27885,18.0,
XNR_RS27890,18.0,
XNR_RS27895,18.0,
XNR_RS27900,18.0,
XNR_RS27905,18.0,
XNR_RS27910,18.0,UC-7
XNR_RS27915,18.0,Transketolase
XNR_RS27915,18.0,UC-13
XNR_RS27920,18.0,Transketolase
XNR_RS27925,18.0,
XNR_RS27930,18.0,Dudomycin/Minimycin
XNR_RS27930,18.0,BGC-General
XNR_RS27935,18.0,Dudomycin/Minimycin
XNR_RS27935,18.0,BGC-General
XNR_RS27940,18.0,Dudomycin/Minimycin
XNR_RS27940,18.0,BGC-General
XNR_RS27945,18.0,Dudomycin/Minimycin
XNR_RS27945,18.0,BGC-General
XNR_RS27950,18.0,Dudomycin/Minimycin
XNR_RS27950,18.0,BGC-General
XNR_RS27955,18.0,Dudomycin/Minimycin
XNR_RS27955,18.0,BGC-General
XNR_RS27960,18.0,
XNR_RS27965,18.0,
XNR_RS27970,18.0,
XNR_RS27975,18.0,
XNR_RS30700,18.0,
XNR_RS27980,18.0,
XNR_RS27985,18.0,
XNR_RS27990,18.0,
XNR_RS27995,18.0,
XNR_RS28000,18.0,
XNR_RS28005,18.0,
XNR_RS28010,18.0,
XNR_RS28015,18.0,
XNR_RS28020,18.0,
XNR_RS28025,18.0,
XNR_RS28030,18.0,UC-3
XNR_RS28030,18.0,SAL-2242
XNR_RS28035,18.0,
XNR_RS28140,19.0,UC-12
XNR_RS28145,19.0,UC-1
XNR_RS28150,19.0,
XNR_RS28155,19.0,
XNR_RS28160,19.0,UC-4
XNR_RS28165,19.0,
XNR_RS28170,19.0,
XNR_RS28175,19.0,Transketolase
XNR_RS28175,19.0,BGC-General
XNR_RS28175,19.0,Gas Vesicle
XNR_RS28180,19.0,
XNR_RS28185,19.0,Gas Vesicle
XNR_RS28190,19.0,Gas Vesicle
XNR_RS28195,19.0,
XNR_RS28200,19.0,
XNR_RS28205,19.0,
XNR_RS30185,19.0,
XNR_RS28215,19.0,BGC-General
XNR_RS30190,19.0,UC-12
XNR_RS28225,19.0,
XNR_RS28230,19.0,
XNR_RS28235,19.0,
XNR_RS28240,19.0,UC-4
XNR_RS28245,19.0,Gas Vesicle
XNR_RS28250,19.0,UC-14
XNR_RS28255,19.0,
XNR_RS28260,19.0,SGR PTM
XNR_RS28265,19.0,Dudomycin/Minimycin
XNR_RS28265,19.0,SGR PTM
XNR_RS28270,19.0,SGR PTM
XNR_RS28275,19.0,
XNR_RS30195,19.0,UC-4
XNR_RS28280,19.0,
XNR_RS28285,19.0,UC-4
XNR_RS28290,19.0,UC-3
XNR_RS28610,20.0,
XNR_RS28615,20.0,UC-10
XNR_RS31665,20.0,DNA Damage
XNR_RS31665,20.0,Galactose
XNR_RS28620,20.0,
XNR_RS28625,20.0,UC-12
XNR_RS28630,20.0,
XNR_RS28635,20.0,
XNR_RS28640,20.0,UC-12
XNR_RS28645,20.0,
XNR_RS28690,21.0,
XNR_RS28695,21.0,
XNR_RS28700,21.0,
XNR_RS28705,21.0,
XNR_RS28710,21.0,
XNR_RS28715,21.0,
XNR_RS28720,21.0,
XNR_RS28725,21.0,
XNR_RS28730,21.0,
XNR_RS28735,21.0,CysB
XNR_RS28740,21.0,CysB
XNR_RS28745,21.0,CysB
XNR_RS28750,21.0,CysB
XNR_RS28755,21.0,CysB
XNR_RS28760,21.0,CysB
XNR_RS28765,21.0,CysB
XNR_RS28770,21.0,
XNR_RS28775,21.0,
XNR_RS28780,21.0,UC-14
XNR_RS28785,21.0,SGR PTM
XNR_RS28790,21.0,SGR PTM
XNR_RS28795,21.0,
XNR_RS28800,21.0,
XNR_RS28805,21.0,
XNR_RS28810,21.0,
XNR_RS28815,21.0,
XNR_RS28820,21.0,
XNR_RS28825,21.0,
XNR_RS28830,21.0,Fatty Acid
XNR_RS28835,21.0,Fatty Acid
XNR_RS28840,21.0,Fatty Acid
XNR_RS28845,21.0,
XNR_RS28850,21.0,
XNR_RS28855,21.0,
XNR_RS28860,21.0,
XNR_RS28865,21.0,
XNR_RS28870,21.0,Gas Vesicle
XNR_RS28875,21.0,
XNR_RS28880,21.0,
XNR_RS28885,21.0,UC-12
XNR_RS31430,22.0,UC-12
XNR_RS28920,22.0,
XNR_RS28925,22.0,UC-10
XNR_RS28925,22.0,UC-12
XNR_RS28930,22.0,UC-9
XNR_RS28935,22.0,UC-9
XNR_RS28940,22.0,UC-9
XNR_RS28945,22.0,UC-9
XNR_RS28950,22.0,UC-9
XNR_RS28955,22.0,UC-9
XNR_RS28960,22.0,
XNR_RS28965,22.0,
XNR_RS28970,22.0,
XNR_RS28975,22.0,Stress Response
XNR_RS28980,22.0,Stress Response
XNR_RS28985,22.0,Stress Response
XNR_RS28990,22.0,
XNR_RS28995,22.0,Cytochrome
XNR_RS28995,22.0,Candicidin/Antimycin
XNR_RS29000,22.0,Surugamide-1
XNR_RS29005,22.0,
XNR_RS29010,22.0,Candicidin/Antimycin
XNR_RS29010,22.0,UC-12
XNR_RS29015,22.0,Candicidin/Antimycin
XNR_RS29020,22.0,Candicidin/Antimycin
XNR_RS29025,22.0,Candicidin/Antimycin
XNR_RS29030,22.0,Candicidin/Antimycin
XNR_RS31435,22.0,Candicidin/Antimycin
XNR_RS29040,22.0,Candicidin/Antimycin
XNR_RS29045,22.0,Candicidin/Antimycin
XNR_RS29045,22.0,UC-12
XNR_RS29050,22.0,Candicidin/Antimycin
XNR_RS29055,22.0,Candicidin/Antimycin
XNR_RS29060,22.0,Candicidin/Antimycin
XNR_RS29065,22.0,Candicidin/Antimycin
XNR_RS29070,22.0,Candicidin/Antimycin
XNR_RS29075,22.0,Candicidin/Antimycin
XNR_RS29080,22.0,Candicidin/Antimycin
XNR_RS29085,22.0,Candicidin/Antimycin
XNR_RS31670,22.0,
XNR_RS29095,22.0,
XNR_RS29100,22.0,Candicidin/Antimycin
XNR_RS29100,22.0,BGC-General
XNR_RS29105,22.0,Candicidin/Antimycin
XNR_RS29110,23.0,Candicidin/Antimycin
XNR_RS29110,23.0,BGC-General
XNR_RS29115,23.0,Candicidin/Antimycin
XNR_RS29115,23.0,BGC-General
XNR_RS29120,23.0,Candicidin/Antimycin
XNR_RS29120,23.0,Surugamide-1
XNR_RS29120,23.0,UC-12
XNR_RS29125,23.0,Candicidin/Antimycin
XNR_RS29125,23.0,Surugamide-1
XNR_RS29125,23.0,BGC-General
XNR_RS29130,23.0,Candicidin/Antimycin
XNR_RS29130,23.0,Surugamide-1
XNR_RS29130,23.0,BGC-General
XNR_RS29135,23.0,Candicidin/Antimycin
XNR_RS29135,23.0,Surugamide-1
XNR_RS29135,23.0,BGC-General
XNR_RS29140,23.0,Candicidin/Antimycin
XNR_RS29140,23.0,Surugamide-1
XNR_RS29140,23.0,BGC-General
XNR_RS30540,23.0,Candicidin/Antimycin
XNR_RS30545,23.0,Candicidin/Antimycin
XNR_RS29155,23.0,Candicidin/Antimycin
XNR_RS29160,23.0,Candicidin/Antimycin
XNR_RS29165,23.0,Candicidin/Antimycin
XNR_RS29165,23.0,UC-12
XNR_RS29170,23.0,Candicidin/Antimycin
XNR_RS29175,23.0,Candicidin/Antimycin
XNR_RS29180,23.0,Candicidin/Antimycin
XNR_RS29185,23.0,Candicidin/Antimycin
XNR_RS29190,23.0,Candicidin/Antimycin
XNR_RS29195,23.0,Candicidin/Antimycin
XNR_RS29200,23.0,Candicidin/Antimycin
XNR_RS29205,23.0,Candicidin/Antimycin
XNR_RS29210,23.0,Candicidin/Antimycin
XNR_RS29215,23.0,Candicidin/Antimycin
XNR_RS29220,23.0,BGC-General
XNR_RS29225,23.0,
XNR_RS29230,23.0,
XNR_RS29235,23.0,
XNR_RS29240,23.0,BGC-General
XNR_RS29245,23.0,
XNR_RS29250,23.0,
XNR_RS29255,23.0,
XNR_RS29260,23.0,
XNR_RS30980,23.0,UC-9
XNR_RS29265,23.0,UC-12
XNR_RS29270,23.0,
XNR_RS29275,23.0,UC-10
XNR_RS29275,23.0,UC-12
XNR_RS29280,23.0,
XNR_RS29285,23.0,
XNR_RS29290,23.0,
XNR_RS29295,23.0,UC-12
XNR_RS29300,23.0,
XNR_RS29305,23.0,
XNR_RS29310,23.0,
XNR_RS29315,23.0,Thiopeptide
XNR_RS29315,23.0,Antimycin
XNR_RS29320,23.0,Thiopeptide
XNR_RS29320,23.0,Antimycin
XNR_RS30550,23.0,Antimycin
XNR_RS29330,23.0,Antimycin
XNR_RS31675,23.0,
XNR_RS29340,23.0,
XNR_RS31680,23.0,
XNR_RS29350,23.0,
XNR_RS29355,23.0,
XNR_RS29360,23.0,
XNR_RS29365,23.0,
XNR_RS29370,23.0,Chaplin
XNR_RS29370,23.0,NRPS-1
XNR_RS29375,23.0,
XNR_RS29380,23.0,
XNR_RS29385,23.0,
XNR_RS29390,23.0,
XNR_RS29395,23.0,
XNR_RS29400,23.0,
XNR_RS29405,23.0,
XNR_RS29410,23.0,
XNR_RS29415,23.0,
XNR_RS29420,23.0,
XNR_RS29425,23.0,
XNR_RS29430,23.0,
XNR_RS00405,,Fatty Acid
XNR_RS00410,,Fatty Acid
XNR_RS01395,,Fatty Acid
XNR_RS01465,,Fatty Acid
XNR_RS01470,,Fatty Acid
XNR_RS01475,,Fatty Acid
XNR_RS01480,,Fatty Acid
XNR_RS01545,,Fatty Acid
XNR_RS01545,,UC-8
XNR_RS01670,,Fatty Acid
XNR_RS01955,,Fatty Acid
XNR_RS02235,,Fatty Acid
XNR_RS02245,,Fatty Acid
XNR_RS02245,,Valine
XNR_RS02245,,UC-9
XNR_RS02250,,Fatty Acid
XNR_RS02250,,Valine
XNR_RS02250,,UC-9
XNR_RS02255,,Fatty Acid
XNR_RS02260,,Fatty Acid
XNR_RS02265,,Fatty Acid
XNR_RS02455,,Fatty Acid
XNR_RS03170,,Fatty Acid
XNR_RS03175,,Fatty Acid
XNR_RS03175,,NRPS-1
XNR_RS03775,,Fatty Acid
XNR_RS03780,,Fatty Acid
XNR_RS06520,,Fatty Acid
XNR_RS06525,,Fatty Acid
XNR_RS06670,,Fatty Acid
XNR_RS30710,,Fatty Acid
XNR_RS30710,,Mce3R
XNR_RS30710,,Surugamide-1
XNR_RS06995,,Fatty Acid
XNR_RS06995,,Mce3R
XNR_RS06995,,Surugamide-1
XNR_RS07000,,Fatty Acid
XNR_RS07000,,Mce3R
XNR_RS07000,,Surugamide-1
XNR_RS07015,,Fatty Acid
XNR_RS07125,,Fatty Acid
XNR_RS07130,,Fatty Acid
XNR_RS07135,,Fatty Acid
XNR_RS09675,,Fatty Acid
XNR_RS09855,,Fatty Acid
XNR_RS10270,,Fatty Acid
XNR_RS10465,,Fatty Acid
XNR_RS10465,,UC-9
XNR_RS10470,,Fatty Acid
XNR_RS10470,,UC-9
XNR_RS10475,,Fatty Acid
XNR_RS10475,,UC-9
XNR_RS30785,,Fatty Acid
XNR_RS30785,,DNA Damage
XNR_RS30785,,UC-6
XNR_RS30785,,NDH
XNR_RS12170,,Fatty Acid
XNR_RS12170,,Cytochrome
XNR_RS12170,,NDH
XNR_RS12170,,SAL-2242
XNR_RS12175,,Fatty Acid
XNR_RS12175,,RpoS
XNR_RS12175,,UC-6
XNR_RS12175,,SAL-2242
XNR_RS12345,,Fatty Acid
XNR_RS12345,,UC-9
XNR_RS12350,,Fatty Acid
XNR_RS12350,,UC-9
XNR_RS12875,,Fatty Acid
XNR_RS14190,,Fatty Acid
XNR_RS14190,,Dudomycin/Minimycin
XNR_RS14395,,Fatty Acid
XNR_RS15290,,Fatty Acid
XNR_RS15290,,UC-3
XNR_RS15475,,Fatty Acid
XNR_RS15475,,UC-13
XNR_RS15670,,Fatty Acid
XNR_RS15675,,Fatty Acid
XNR_RS15675,,UC-8
XNR_RS15680,,Fatty Acid
XNR_RS15770,,Fatty Acid
XNR_RS15770,,Candicidin/Antimycin
XNR_RS15770,,Mce3R
XNR_RS17745,,Fatty Acid
XNR_RS17750,,Fatty Acid
XNR_RS17755,,Fatty Acid
XNR_RS17760,,Fatty Acid
XNR_RS18685,,Fatty Acid
XNR_RS18685,,NRPS-1
XNR_RS18685,,UC-9
XNR_RS18910,,Fatty Acid
XNR_RS18915,,Fatty Acid
XNR_RS19905,,Fatty Acid
XNR_RS30880,,Fatty Acid
XNR_RS30880,,UC-1
XNR_RS19915,,Fatty Acid
XNR_RS19915,,UC-14
XNR_RS19920,,Fatty Acid
XNR_RS20460,,Fatty Acid
XNR_RS20835,,Fatty Acid
XNR_RS20835,,Valine
XNR_RS20840,,Fatty Acid
XNR_RS20840,,Valine
XNR_RS20845,,Fatty Acid
XNR_RS20845,,Valine
XNR_RS20855,,Fatty Acid
XNR_RS20860,,Fatty Acid
XNR_RS21675,,Fatty Acid
XNR_RS22035,,Fatty Acid
XNR_RS22035,,Sugar-1
XNR_RS22305,,Fatty Acid
XNR_RS23270,,Fatty Acid
XNR_RS23270,,NDH
XNR_RS23380,,Fatty Acid
XNR_RS23520,,Fatty Acid
XNR_RS23670,,Fatty Acid
XNR_RS23670,,UC-9
XNR_RS23675,,Fatty Acid
XNR_RS23675,,UC-9
XNR_RS24105,,Fatty Acid
XNR_RS24425,,Fatty Acid
XNR_RS24820,,Fatty Acid
XNR_RS25225,,Fatty Acid
XNR_RS25225,,Mce3R
XNR_RS25225,,UC-9
XNR_RS25375,,Fatty Acid
XNR_RS25400,,Fatty Acid
XNR_RS25425,,Fatty Acid
XNR_RS25430,,Fatty Acid
XNR_RS25440,,Fatty Acid
XNR_RS25445,,Fatty Acid
XNR_RS25565,,Fatty Acid
XNR_RS26775,,Fatty Acid
XNR_RS27235,,Fatty Acid
XNR_RS27240,,Fatty Acid
XNR_RS27375,,Fatty Acid
XNR_RS27375,,UC-14
XNR_RS27500,,Fatty Acid
XNR_RS27765,,Fatty Acid
XNR_RS00250,,Nucleoside
XNR_RS00250,,Mce3R
XNR_RS00250,,UC-10
XNR_RS00250,,Galactose
XNR_RS00915,,Nucleoside
XNR_RS00915,,UC-10
XNR_RS00915,,Galactose
XNR_RS02780,,Nucleoside
XNR_RS03110,,Nucleoside
XNR_RS03115,,Nucleoside
XNR_RS03120,,Nucleoside
XNR_RS03125,,Nucleoside
XNR_RS03125,,DNA Damage
XNR_RS03130,,Nucleoside
XNR_RS03225,,Nucleoside
XNR_RS03225,,UC-11
XNR_RS03230,,Nucleoside
XNR_RS03230,,Translation
XNR_RS03235,,Nucleoside
XNR_RS03235,,UC-11
XNR_RS03240,,Nucleoside
XNR_RS03240,,UC-11
XNR_RS03245,,Nucleoside
XNR_RS03245,,UC-11
XNR_RS04395,,Nucleoside
XNR_RS04395,,UC-8
XNR_RS04395,,UC-11
XNR_RS04400,,Nucleoside
XNR_RS04400,,Transketolase
XNR_RS04400,,Dudomycin/Minimycin
XNR_RS04400,,UC-8
XNR_RS04400,,UC-11
XNR_RS04405,,Nucleoside
XNR_RS04405,,UC-8
XNR_RS04405,,UC-9
XNR_RS19765,,Nucleoside
XNR_RS19765,,UC-9
XNR_RS19840,,Nucleoside
XNR_RS19840,,UC-9
XNR_RS19845,,Nucleoside
XNR_RS19845,,UC-9
XNR_RS19850,,Nucleoside
XNR_RS19850,,UC-9
XNR_RS20945,,Nucleoside
XNR_RS20950,,Nucleoside
XNR_RS28480,,Nucleoside
XNR_RS28480,,UC-11
XNR_RS28485,,Nucleoside
XNR_RS28485,,UC-3
XNR_RS28485,,UC-11
XNR_RS01530,,Cytochrome
XNR_RS01530,,Histidine
XNR_RS01530,,NRPS-1
XNR_RS01530,,NDH
XNR_RS04155,,Cytochrome
XNR_RS04155,,Candicidin/Antimycin
XNR_RS04160,,Cytochrome
XNR_RS04160,,Candicidin/Antimycin
XNR_RS04165,,Cytochrome
XNR_RS04175,,Cytochrome
XNR_RS04175,,Candicidin/Antimycin
XNR_RS04180,,Cytochrome
XNR_RS04180,,Candicidin/Antimycin
XNR_RS04185,,Cytochrome
XNR_RS04185,,UC-1
XNR_RS08735,,Cytochrome
XNR_RS14555,,Cytochrome
XNR_RS14555,,UC-9
XNR_RS14560,,Cytochrome
XNR_RS14560,,UC-9
XNR_RS14560,,UC-13
XNR_RS14565,,Cytochrome
XNR_RS14565,,UC-13
XNR_RS14575,,Cytochrome
XNR_RS22755,,Cytochrome
XNR_RS22760,,Cytochrome
XNR_RS22760,,UC-10
XNR_RS01200,,Transketolase
XNR_RS01205,,Transketolase
XNR_RS06350,,Transketolase
XNR_RS08255,,Transketolase
XNR_RS10655,,Transketolase
XNR_RS11985,,Transketolase
XNR_RS13135,,Transketolase
XNR_RS13150,,Transketolase
XNR_RS15280,,Transketolase
XNR_RS20110,,Transketolase
XNR_RS22545,,Transketolase
XNR_RS24845,,Transketolase
XNR_RS24845,,UC-6
XNR_RS24850,,Transketolase
XNR_RS24850,,UC-2
XNR_RS24855,,Transketolase
XNR_RS24855,,UC-2
XNR_RS24855,,Galactose
XNR_RS24860,,Transketolase
XNR_RS24865,,Transketolase
XNR_RS12990,,Cyclofaulknamycin-2
XNR_RS18200,,Cyclofaulknamycin-2
XNR_RS18205,,Cyclofaulknamycin-2
XNR_RS18710,,Cyclofaulknamycin-2
XNR_RS20360,,Cyclofaulknamycin-2
XNR_RS22395,,Cyclofaulknamycin-2
XNR_RS22400,,Cyclofaulknamycin-2
XNR_RS22400,,Cyclofaulknamycin-1
XNR_RS22400,,SAL-2242
XNR_RS22505,,Cyclofaulknamycin-2
XNR_RS24825,,Cyclofaulknamycin-2
XNR_RS06240,,Candicidin/Antimycin
XNR_RS06240,,Stress Response
XNR_RS14130,,Candicidin/Antimycin
XNR_RS14130,,Stress Response
XNR_RS14130,,SAL-2242
XNR_RS14135,,Candicidin/Antimycin
XNR_RS14135,,Stress Response
XNR_RS14135,,SAL-2242
XNR_RS25205,,Candicidin/Antimycin
XNR_RS25205,,UC-11
XNR_RS27480,,Candicidin/Antimycin
XNR_RS27480,,Cyclofaulknamycin-1
XNR_RS27480,,Chaplin
XNR_RS27480,,Sulfur Metabolism
XNR_RS27480,,CysB
XNR_RS27480,,Surugamide-1
XNR_RS27480,,Gas Vesicle
XNR_RS27480,,SAL-2242
XNR_RS00510,,Ammonium
XNR_RS02415,,Ammonium
XNR_RS04765,,Ammonium
XNR_RS04770,,Ammonium
XNR_RS04775,,Ammonium
XNR_RS04780,,Ammonium
XNR_RS31525,,Ammonium
XNR_RS31525,,Surugamide-1
XNR_RS31525,,UC-13
XNR_RS05075,,Ammonium
XNR_RS06065,,Ammonium
XNR_RS06070,,Ammonium
XNR_RS06075,,Ammonium
XNR_RS31595,,Ammonium
XNR_RS23065,,Ammonium
XNR_RS23195,,Ammonium
XNR_RS25860,,Ammonium
XNR_RS27620,,Ammonium
XNR_RS27625,,Ammonium
XNR_RS27625,,UC-1
XNR_RS27630,,Ammonium
XNR_RS27635,,Ammonium
XNR_RS27635,,UC-10
XNR_RS27640,,Ammonium
XNR_RS27645,,Ammonium
XNR_RS27645,,UC-6
XNR_RS04565,,Mce3R
XNR_RS04570,,Mce3R
XNR_RS04575,,Mce3R
XNR_RS04580,,Mce3R
XNR_RS04585,,Mce3R
XNR_RS04585,,UC-14
XNR_RS04590,,Mce3R
XNR_RS04595,,Mce3R
XNR_RS04600,,Mce3R
XNR_RS04605,,Mce3R
XNR_RS04610,,Mce3R
XNR_RS04615,,Mce3R
XNR_RS04620,,Mce3R
XNR_RS04625,,Mce3R
XNR_RS04630,,Mce3R
XNR_RS04635,,Mce3R
XNR_RS04640,,Mce3R
XNR_RS04645,,Mce3R
XNR_RS04650,,Mce3R
XNR_RS00280,,UC-1
XNR_RS02460,,UC-1
XNR_RS03015,,UC-1
XNR_RS03365,,UC-1
XNR_RS03365,,Dudomycin/Minimycin
XNR_RS03365,,UC-9
XNR_RS03365,,SAL-2242
XNR_RS05615,,UC-1
XNR_RS05990,,UC-1
XNR_RS06165,,UC-1
XNR_RS06210,,UC-1
XNR_RS06360,,UC-1
XNR_RS06800,,UC-1
XNR_RS06800,,UC-4
XNR_RS07270,,UC-1
XNR_RS07270,,Translation
XNR_RS07350,,UC-1
XNR_RS08025,,UC-1
XNR_RS08115,,UC-1
XNR_RS29660,,UC-1
XNR_RS30590,,UC-1
XNR_RS09045,,UC-1
XNR_RS09125,,UC-1
XNR_RS09375,,UC-1
XNR_RS10555,,UC-1
XNR_RS10615,,UC-1
XNR_RS29740,,UC-1
XNR_RS10860,,UC-1
XNR_RS10860,,UC-14
XNR_RS11490,,UC-1
XNR_RS11490,,Chaplin
XNR_RS11885,,UC-1
XNR_RS12205,,UC-1
XNR_RS12285,,UC-1
XNR_RS12745,,UC-1
XNR_RS12820,,UC-1
XNR_RS13085,,UC-1
XNR_RS13090,,UC-1
XNR_RS13095,,UC-1
XNR_RS13100,,UC-1
XNR_RS13195,,UC-1
XNR_RS30820,,UC-1
XNR_RS13325,,UC-1
XNR_RS13555,,UC-1
XNR_RS13565,,UC-1
XNR_RS13580,,UC-1
XNR_RS14080,,UC-1
XNR_RS30835,,UC-1
XNR_RS14685,,UC-1
XNR_RS14715,,UC-1
XNR_RS14715,,Chaplin
XNR_RS14730,,UC-1
XNR_RS14750,,UC-1
XNR_RS14750,,Chaplin
XNR_RS14865,,UC-1
XNR_RS31245,,UC-1
XNR_RS15755,,UC-1
XNR_RS16025,,UC-1
XNR_RS16025,,UC-14
XNR_RS16090,,UC-1
XNR_RS16090,,Galactose
XNR_RS16150,,UC-1
XNR_RS16155,,UC-1
XNR_RS16395,,UC-1
XNR_RS16400,,UC-1
XNR_RS16690,,UC-1
XNR_RS16690,,Chaplin
XNR_RS16715,,UC-1
XNR_RS16735,,UC-1
XNR_RS29980,,UC-1
XNR_RS17460,,UC-1
XNR_RS29990,,UC-1
XNR_RS29990,,UC-6
XNR_RS17585,,UC-1
XNR_RS17765,,UC-1
XNR_RS17910,,UC-1
XNR_RS30870,,UC-1
XNR_RS30870,,UC-4
XNR_RS30620,,UC-1
XNR_RS18460,,UC-1
XNR_RS18460,,Chaplin
XNR_RS18725,,UC-1
XNR_RS18740,,UC-1
XNR_RS19220,,UC-1
XNR_RS19340,,UC-1
XNR_RS19340,,Chaplin
XNR_RS30875,,UC-1
XNR_RS19360,,UC-1
XNR_RS19360,,RpoS
XNR_RS30065,,UC-1
XNR_RS31355,,UC-1
XNR_RS31355,,UC-10
XNR_RS20660,,UC-1
XNR_RS30625,,UC-1
XNR_RS21215,,UC-1
XNR_RS22145,,UC-1
XNR_RS22345,,UC-1
XNR_RS22435,,UC-1
XNR_RS31620,,UC-1
XNR_RS31620,,RpoS
XNR_RS22815,,UC-1
XNR_RS23320,,UC-1
XNR_RS23540,,UC-1
XNR_RS30915,,UC-1
XNR_RS30915,,NRPS-1
XNR_RS30915,,UC-4
XNR_RS30915,,SGR PTM
XNR_RS30915,,Gas Vesicle
XNR_RS24070,,UC-1
XNR_RS24070,,UC-4
XNR_RS24070,,Gas Vesicle
XNR_RS24230,,UC-1
XNR_RS24670,,UC-1
XNR_RS24765,,UC-1
XNR_RS24765,,UC-12
XNR_RS24790,,UC-1
XNR_RS24790,,UC-4
XNR_RS25390,,UC-1
XNR_RS25390,,UC-3
XNR_RS25545,,UC-1
XNR_RS25545,,UC-12
XNR_RS25685,,UC-1
XNR_RS26275,,UC-1
XNR_RS26275,,Stress Response
XNR_RS26675,,UC-1
XNR_RS26675,,Chaplin
XNR_RS26885,,UC-1
XNR_RS26960,,UC-1
XNR_RS26960,,UC-14
XNR_RS26990,,UC-1
XNR_RS30940,,UC-1
XNR_RS30940,,UC-13
XNR_RS07685,,Surugamide-2
XNR_RS07690,,Surugamide-2
XNR_RS24770,,Surugamide-2
XNR_RS24770,,Gas Vesicle
XNR_RS24770,,Galactose
XNR_RS24770,,UC-13
XNR_RS24775,,Surugamide-2
XNR_RS24775,,SGR PTM
XNR_RS24775,,Gas Vesicle
XNR_RS24775,,Galactose
XNR_RS27460,,Surugamide-2
XNR_RS27460,,NRPS-1
XNR_RS27460,,BGC-General
XNR_RS27460,,UC-10
XNR_RS27460,,Galactose
XNR_RS24405,,Glucose
XNR_RS24405,,NRPS-1
XNR_RS24415,,Glucose
XNR_RS03370,,SigK
XNR_RS03385,,SigK
XNR_RS03390,,SigK
XNR_RS03400,,SigK
XNR_RS09590,,SigK
XNR_RS12885,,SigK
XNR_RS12890,,SigK
XNR_RS12890,,UC-12
XNR_RS12895,,SigK
XNR_RS12900,,SigK
XNR_RS12905,,SigK
XNR_RS12910,,SigK
XNR_RS12915,,SigK
XNR_RS25800,,SigK
XNR_RS25800,,Chaplin
XNR_RS25805,,SigK
XNR_RS25810,,SigK
XNR_RS25815,,SigK
XNR_RS02975,,Paulomycin
XNR_RS02980,,Paulomycin
XNR_RS02990,,Paulomycin
XNR_RS02995,,Paulomycin
XNR_RS02995,,BGC-General
XNR_RS03000,,Paulomycin
XNR_RS03005,,Paulomycin
XNR_RS03010,,Paulomycin
XNR_RS03010,,BGC-General
XNR_RS02985,,Translation
XNR_RS03045,,Translation
XNR_RS03045,,Sucrose
XNR_RS03075,,Translation
XNR_RS03075,,Sucrose
XNR_RS31510,,Translation
XNR_RS30675,,Translation
XNR_RS04365,,Translation
XNR_RS04365,,Histidine
XNR_RS04365,,Surugamide-1
XNR_RS04365,,Valine
XNR_RS04365,,Stress Response
XNR_RS04365,,NDH
XNR_RS05610,,Translation
XNR_RS05955,,Translation
XNR_RS05960,,Translation
XNR_RS06020,,Translation
XNR_RS06035,,Translation
XNR_RS06130,,Translation
XNR_RS07245,,Translation
XNR_RS07250,,Translation
XNR_RS07255,,Translation
XNR_RS10250,,Translation
XNR_RS12390,,Translation
XNR_RS12390,,UC-6
XNR_RS14765,,Translation
XNR_RS14770,,Translation
XNR_RS14770,,UC-6
XNR_RS14775,,Translation
XNR_RS14780,,Translation
XNR_RS16595,,Translation
XNR_RS18360,,Translation
XNR_RS18365,,Translation
XNR_RS18375,,Translation
XNR_RS18380,,Translation
XNR_RS18390,,Translation
XNR_RS18425,,Translation
XNR_RS18430,,Translation
XNR_RS18435,,Translation
XNR_RS18440,,Translation
XNR_RS18470,,Translation
XNR_RS18475,,Translation
XNR_RS18480,,Translation
XNR_RS18485,,Translation
XNR_RS18490,,Translation
XNR_RS18495,,Translation
XNR_RS18500,,Translation
XNR_RS18505,,Translation
XNR_RS18510,,Translation
XNR_RS18510,,UC-6
XNR_RS18515,,Translation
XNR_RS18520,,Translation
XNR_RS18520,,UC-6
XNR_RS18525,,Translation
XNR_RS18530,,Translation
XNR_RS18535,,Translation
XNR_RS18540,,Translation
XNR_RS18545,,Translation
XNR_RS18545,,UC-6
XNR_RS18550,,Translation
XNR_RS18555,,Translation
XNR_RS18560,,Translation
XNR_RS18565,,Translation
XNR_RS18570,,Translation
XNR_RS18590,,Translation
XNR_RS18590,,UC-6
XNR_RS18600,,Translation
XNR_RS18600,,UC-6
XNR_RS18605,,Translation
XNR_RS18605,,UC-6
XNR_RS18610,,Translation
XNR_RS18615,,Translation
XNR_RS18630,,Translation
XNR_RS18635,,Translation
XNR_RS21515,,Translation
XNR_RS21515,,UC-6
XNR_RS23920,,Translation
XNR_RS24050,,Translation
XNR_RS25300,,Translation
XNR_RS25920,,Translation
XNR_RS25925,,Translation
XNR_RS25930,,Translation
XNR_RS26510,,Translation
XNR_RS26570,,Translation
XNR_RS26575,,Translation
XNR_RS08935,,Phenylacetate
XNR_RS08935,,Surugamide-1
XNR_RS08935,,UC-8
XNR_RS10700,,Phenylacetate
XNR_RS10705,,Phenylacetate
XNR_RS10710,,Phenylacetate
XNR_RS10715,,Phenylacetate
XNR_RS10720,,Phenylacetate
XNR_RS10725,,Phenylacetate
XNR_RS10730,,Phenylacetate
XNR_RS10735,,Phenylacetate
XNR_RS10740,,Phenylacetate
XNR_RS10745,,Phenylacetate
XNR_RS10750,,Phenylacetate
XNR_RS15145,,Phenylacetate
XNR_RS15150,,Phenylacetate
XNR_RS15155,,Phenylacetate
XNR_RS00540,,UC-2
XNR_RS01235,,UC-2
XNR_RS01235,,Chaplin
XNR_RS01240,,UC-2
XNR_RS01240,,Chaplin
XNR_RS01240,,NRPS-1
XNR_RS01385,,UC-2
XNR_RS01495,,UC-2
XNR_RS30720,,UC-2
XNR_RS30720,,UC-12
XNR_RS02520,,UC-2
XNR_RS03100,,UC-2
XNR_RS03100,,DNA Damage
XNR_RS03305,,UC-2
XNR_RS03325,,UC-2
XNR_RS04425,,UC-2
XNR_RS05175,,UC-2
XNR_RS05175,,Chaplin
XNR_RS31530,,UC-2
XNR_RS06050,,UC-2
XNR_RS07075,,UC-2
XNR_RS07345,,UC-2
XNR_RS07620,,UC-2
XNR_RS07620,,NDH
XNR_RS07665,,UC-2
XNR_RS08505,,UC-2
XNR_RS08505,,UC-14
XNR_RS08525,,UC-2
XNR_RS09480,,UC-2
XNR_RS09925,,UC-2
XNR_RS09990,,UC-2
XNR_RS10575,,UC-2
XNR_RS10575,,UC-4
XNR_RS10830,,UC-2
XNR_RS10845,,UC-2
XNR_RS12210,,UC-2
XNR_RS12730,,UC-2
XNR_RS12730,,DNA Damage
XNR_RS13105,,UC-2
XNR_RS13105,,Dudomycin/Minimycin
XNR_RS13185,,UC-2
XNR_RS13805,,UC-2
XNR_RS13805,,Galactose
XNR_RS14360,,UC-2
XNR_RS14360,,UC-8
XNR_RS14370,,UC-2
XNR_RS14370,,DNA Damage
XNR_RS15260,,UC-2
XNR_RS16030,,UC-2
XNR_RS16030,,UC-6
XNR_RS30850,,UC-2
XNR_RS31320,,UC-2
XNR_RS31320,,UC-12
XNR_RS17850,,UC-2
XNR_RS18195,,UC-2
XNR_RS18705,,UC-2
XNR_RS18735,,UC-2
XNR_RS19810,,UC-2
XNR_RS19940,,UC-2
XNR_RS21035,,UC-2
XNR_RS21035,,UC-14
XNR_RS21065,,UC-2
XNR_RS21205,,UC-2
XNR_RS22300,,UC-2
XNR_RS22670,,UC-2
XNR_RS22675,,UC-2
XNR_RS22715,,UC-2
XNR_RS22735,,UC-2
XNR_RS23080,,UC-2
XNR_RS23625,,UC-2
XNR_RS23630,,UC-2
XNR_RS24100,,UC-2
XNR_RS24100,,UC-9
XNR_RS24910,,UC-2
XNR_RS24980,,UC-2
XNR_RS25235,,UC-2
XNR_RS25235,,UC-7
XNR_RS25310,,UC-2
XNR_RS25310,,UC-3
XNR_RS30935,,UC-2
XNR_RS26790,,UC-2
XNR_RS27140,,UC-2
XNR_RS27485,,UC-2
XNR_RS27485,,CysB
XNR_RS27520,,UC-2
XNR_RS27520,,UC-10
XNR_RS31650,,UC-2
XNR_RS31650,,BGC-General
XNR_RS31650,,UC-14
XNR_RS00585,,Histidine
XNR_RS00590,,Histidine
XNR_RS00595,,Histidine
XNR_RS00600,,Histidine
XNR_RS00605,,Histidine
XNR_RS00610,,Histidine
XNR_RS04135,,Histidine
XNR_RS04135,,Surugamide-1
XNR_RS04135,,BGC-General
XNR_RS04135,,Valine
XNR_RS04135,,UC-9
XNR_RS04135,,Antimycin
XNR_RS09760,,Histidine
XNR_RS09765,,Histidine
XNR_RS09770,,Histidine
XNR_RS12985,,Histidine
XNR_RS14465,,Histidine
XNR_RS14465,,Surugamide-1
XNR_RS14465,,UC-11
XNR_RS19945,,Histidine
XNR_RS22920,,Histidine
XNR_RS22920,,CysB
XNR_RS22920,,UC-8
XNR_RS22920,,Stress Response
XNR_RS00895,,Chaplin
XNR_RS01230,,Chaplin
XNR_RS01245,,Chaplin
XNR_RS01245,,NRPS-1
XNR_RS01250,,Chaplin
XNR_RS01250,,NRPS-1
XNR_RS01380,,Chaplin
XNR_RS02400,,Chaplin
XNR_RS02400,,NRPS-1
XNR_RS02400,,UC-6
XNR_RS02400,,Gas Vesicle
XNR_RS03275,,Chaplin
XNR_RS04060,,Chaplin
XNR_RS04545,,Chaplin
XNR_RS04550,,Chaplin
XNR_RS05135,,Chaplin
XNR_RS05140,,Chaplin
XNR_RS05900,,Chaplin
XNR_RS05900,,Gas Vesicle
XNR_RS07175,,Chaplin
XNR_RS07705,,Chaplin
XNR_RS07710,,Chaplin
XNR_RS07710,,SGR PTM
XNR_RS07710,,UC-10
XNR_RS07715,,Chaplin
XNR_RS08075,,Chaplin
XNR_RS08080,,Chaplin
XNR_RS08085,,Chaplin
XNR_RS08090,,Chaplin
XNR_RS08290,,Chaplin
XNR_RS08290,,SGR PTM
XNR_RS09280,,Chaplin
XNR_RS10670,,Chaplin
XNR_RS10680,,Chaplin
XNR_RS10680,,NRPS-1
XNR_RS10680,,UC-6
XNR_RS31560,,Chaplin
XNR_RS31560,,UC-14
XNR_RS10685,,Chaplin
XNR_RS10690,,Chaplin
XNR_RS10690,,NRPS-1
XNR_RS10755,,Chaplin
XNR_RS10755,,NRPS-1
XNR_RS10755,,SGR PTM
XNR_RS10755,,Gas Vesicle
XNR_RS10760,,Chaplin
XNR_RS10760,,NRPS-1
XNR_RS10760,,Gas Vesicle
XNR_RS11210,,Chaplin
XNR_RS12165,,Chaplin
XNR_RS12670,,Chaplin
XNR_RS12675,,Chaplin
XNR_RS12690,,Chaplin
XNR_RS13925,,Chaplin
XNR_RS14385,,Chaplin
XNR_RS14385,,UC-14
XNR_RS14410,,Chaplin
XNR_RS14410,,NRPS-1
XNR_RS14705,,Chaplin
XNR_RS14710,,Chaplin
XNR_RS14735,,Chaplin
XNR_RS14735,,NRPS-1
XNR_RS31240,,Chaplin
XNR_RS14740,,Chaplin
XNR_RS14745,,Chaplin
XNR_RS15940,,Chaplin
XNR_RS16035,,Chaplin
XNR_RS16040,,Chaplin
XNR_RS16210,,Chaplin
XNR_RS17335,,Chaplin
XNR_RS17340,,Chaplin
XNR_RS17480,,Chaplin
XNR_RS17485,,Chaplin
XNR_RS18850,,Chaplin
XNR_RS19060,,Chaplin
XNR_RS20605,,Chaplin
XNR_RS30630,,Chaplin
XNR_RS30630,,UC-6
XNR_RS30630,,UC-11
XNR_RS22695,,Chaplin
XNR_RS23225,,Chaplin
XNR_RS24090,,Chaplin
XNR_RS24090,,NRPS-1
XNR_RS24090,,SGR PTM
XNR_RS24095,,Chaplin
XNR_RS24095,,NRPS-1
XNR_RS24095,,SGR PTM
XNR_RS24110,,Chaplin
XNR_RS24110,,SGR PTM
XNR_RS24590,,Chaplin
XNR_RS24590,,SGR PTM
XNR_RS24870,,Chaplin
XNR_RS24870,,NRPS-1
XNR_RS24870,,UC-6
XNR_RS25090,,Chaplin
XNR_RS25095,,Chaplin
XNR_RS25535,,Chaplin
XNR_RS25535,,NRPS-1
XNR_RS31640,,Chaplin
XNR_RS31640,,NRPS-1
XNR_RS31640,,UC-14
XNR_RS31645,,Chaplin
XNR_RS31645,,NRPS-1
XNR_RS25770,,Chaplin
XNR_RS25775,,Chaplin
XNR_RS25780,,Chaplin
XNR_RS25785,,Chaplin
XNR_RS25785,,NRPS-1
XNR_RS25790,,Chaplin
XNR_RS25960,,Chaplin
XNR_RS27775,,Chaplin
XNR_RS28055,,Chaplin
XNR_RS28355,,Chaplin
XNR_RS01125,,Sugar-1
XNR_RS03810,,Sugar-1
XNR_RS03810,,Xylose
XNR_RS03815,,Sugar-1
XNR_RS03820,,Sugar-1
XNR_RS03820,,Xylose
XNR_RS03825,,Sugar-1
XNR_RS03905,,Sugar-1
XNR_RS03905,,Cellobiose
XNR_RS03905,,Xylose
XNR_RS08615,,Sugar-1
XNR_RS08615,,UC-10
XNR_RS08615,,NDH
XNR_RS08615,,UC-13
XNR_RS19240,,Sugar-1
XNR_RS19245,,Sugar-1
XNR_RS19250,,Sugar-1
XNR_RS21345,,Sugar-1
XNR_RS21345,,UC-6
XNR_RS22080,,Sugar-1
XNR_RS22120,,Sugar-1
XNR_RS22125,,Sugar-1
XNR_RS22125,,UC-12
XNR_RS23000,,Sugar-1
XNR_RS23005,,Sugar-1
XNR_RS23010,,Sugar-1
XNR_RS23015,,Sugar-1
XNR_RS23020,,Sugar-1
XNR_RS23025,,Sugar-1
XNR_RS23030,,Sugar-1
XNR_RS24635,,Sugar-1
XNR_RS24640,,Sugar-1
XNR_RS25500,,Sugar-1
XNR_RS25505,,Sugar-1
XNR_RS25505,,Cellobiose
XNR_RS25505,,BGC-General
XNR_RS25505,,Glycerol
XNR_RS25505,,Xylose
XNR_RS26780,,Sugar-1
XNR_RS26780,,Cellobiose
XNR_RS26780,,Xylose
XNR_RS10400,,Dudomycin/Minimycin
XNR_RS12260,,Dudomycin/Minimycin
XNR_RS12260,,hrt Complex
XNR_RS12265,,Dudomycin/Minimycin
XNR_RS12265,,hrt Complex
XNR_RS12475,,Dudomycin/Minimycin
XNR_RS12480,,Dudomycin/Minimycin
XNR_RS12485,,Dudomycin/Minimycin
XNR_RS12490,,Dudomycin/Minimycin
XNR_RS12495,,Dudomycin/Minimycin
XNR_RS12500,,Dudomycin/Minimycin
XNR_RS12505,,Dudomycin/Minimycin
XNR_RS30800,,Dudomycin/Minimycin
XNR_RS12515,,Dudomycin/Minimycin
XNR_RS12520,,Dudomycin/Minimycin
XNR_RS12525,,Dudomycin/Minimycin
XNR_RS13005,,Dudomycin/Minimycin
XNR_RS13005,,Iron Acquisition
XNR_RS13005,,UC-8
XNR_RS13005,,Galactose
XNR_RS13005,,UC-11
XNR_RS13005,,UC-13
XNR_RS13005,,SAL-2242
XNR_RS13110,,Dudomycin/Minimycin
XNR_RS31210,,Dudomycin/Minimycin
XNR_RS31210,,SAL-2242
XNR_RS31210,,UC-14
XNR_RS21950,,Dudomycin/Minimycin
XNR_RS21955,,Dudomycin/Minimycin
XNR_RS21960,,Dudomycin/Minimycin
XNR_RS21965,,Dudomycin/Minimycin
XNR_RS21970,,Dudomycin/Minimycin
XNR_RS21975,,Dudomycin/Minimycin
XNR_RS21980,,Dudomycin/Minimycin
XNR_RS21985,,Dudomycin/Minimycin
XNR_RS21990,,Dudomycin/Minimycin
XNR_RS21995,,Dudomycin/Minimycin
XNR_RS22000,,Dudomycin/Minimycin
XNR_RS22005,,Dudomycin/Minimycin
XNR_RS22010,,Dudomycin/Minimycin
XNR_RS22195,,Dudomycin/Minimycin
XNR_RS22195,,UC-3
XNR_RS22195,,Surugamide-1
XNR_RS22780,,Dudomycin/Minimycin
XNR_RS22780,,UC-6
XNR_RS22780,,UC-11
XNR_RS27435,,Dudomycin/Minimycin
XNR_RS01120,,RpoS
XNR_RS01120,,UC-4
XNR_RS01855,,RpoS
XNR_RS01860,,RpoS
XNR_RS02020,,RpoS
XNR_RS02025,,RpoS
XNR_RS02100,,RpoS
XNR_RS04290,,RpoS
XNR_RS04295,,RpoS
XNR_RS05490,,RpoS
XNR_RS08560,,RpoS
XNR_RS08805,,RpoS
XNR_RS10420,,RpoS
XNR_RS11655,,RpoS
XNR_RS11750,,RpoS
XNR_RS12050,,RpoS
XNR_RS12220,,RpoS
XNR_RS12220,,UC-6
XNR_RS12400,,RpoS
XNR_RS12405,,RpoS
XNR_RS12840,,RpoS
XNR_RS12855,,RpoS
XNR_RS13045,,RpoS
XNR_RS13065,,RpoS
XNR_RS13830,,RpoS
XNR_RS13975,,RpoS
XNR_RS15015,,RpoS
XNR_RS15265,,RpoS
XNR_RS15265,,UC-6
XNR_RS16820,,RpoS
XNR_RS16970,,RpoS
XNR_RS19350,,RpoS
XNR_RS19365,,RpoS
XNR_RS20050,,RpoS
XNR_RS20055,,RpoS
XNR_RS20435,,RpoS
XNR_RS22270,,RpoS
XNR_RS27315,,RpoS
XNR_RS00315,,UC-3
XNR_RS01820,,UC-3
XNR_RS03290,,UC-3
XNR_RS30740,,UC-3
XNR_RS05325,,UC-3
XNR_RS06855,,UC-3
XNR_RS07370,,UC-3
XNR_RS07570,,UC-3
XNR_RS07575,,UC-3
XNR_RS07735,,UC-3
XNR_RS08120,,UC-3
XNR_RS09850,,UC-3
XNR_RS30600,,UC-3
XNR_RS30600,,UC-9
XNR_RS11205,,UC-3
XNR_RS11205,,UC-4
XNR_RS12305,,UC-3
XNR_RS13290,,UC-3
XNR_RS31225,,UC-3
XNR_RS31225,,UC-6
XNR_RS13735,,UC-3
XNR_RS13740,,UC-3
XNR_RS13740,,UC-11
XNR_RS13740,,UC-12
XNR_RS14250,,UC-3
XNR_RS14430,,UC-3
XNR_RS14455,,UC-3
XNR_RS14635,,UC-3
XNR_RS17360,,UC-3
XNR_RS17360,,UC-4
XNR_RS19020,,UC-3
XNR_RS19110,,UC-3
XNR_RS22870,,UC-3
XNR_RS23885,,UC-3
XNR_RS25575,,UC-3
XNR_RS26345,,UC-3
XNR_RS26345,,UC-6
XNR_RS26345,,Gas Vesicle
XNR_RS26370,,UC-3
XNR_RS27120,,UC-3
XNR_RS27295,,UC-3
XNR_RS27300,,UC-3
XNR_RS27665,,UC-3
XNR_RS27665,,NRPS-1
XNR_RS27665,,UC-4
XNR_RS27670,,UC-3
XNR_RS27670,,UC-4
XNR_RS28560,,UC-3
XNR_RS15950,,Arsenate
XNR_RS15955,,Arsenate
XNR_RS15960,,Arsenate
XNR_RS15965,,Arsenate
XNR_RS15965,,UC-8
XNR_RS06475,,Phospholipid
XNR_RS06475,,UC-10
XNR_RS06480,,Phospholipid
XNR_RS06485,,Phospholipid
XNR_RS07395,,Phospholipid
XNR_RS07395,,UC-10
XNR_RS19055,,Phospholipid
XNR_RS04390,,Cellobiose
XNR_RS09785,,Cellobiose
XNR_RS09790,,Cellobiose
XNR_RS09795,,Cellobiose
XNR_RS09795,,UC-14
XNR_RS09800,,Cellobiose
XNR_RS11010,,Cellobiose
XNR_RS11960,,Cellobiose
XNR_RS20640,,Cellobiose
XNR_RS20645,,Cellobiose
XNR_RS20650,,Cellobiose
XNR_RS20655,,Cellobiose
XNR_RS27805,,Cellobiose
XNR_RS27805,,Sugar-2
XNR_RS27810,,Cellobiose
XNR_RS27810,,DNA Damage
XNR_RS27810,,Sugar-2
XNR_RS27815,,Cellobiose
XNR_RS27815,,Sugar-2
XNR_RS27820,,Cellobiose
XNR_RS27820,,DNA Damage
XNR_RS27820,,Sugar-2
XNR_RS00660,,Iron Acquisition
XNR_RS02215,,Iron Acquisition
XNR_RS02220,,Iron Acquisition
XNR_RS02225,,Iron Acquisition
XNR_RS02230,,Iron Acquisition
XNR_RS02570,,Iron Acquisition
XNR_RS02575,,Iron Acquisition
XNR_RS02580,,Iron Acquisition
XNR_RS02585,,Iron Acquisition
XNR_RS02590,,Iron Acquisition
XNR_RS02595,,Iron Acquisition
XNR_RS03270,,Iron Acquisition
XNR_RS04200,,Iron Acquisition
XNR_RS04205,,Iron Acquisition
XNR_RS04210,,Iron Acquisition
XNR_RS04215,,Iron Acquisition
XNR_RS11055,,Iron Acquisition
XNR_RS11055,,UC-14
XNR_RS11060,,Iron Acquisition
XNR_RS11065,,Iron Acquisition
XNR_RS13010,,Iron Acquisition
XNR_RS13010,,UC-8
XNR_RS13010,,Galactose
XNR_RS13010,,SAL-2242
XNR_RS31265,,Iron Acquisition
XNR_RS15660,,Iron Acquisition
XNR_RS20405,,Iron Acquisition
XNR_RS20410,,Iron Acquisition
XNR_RS20415,,Iron Acquisition
XNR_RS21790,,Iron Acquisition
XNR_RS22840,,Iron Acquisition
XNR_RS22845,,Iron Acquisition
XNR_RS22850,,Iron Acquisition
XNR_RS22855,,Iron Acquisition
XNR_RS22860,,Iron Acquisition
XNR_RS23595,,Iron Acquisition
XNR_RS23595,,UC-10
XNR_RS23595,,UC-14
XNR_RS25820,,Iron Acquisition
XNR_RS00440,,Sulfur Metabolism
XNR_RS01090,,Sulfur Metabolism
XNR_RS03500,,Sulfur Metabolism
XNR_RS03505,,Sulfur Metabolism
XNR_RS03510,,Sulfur Metabolism
XNR_RS03515,,Sulfur Metabolism
XNR_RS03520,,Sulfur Metabolism
XNR_RS03525,,Sulfur Metabolism
XNR_RS03530,,Sulfur Metabolism
XNR_RS03535,,Sulfur Metabolism
XNR_RS03540,,Sulfur Metabolism
XNR_RS03545,,Sulfur Metabolism
XNR_RS03550,,Sulfur Metabolism
XNR_RS08850,,Sulfur Metabolism
XNR_RS08855,,Sulfur Metabolism
XNR_RS16510,,Sulfur Metabolism
XNR_RS16515,,Sulfur Metabolism
XNR_RS31590,,Sulfur Metabolism
XNR_RS17705,,Sulfur Metabolism
XNR_RS23445,,Sulfur Metabolism
XNR_RS03220,,NRPS-1
XNR_RS03220,,SGR PTM
XNR_RS06215,,NRPS-1
XNR_RS06590,,NRPS-1
XNR_RS06590,,UC-8
XNR_RS06590,,UC-11
XNR_RS07040,,NRPS-1
XNR_RS07040,,Gas Vesicle
XNR_RS09830,,NRPS-1
XNR_RS10440,,NRPS-1
XNR_RS10440,,UC-4
XNR_RS10440,,UC-14
XNR_RS10695,,NRPS-1
XNR_RS10695,,Gas Vesicle
XNR_RS30810,,NRPS-1
XNR_RS16780,,NRPS-1
XNR_RS16780,,Gas Vesicle
XNR_RS20160,,NRPS-1
XNR_RS21915,,NRPS-1
XNR_RS21915,,UC-6
XNR_RS21915,,Gas Vesicle
XNR_RS21915,,UC-10
XNR_RS22720,,NRPS-1
XNR_RS22720,,UC-8
XNR_RS22720,,NDH
XNR_RS22725,,NRPS-1
XNR_RS22725,,UC-8
XNR_RS22725,,NDH
XNR_RS22725,,UC-13
XNR_RS22730,,NRPS-1
XNR_RS22730,,UC-8
XNR_RS22730,,UC-13
XNR_RS22820,,NRPS-1
XNR_RS27290,,NRPS-1
XNR_RS27290,,Gas Vesicle
XNR_RS27605,,NRPS-1
XNR_RS27605,,Gas Vesicle
XNR_RS02105,,Leucine
XNR_RS06225,,Leucine
XNR_RS06230,,Leucine
XNR_RS06235,,Leucine
XNR_RS06470,,Leucine
XNR_RS31535,,Leucine
XNR_RS06535,,Leucine
XNR_RS06540,,Leucine
XNR_RS06545,,Leucine
XNR_RS21350,,Leucine
XNR_RS21840,,Leucine
XNR_RS21840,,UC-6
XNR_RS00555,,UC-4
XNR_RS00560,,UC-4
XNR_RS00625,,UC-4
XNR_RS01595,,UC-4
XNR_RS01595,,Gas Vesicle
XNR_RS01640,,UC-4
XNR_RS01645,,UC-4
XNR_RS03355,,UC-4
XNR_RS03360,,UC-4
XNR_RS04100,,UC-4
XNR_RS04100,,Gas Vesicle
XNR_RS04100,,UC-10
XNR_RS04320,,UC-4
XNR_RS04320,,UC-6
XNR_RS04360,,UC-4
XNR_RS04360,,Valine
XNR_RS04470,,UC-4
XNR_RS04530,,UC-4
XNR_RS04530,,DNA Damage
XNR_RS04535,,UC-4
XNR_RS04535,,DNA Damage
XNR_RS04535,,UC-14
XNR_RS07020,,UC-4
XNR_RS07400,,UC-4
XNR_RS07405,,UC-4
XNR_RS07410,,UC-4
XNR_RS07410,,Gas Vesicle
XNR_RS07750,,UC-4
XNR_RS08780,,UC-4
XNR_RS31545,,UC-4
XNR_RS09255,,UC-4
XNR_RS09295,,UC-4
XNR_RS10240,,UC-4
XNR_RS10455,,UC-4
XNR_RS10460,,UC-4
XNR_RS10460,,UC-6
XNR_RS11085,,UC-4
XNR_RS11085,,UC-14
XNR_RS11755,,UC-4
XNR_RS12125,,UC-4
XNR_RS12130,,UC-4
XNR_RS12135,,UC-4
XNR_RS12150,,UC-4
XNR_RS12150,,UC-14
XNR_RS12160,,UC-4
XNR_RS13030,,UC-4
XNR_RS13985,,UC-4
XNR_RS14315,,UC-4
XNR_RS14445,,UC-4
XNR_RS14785,,UC-4
XNR_RS15390,,UC-4
XNR_RS15405,,UC-4
XNR_RS15405,,Galactose
XNR_RS15710,,UC-4
XNR_RS15710,,UC-6
XNR_RS15710,,Gas Vesicle
XNR_RS16320,,UC-4
XNR_RS17280,,UC-4
XNR_RS18845,,UC-4
XNR_RS19015,,UC-4
XNR_RS19040,,UC-4
XNR_RS19155,,UC-4
XNR_RS19215,,UC-4
XNR_RS19405,,UC-4
XNR_RS19405,,Gas Vesicle
XNR_RS20675,,UC-4
XNR_RS20675,,UC-14
XNR_RS20885,,UC-4
XNR_RS21095,,UC-4
XNR_RS21100,,UC-4
XNR_RS22200,,UC-4
XNR_RS22225,,UC-4
XNR_RS22230,,UC-4
XNR_RS22250,,UC-4
XNR_RS22255,,UC-4
XNR_RS22260,,UC-4
XNR_RS22260,,UC-12
XNR_RS22265,,UC-4
XNR_RS23145,,UC-4
XNR_RS23480,,UC-4
XNR_RS24685,,UC-4
XNR_RS24690,,UC-4
XNR_RS24695,,UC-4
XNR_RS24700,,UC-4
XNR_RS24705,,UC-4
XNR_RS25230,,UC-4
XNR_RS25230,,UC-13
XNR_RS25450,,UC-4
XNR_RS25910,,UC-4
XNR_RS26910,,UC-4
XNR_RS26910,,Gas Vesicle
XNR_RS26915,,UC-4
XNR_RS26915,,UC-6
XNR_RS26915,,Gas Vesicle
XNR_RS27305,,UC-4
XNR_RS27770,,UC-4
XNR_RS30950,,UC-4
XNR_RS30950,,UC-6
XNR_RS28550,,UC-4
XNR_RS28555,,UC-4
XNR_RS00530,,DNA Damage
XNR_RS02195,,DNA Damage
XNR_RS02290,,DNA Damage
XNR_RS02375,,DNA Damage
XNR_RS03105,,DNA Damage
XNR_RS03595,,DNA Damage
XNR_RS04525,,DNA Damage
XNR_RS04725,,DNA Damage
XNR_RS05400,,DNA Damage
XNR_RS05405,,DNA Damage
XNR_RS05455,,DNA Damage
XNR_RS06495,,DNA Damage
XNR_RS06500,,DNA Damage
XNR_RS06500,,UC-7
XNR_RS06500,,UC-11
XNR_RS06625,,DNA Damage
XNR_RS07055,,DNA Damage
XNR_RS07060,,DNA Damage
XNR_RS07695,,DNA Damage
XNR_RS08500,,DNA Damage
XNR_RS08510,,DNA Damage
XNR_RS08515,,DNA Damage
XNR_RS09360,,DNA Damage
XNR_RS10520,,DNA Damage
XNR_RS10525,,DNA Damage
XNR_RS10530,,DNA Damage
XNR_RS10535,,DNA Damage
XNR_RS11080,,DNA Damage
XNR_RS11815,,DNA Damage
XNR_RS12620,,DNA Damage
XNR_RS13840,,DNA Damage
XNR_RS14365,,DNA Damage
XNR_RS31580,,DNA Damage
XNR_RS31580,,UC-10
XNR_RS15340,,DNA Damage
XNR_RS15970,,DNA Damage
XNR_RS16050,,DNA Damage
XNR_RS16060,,DNA Damage
XNR_RS16885,,DNA Damage
XNR_RS17325,,DNA Damage
XNR_RS30860,,DNA Damage
XNR_RS30860,,UC-6
XNR_RS30860,,NDH
XNR_RS19120,,DNA Damage
XNR_RS19125,,DNA Damage
XNR_RS19130,,DNA Damage
XNR_RS19135,,DNA Damage
XNR_RS19140,,DNA Damage
XNR_RS30350,,DNA Damage
XNR_RS20095,,DNA Damage
XNR_RS20095,,UC-10
XNR_RS30890,,DNA Damage
XNR_RS22205,,DNA Damage
XNR_RS22575,,DNA Damage
XNR_RS23085,,DNA Damage
XNR_RS24280,,DNA Damage
XNR_RS24295,,DNA Damage
XNR_RS25215,,DNA Damage
XNR_RS27095,,DNA Damage
XNR_RS27250,,DNA Damage
XNR_RS27255,,DNA Damage
XNR_RS27440,,DNA Damage
XNR_RS00800,,CysB
XNR_RS00805,,CysB
XNR_RS00810,,CysB
XNR_RS00815,,CysB
XNR_RS01170,,CysB
XNR_RS01175,,CysB
XNR_RS01180,,CysB
XNR_RS04270,,CysB
XNR_RS04270,,UC-7
XNR_RS04275,,CysB
XNR_RS04280,,CysB
XNR_RS04285,,CysB
XNR_RS05385,,CysB
XNR_RS05395,,CysB
XNR_RS06355,,CysB
XNR_RS09525,,CysB
XNR_RS23060,,CysB
XNR_RS25150,,CysB
XNR_RS25155,,CysB
XNR_RS25160,,CysB
XNR_RS25165,,CysB
XNR_RS25170,,CysB
XNR_RS25170,,UC-14
XNR_RS25175,,CysB
XNR_RS25180,,CysB
XNR_RS25185,,CysB
XNR_RS25190,,CysB
XNR_RS25605,,CysB
XNR_RS27700,,CysB
XNR_RS28330,,CysB
XNR_RS00390,,Surugamide-1
XNR_RS00390,,Glycerol
XNR_RS01980,,Surugamide-1
XNR_RS03830,,Surugamide-1
XNR_RS03835,,Surugamide-1
XNR_RS03840,,Surugamide-1
XNR_RS04415,,Surugamide-1
XNR_RS05350,,Surugamide-1
XNR_RS05355,,Surugamide-1
XNR_RS05625,,Surugamide-1
XNR_RS05630,,Surugamide-1
XNR_RS05635,,Surugamide-1
XNR_RS05640,,Surugamide-1
XNR_RS05645,,Surugamide-1
XNR_RS05875,,Surugamide-1
XNR_RS06685,,Surugamide-1
XNR_RS06690,,Surugamide-1
XNR_RS06695,,Surugamide-1
XNR_RS06700,,Surugamide-1
XNR_RS06700,,UC-13
XNR_RS06705,,Surugamide-1
XNR_RS06705,,UC-13
XNR_RS06900,,Surugamide-1
XNR_RS06900,,UC-11
XNR_RS06955,,Surugamide-1
XNR_RS07640,,Surugamide-1
XNR_RS07645,,Surugamide-1
XNR_RS07650,,Surugamide-1
XNR_RS08420,,Surugamide-1
XNR_RS08425,,Surugamide-1
XNR_RS08430,,Surugamide-1
XNR_RS08435,,Surugamide-1
XNR_RS08440,,Surugamide-1
XNR_RS08490,,Surugamide-1
XNR_RS08585,,Surugamide-1
XNR_RS08590,,Surugamide-1
XNR_RS08595,,Surugamide-1
XNR_RS08600,,Surugamide-1
XNR_RS08900,,Surugamide-1
XNR_RS09260,,Surugamide-1
XNR_RS09265,,Surugamide-1
XNR_RS09270,,Surugamide-1
XNR_RS09835,,Surugamide-1
XNR_RS09835,,UC-7
XNR_RS09840,,Surugamide-1
XNR_RS09840,,UC-7
XNR_RS10940,,Surugamide-1
XNR_RS11345,,Surugamide-1
XNR_RS11350,,Surugamide-1
XNR_RS11355,,Surugamide-1
XNR_RS11360,,Surugamide-1
XNR_RS11365,,Surugamide-1
XNR_RS11370,,Surugamide-1
XNR_RS11495,,Surugamide-1
XNR_RS11625,,Surugamide-1
XNR_RS11630,,Surugamide-1
XNR_RS11635,,Surugamide-1
XNR_RS11635,,UC-9
XNR_RS12445,,Surugamide-1
XNR_RS12445,,SAL-2242
XNR_RS12445,,UC-14
XNR_RS14265,,Surugamide-1
XNR_RS16530,,Surugamide-1
XNR_RS16530,,UC-11
XNR_RS16535,,Surugamide-1
XNR_RS16535,,UC-11
XNR_RS16540,,Surugamide-1
XNR_RS16540,,UC-11
XNR_RS17420,,Surugamide-1
XNR_RS17925,,Surugamide-1
XNR_RS17925,,UC-11
XNR_RS17930,,Surugamide-1
XNR_RS17930,,UC-11
XNR_RS18115,,Surugamide-1
XNR_RS18285,,Surugamide-1
XNR_RS18285,,UC-7
XNR_RS19440,,Surugamide-1
XNR_RS31600,,Surugamide-1
XNR_RS31600,,SAL-2242
XNR_RS20990,,Surugamide-1
XNR_RS21120,,Surugamide-1
XNR_RS21140,,Surugamide-1
XNR_RS21145,,Surugamide-1
XNR_RS21150,,Surugamide-1
XNR_RS21315,,Surugamide-1
XNR_RS21315,,UC-13
XNR_RS22965,,Surugamide-1
XNR_RS23980,,Surugamide-1
XNR_RS24125,,Surugamide-1
XNR_RS24130,,Surugamide-1
XNR_RS24135,,Surugamide-1
XNR_RS24135,,UC-13
XNR_RS24140,,Surugamide-1
XNR_RS24140,,UC-13
XNR_RS24145,,Surugamide-1
XNR_RS24750,,Surugamide-1
XNR_RS24750,,BGC-General
XNR_RS24750,,SAL-2242
XNR_RS24755,,Surugamide-1
XNR_RS24755,,SAL-2242
XNR_RS28110,,Surugamide-1
XNR_RS28500,,Surugamide-1
XNR_RS28500,,UC-11
XNR_RS28505,,Surugamide-1
XNR_RS28510,,Surugamide-1
XNR_RS28510,,UC-11
XNR_RS30775,,UC-5
XNR_RS09055,,UC-5
XNR_RS09060,,UC-5
XNR_RS31550,,UC-5
XNR_RS09065,,UC-5
XNR_RS09075,,UC-5
XNR_RS31060,,BGC-General
XNR_RS05080,,BGC-General
XNR_RS05985,,BGC-General
XNR_RS29705,,BGC-General
XNR_RS15920,,BGC-General
XNR_RS18925,,BGC-General
XNR_RS18925,,Xylose
XNR_RS18925,,UC-6
XNR_RS18925,,UC-7
XNR_RS18925,,UC-14
XNR_RS26590,,BGC-General
XNR_RS25610,,Glycerol
XNR_RS25615,,Glycerol
XNR_RS25620,,Glycerol
XNR_RS25625,,Glycerol
XNR_RS00775,,Xylose
XNR_RS00780,,Xylose
XNR_RS01565,,Xylose
XNR_RS16425,,Xylose
XNR_RS16425,,Galactose
XNR_RS16430,,Xylose
XNR_RS16430,,Galactose
XNR_RS16435,,Xylose
XNR_RS16435,,Galactose
XNR_RS16450,,Xylose
XNR_RS16450,,Galactose
XNR_RS16455,,Xylose
XNR_RS16455,,Galactose
XNR_RS27830,,Xylose
XNR_RS00240,,UC-6
XNR_RS29540,,UC-6
XNR_RS29540,,Gas Vesicle
XNR_RS29540,,UC-10
XNR_RS29540,,UC-11
XNR_RS02270,,UC-6
XNR_RS02650,,UC-6
XNR_RS02650,,Prophages
XNR_RS02650,,UC-14
XNR_RS03025,,UC-6
XNR_RS04990,,UC-6
XNR_RS04995,,UC-6
XNR_RS31075,,UC-6
XNR_RS06040,,UC-6
XNR_RS06045,,UC-6
XNR_RS06045,,UC-8
XNR_RS06675,,UC-6
XNR_RS29630,,UC-6
XNR_RS29630,,Potassium
XNR_RS06825,,UC-6
XNR_RS07670,,UC-6
XNR_RS07765,,UC-6
XNR_RS08705,,UC-6
XNR_RS09215,,UC-6
XNR_RS09215,,UC-13
XNR_RS09220,,UC-6
XNR_RS09645,,UC-6
XNR_RS09645,,UC-12
XNR_RS10165,,UC-6
XNR_RS31170,,UC-6
XNR_RS31175,,UC-6
XNR_RS31175,,UC-9
XNR_RS30815,,UC-6
XNR_RS12865,,UC-6
XNR_RS30715,,UC-6
XNR_RS13285,,UC-6
XNR_RS13900,,UC-6
XNR_RS14405,,UC-6
XNR_RS14405,,Gas Vesicle
XNR_RS14475,,UC-6
XNR_RS14475,,UC-12
XNR_RS14610,,UC-6
XNR_RS14825,,UC-6
XNR_RS14825,,UC-8
XNR_RS15020,,UC-6
XNR_RS15030,,UC-6
XNR_RS16015,,UC-6
XNR_RS30845,,UC-6
XNR_RS16605,,UC-6
XNR_RS16725,,UC-6
XNR_RS16725,,UC-11
XNR_RS16980,,UC-6
XNR_RS17645,,UC-6
XNR_RS17685,,UC-6
XNR_RS17740,,UC-6
XNR_RS17905,,UC-6
XNR_RS18085,,UC-6
XNR_RS18825,,UC-6
XNR_RS18965,,UC-6
XNR_RS18965,,UC-14
XNR_RS21725,,UC-6
XNR_RS22085,,UC-6
XNR_RS22310,,UC-6
XNR_RS23185,,UC-6
XNR_RS23185,,UC-12
XNR_RS24250,,UC-6
XNR_RS25195,,UC-6
XNR_RS25880,,UC-6
XNR_RS25915,,UC-6
XNR_RS27760,,UC-6
XNR_RS28105,,UC-6
XNR_RS00645,,SGR PTM
XNR_RS02185,,SGR PTM
XNR_RS02465,,SGR PTM
XNR_RS02470,,SGR PTM
XNR_RS05905,,SGR PTM
XNR_RS05905,,Gas Vesicle
XNR_RS06830,,SGR PTM
XNR_RS07490,,SGR PTM
XNR_RS09275,,SGR PTM
XNR_RS31555,,SGR PTM
XNR_RS09290,,SGR PTM
XNR_RS09300,,SGR PTM
XNR_RS10675,,SGR PTM
XNR_RS10675,,UC-10
XNR_RS11865,,SGR PTM
XNR_RS11865,,UC-12
XNR_RS15185,,SGR PTM
XNR_RS19160,,SGR PTM
XNR_RS19305,,SGR PTM
XNR_RS19770,,SGR PTM
XNR_RS23175,,SGR PTM
XNR_RS23175,,Gas Vesicle
XNR_RS00725,,Valine
XNR_RS00730,,Valine
XNR_RS00735,,Valine
XNR_RS00740,,Valine
XNR_RS00745,,Valine
XNR_RS03405,,Valine
XNR_RS03415,,Valine
XNR_RS06805,,Valine
XNR_RS06810,,Valine
XNR_RS07025,,Valine
XNR_RS12945,,Valine
XNR_RS13810,,Valine
XNR_RS13810,,Galactose
XNR_RS20830,,Valine
XNR_RS26750,,Valine
XNR_RS26750,,UC-8
XNR_RS00850,,UC-7
XNR_RS00855,,UC-7
XNR_RS01185,,UC-7
XNR_RS01540,,UC-7
XNR_RS02285,,UC-7
XNR_RS02295,,UC-7
XNR_RS02370,,UC-7
XNR_RS03055,,UC-7
XNR_RS03255,,UC-7
XNR_RS03320,,UC-7
XNR_RS03350,,UC-7
XNR_RS03640,,UC-7
XNR_RS03790,,UC-7
XNR_RS04050,,UC-7
XNR_RS04055,,UC-7
XNR_RS05295,,UC-7
XNR_RS05675,,UC-7
XNR_RS05680,,UC-7
XNR_RS05855,,UC-7
XNR_RS05915,,UC-7
XNR_RS06870,,UC-7
XNR_RS07540,,UC-7
XNR_RS08005,,UC-7
XNR_RS08010,,UC-7
XNR_RS29645,,UC-7
XNR_RS08765,,UC-7
XNR_RS08770,,UC-7
XNR_RS08775,,UC-7
XNR_RS08840,,UC-7
XNR_RS08980,,UC-7
XNR_RS09030,,UC-7
XNR_RS29680,,UC-7
XNR_RS09040,,UC-7
XNR_RS09320,,UC-7
XNR_RS10175,,UC-7
XNR_RS10180,,UC-7
XNR_RS11005,,UC-7
XNR_RS11095,,UC-7
XNR_RS11100,,UC-7
XNR_RS11130,,UC-7
XNR_RS11130,,UC-14
XNR_RS11325,,UC-7
XNR_RS11715,,UC-7
XNR_RS11735,,UC-7
XNR_RS11795,,UC-7
XNR_RS11990,,UC-7
XNR_RS12425,,UC-7
XNR_RS12780,,UC-7
XNR_RS12785,,UC-7
XNR_RS12995,,UC-7
XNR_RS13145,,UC-7
XNR_RS13720,,UC-7
XNR_RS14655,,UC-7
XNR_RS15700,,UC-7
XNR_RS15705,,UC-7
XNR_RS16010,,UC-7
XNR_RS16065,,UC-7
XNR_RS16165,,UC-7
XNR_RS16305,,UC-7
XNR_RS16790,,UC-7
XNR_RS17575,,UC-7
XNR_RS18165,,UC-7
XNR_RS19065,,UC-7
XNR_RS19080,,UC-7
XNR_RS20060,,UC-7
XNR_RS20065,,UC-7
XNR_RS20075,,UC-7
XNR_RS21110,,UC-7
XNR_RS21115,,UC-7
XNR_RS30095,,UC-7
XNR_RS21760,,UC-7
XNR_RS21890,,UC-7
XNR_RS22105,,UC-7
XNR_RS22770,,UC-7
XNR_RS24210,,UC-7
XNR_RS24895,,UC-7
XNR_RS25240,,UC-7
XNR_RS25250,,UC-7
XNR_RS25265,,UC-7
XNR_RS25485,,UC-7
XNR_RS25995,,UC-7
XNR_RS26020,,UC-7
XNR_RS26020,,UC-14
XNR_RS26055,,UC-7
XNR_RS26155,,UC-7
XNR_RS31400,,UC-7
XNR_RS31400,,UC-12
XNR_RS26930,,UC-7
XNR_RS27005,,UC-7
XNR_RS27330,,UC-7
XNR_RS27330,,Galactose
XNR_RS27365,,UC-7
XNR_RS27550,,UC-7
XNR_RS28135,,UC-7
XNR_RS05000,,UC-8
XNR_RS05005,,UC-8
XNR_RS06660,,UC-8
XNR_RS07495,,UC-8
XNR_RS07730,,UC-8
XNR_RS08215,,UC-8
XNR_RS08220,,UC-8
XNR_RS12680,,UC-8
XNR_RS12685,,UC-8
XNR_RS13035,,UC-8
XNR_RS13645,,UC-8
XNR_RS13645,,UC-11
XNR_RS14420,,UC-8
XNR_RS15025,,UC-8
XNR_RS16465,,UC-8
XNR_RS16470,,UC-8
XNR_RS16475,,UC-8
XNR_RS18260,,UC-8
XNR_RS19330,,UC-8
XNR_RS19960,,UC-8
XNR_RS19965,,UC-8
XNR_RS20100,,UC-8
XNR_RS20100,,UC-13
XNR_RS22210,,UC-8
XNR_RS22330,,UC-8
XNR_RS23985,,UC-8
XNR_RS24510,,UC-8
XNR_RS00350,,UC-9
XNR_RS02410,,UC-9
XNR_RS04380,,UC-9
XNR_RS04690,,UC-9
XNR_RS04695,,UC-9
XNR_RS30755,,UC-9
XNR_RS07910,,UC-9
XNR_RS09200,,UC-9
XNR_RS09690,,UC-9
XNR_RS09695,,UC-9
XNR_RS10800,,UC-9
XNR_RS30595,,UC-9
XNR_RS11280,,UC-9
XNR_RS11285,,UC-9
XNR_RS11290,,UC-9
XNR_RS11295,,UC-9
XNR_RS11300,,UC-9
XNR_RS11305,,UC-9
XNR_RS12550,,UC-9
XNR_RS12550,,UC-12
XNR_RS14550,,UC-9
XNR_RS16200,,UC-9
XNR_RS16420,,UC-9
XNR_RS16420,,UC-13
XNR_RS17720,,UC-9
XNR_RS17725,,UC-9
XNR_RS18690,,UC-9
XNR_RS19680,,UC-9
XNR_RS19685,,UC-9
XNR_RS19865,,UC-9
XNR_RS19870,,UC-9
XNR_RS21090,,UC-9
XNR_RS21750,,UC-9
XNR_RS23045,,UC-9
XNR_RS24495,,UC-9
XNR_RS25705,,UC-9
XNR_RS25985,,UC-9
XNR_RS26040,,UC-9
XNR_RS28385,,UC-9
XNR_RS28390,,UC-9
XNR_RS28395,,UC-9
XNR_RS28400,,UC-9
XNR_RS28400,,UC-12
XNR_RS28405,,UC-9
XNR_RS28410,,UC-9
XNR_RS28415,,UC-9
XNR_RS28420,,UC-9
XNR_RS00630,,Antimycin
XNR_RS00495,,Gas Vesicle
XNR_RS00565,,Gas Vesicle
XNR_RS00565,,UC-12
XNR_RS02800,,Gas Vesicle
XNR_RS03570,,Gas Vesicle
XNR_RS03715,,Gas Vesicle
XNR_RS03765,,Gas Vesicle
XNR_RS03765,,UC-14
XNR_RS05910,,Gas Vesicle
XNR_RS07045,,Gas Vesicle
XNR_RS07050,,Gas Vesicle
XNR_RS07120,,Gas Vesicle
XNR_RS08400,,Gas Vesicle
XNR_RS08405,,Gas Vesicle
XNR_RS08410,,Gas Vesicle
XNR_RS08415,,Gas Vesicle
XNR_RS08455,,Gas Vesicle
XNR_RS08665,,Gas Vesicle
XNR_RS08670,,Gas Vesicle
XNR_RS08680,,Gas Vesicle
XNR_RS08835,,Gas Vesicle
XNR_RS08910,,Gas Vesicle
XNR_RS08910,,UC-11
XNR_RS09550,,Gas Vesicle
XNR_RS09575,,Gas Vesicle
XNR_RS09640,,Gas Vesicle
XNR_RS10665,,Gas Vesicle
XNR_RS13470,,Gas Vesicle
XNR_RS13615,,Gas Vesicle
XNR_RS14955,,Gas Vesicle
XNR_RS16785,,Gas Vesicle
XNR_RS17245,,Gas Vesicle
XNR_RS18700,,Gas Vesicle
XNR_RS18795,,Gas Vesicle
XNR_RS18820,,Gas Vesicle
XNR_RS19400,,Gas Vesicle
XNR_RS21900,,Gas Vesicle
XNR_RS21905,,Gas Vesicle
XNR_RS21910,,Gas Vesicle
XNR_RS21920,,Gas Vesicle
XNR_RS21925,,Gas Vesicle
XNR_RS21930,,Gas Vesicle
XNR_RS21935,,Gas Vesicle
XNR_RS21940,,Gas Vesicle
XNR_RS21945,,Gas Vesicle
XNR_RS22275,,Gas Vesicle
XNR_RS22280,,Gas Vesicle
XNR_RS23410,,Gas Vesicle
XNR_RS25210,,Gas Vesicle
XNR_RS25570,,Gas Vesicle
XNR_RS27835,,Gas Vesicle
XNR_RS28530,,Gas Vesicle
XNR_RS28535,,Gas Vesicle
XNR_RS04315,,Phosphate
XNR_RS04410,,Phosphate
XNR_RS05545,,Phosphate
XNR_RS05545,,UC-11
XNR_RS11195,,Phosphate
XNR_RS12765,,Phosphate
XNR_RS29835,,Phosphate
XNR_RS29835,,UC-13
XNR_RS13835,,Phosphate
XNR_RS15415,,Phosphate
XNR_RS16110,,Phosphate
XNR_RS16115,,Phosphate
XNR_RS16120,,Phosphate
XNR_RS16120,,UC-13
XNR_RS16125,,Phosphate
XNR_RS16340,,Phosphate
XNR_RS16345,,Phosphate
XNR_RS22540,,Phosphate
XNR_RS24285,,Phosphate
XNR_RS27310,,Phosphate
XNR_RS27355,,Phosphate
XNR_RS00900,,UC-10
XNR_RS00900,,UC-14
XNR_RS01160,,UC-10
XNR_RS31025,,UC-10
XNR_RS31025,,UC-12
XNR_RS01910,,UC-10
XNR_RS30730,,UC-10
XNR_RS30730,,Prophages
XNR_RS02705,,UC-10
XNR_RS03260,,UC-10
XNR_RS03785,,UC-10
XNR_RS04115,,UC-10
XNR_RS04120,,UC-10
XNR_RS04120,,NDH
XNR_RS04125,,UC-10
XNR_RS04125,,NDH
XNR_RS04305,,UC-10
XNR_RS31085,,UC-10
XNR_RS05710,,UC-10
XNR_RS06205,,UC-10
XNR_RS06290,,UC-10
XNR_RS06335,,UC-10
XNR_RS06585,,UC-10
XNR_RS07565,,UC-10
XNR_RS08700,,UC-10
XNR_RS08905,,UC-10
XNR_RS31130,,UC-10
XNR_RS09155,,UC-10
XNR_RS09685,,UC-10
XNR_RS09985,,UC-10
XNR_RS10330,,UC-10
XNR_RS10330,,UC-14
XNR_RS10785,,UC-10
XNR_RS10785,,UC-14
XNR_RS10815,,UC-10
XNR_RS10965,,UC-10
XNR_RS10980,,UC-10
XNR_RS11475,,UC-10
XNR_RS11680,,UC-10
XNR_RS12805,,UC-10
XNR_RS31205,,UC-10
XNR_RS13420,,UC-10
XNR_RS14060,,UC-10
XNR_RS15095,,UC-10
XNR_RS15160,,UC-10
XNR_RS16250,,UC-10
XNR_RS16250,,UC-12
XNR_RS16280,,UC-10
XNR_RS31305,,UC-10
XNR_RS17660,,UC-10
XNR_RS17955,,UC-10
XNR_RS18650,,UC-10
XNR_RS18650,,UC-11
XNR_RS18650,,UC-14
XNR_RS20230,,UC-10
XNR_RS20230,,UC-14
XNR_RS21015,,UC-10
XNR_RS21695,,UC-10
XNR_RS30120,,UC-10
XNR_RS30120,,UC-14
XNR_RS22925,,UC-10
XNR_RS31625,,UC-10
XNR_RS23955,,UC-10
XNR_RS24265,,UC-10
XNR_RS24305,,UC-10
XNR_RS24535,,UC-10
XNR_RS24810,,UC-10
XNR_RS25455,,UC-10
XNR_RS25520,,UC-10
XNR_RS25850,,UC-10
XNR_RS25865,,UC-10
XNR_RS25940,,UC-10
XNR_RS30930,,UC-10
XNR_RS30930,,UC-12
XNR_RS30930,,UC-14
XNR_RS27465,,UC-10
XNR_RS28490,,UC-10
XNR_RS28490,,UC-12
XNR_RS31415,,UC-10
XNR_RS01155,,Prophages
XNR_RS02625,,Prophages
XNR_RS02630,,Prophages
XNR_RS02635,,Prophages
XNR_RS02640,,Prophages
XNR_RS02645,,Prophages
XNR_RS02655,,Prophages
XNR_RS30665,,Prophages
XNR_RS02670,,Prophages
XNR_RS02675,,Prophages
XNR_RS02680,,Prophages
XNR_RS02685,,Prophages
XNR_RS02690,,Prophages
XNR_RS02695,,Prophages
XNR_RS02700,,Prophages
XNR_RS30840,,Prophages
XNR_RS16140,,Prophages
XNR_RS16145,,Prophages
XNR_RS18670,,Prophages
XNR_RS25020,,Prophages
XNR_RS02770,,Stress Response
XNR_RS02770,,SAL-2242
XNR_RS05880,,Stress Response
XNR_RS05880,,Galactose
XNR_RS06860,,Stress Response
XNR_RS06865,,Stress Response
XNR_RS31115,,Stress Response
XNR_RS31115,,SAL-2242
XNR_RS09020,,Stress Response
XNR_RS09025,,Stress Response
XNR_RS09900,,Stress Response
XNR_RS09905,,Stress Response
XNR_RS11020,,Stress Response
XNR_RS11270,,Stress Response
XNR_RS11505,,Stress Response
XNR_RS14140,,Stress Response
XNR_RS14140,,SAL-2242
XNR_RS14145,,Stress Response
XNR_RS14145,,SAL-2242
XNR_RS14400,,Stress Response
XNR_RS14505,,Stress Response
XNR_RS14510,,Stress Response
XNR_RS14515,,Stress Response
XNR_RS14520,,Stress Response
XNR_RS18105,,Stress Response
XNR_RS19775,,Stress Response
XNR_RS20010,,Stress Response
XNR_RS20010,,SAL-2242
XNR_RS21320,,Stress Response
XNR_RS21325,,Stress Response
XNR_RS21325,,UC-14
XNR_RS22990,,Stress Response
XNR_RS23355,,Stress Response
XNR_RS23355,,UC-13
XNR_RS27155,,Stress Response
XNR_RS02545,,Galactose
XNR_RS02550,,Galactose
XNR_RS02555,,Galactose
XNR_RS02555,,NDH
XNR_RS02775,,Galactose
XNR_RS02775,,UC-11
XNR_RS03185,,Galactose
XNR_RS03185,,NDH
XNR_RS08315,,Galactose
XNR_RS08320,,Galactose
XNR_RS08325,,Galactose
XNR_RS08330,,Galactose
XNR_RS08335,,Galactose
XNR_RS08340,,Galactose
XNR_RS08350,,Galactose
XNR_RS10300,,Galactose
XNR_RS10305,,Galactose
XNR_RS10310,,Galactose
XNR_RS10315,,Galactose
XNR_RS10320,,Galactose
XNR_RS11515,,Galactose
XNR_RS30805,,Galactose
XNR_RS30805,,SAL-2242
XNR_RS13800,,Galactose
XNR_RS13800,,UC-12
XNR_RS13815,,Galactose
XNR_RS13820,,Galactose
XNR_RS13825,,Galactose
XNR_RS16445,,Galactose
XNR_RS16460,,Galactose
XNR_RS20105,,Galactose
XNR_RS20490,,Galactose
XNR_RS24310,,Galactose
XNR_RS27150,,Galactose
XNR_RS06755,,Potassium
XNR_RS06760,,Potassium
XNR_RS06765,,Potassium
XNR_RS06770,,Potassium
XNR_RS06775,,Potassium
XNR_RS03040,,Sucrose
XNR_RS03070,,Sucrose
XNR_RS03745,,UC-11
XNR_RS03745,,UC-13
XNR_RS05820,,UC-11
XNR_RS05820,,SAL-2242
XNR_RS31165,,UC-11
XNR_RS11510,,UC-11
XNR_RS12790,,UC-11
XNR_RS13660,,UC-11
XNR_RS13665,,UC-11
XNR_RS15225,,UC-11
XNR_RS15915,,UC-11
XNR_RS15915,,SAL-2242
XNR_RS16295,,UC-11
XNR_RS16295,,SAL-2242
XNR_RS18655,,UC-11
XNR_RS18920,,UC-11
XNR_RS19260,,UC-11
XNR_RS30695,,UC-11
XNR_RS30695,,SAL-2242
XNR_RS30080,,UC-11
XNR_RS21530,,UC-11
XNR_RS21530,,UC-13
XNR_RS00220,,UC-12
XNR_RS00490,,UC-12
XNR_RS01115,,UC-12
XNR_RS01130,,UC-12
XNR_RS01225,,UC-12
XNR_RS01555,,UC-12
XNR_RS31030,,UC-12
XNR_RS01680,,UC-12
XNR_RS01735,,UC-12
XNR_RS01780,,UC-12
XNR_RS03695,,UC-12
XNR_RS30735,,UC-12
XNR_RS04755,,UC-12
XNR_RS05435,,UC-12
XNR_RS05485,,UC-12
XNR_RS06680,,UC-12
XNR_RS07435,,UC-12
XNR_RS07525,,UC-12
XNR_RS07525,,UC-14
XNR_RS07535,,UC-12
XNR_RS09110,,UC-12
XNR_RS29715,,UC-12
XNR_RS12570,,UC-12
XNR_RS12610,,UC-12
XNR_RS12920,,UC-12
XNR_RS13425,,UC-12
XNR_RS13635,,UC-12
XNR_RS14195,,UC-12
XNR_RS14260,,UC-12
XNR_RS31235,,UC-12
XNR_RS15725,,UC-12
XNR_RS16380,,UC-12
XNR_RS17395,,UC-12
XNR_RS30865,,UC-12
XNR_RS19035,,UC-12
XNR_RS31345,,UC-12
XNR_RS20130,,UC-12
XNR_RS21765,,UC-12
XNR_RS21765,,UC-14
XNR_RS24075,,UC-12
XNR_RS24975,,UC-12
XNR_RS25245,,UC-12
XNR_RS26725,,UC-12
XNR_RS27345,,UC-12
XNR_RS27715,,UC-12
XNR_RS28050,,UC-12
XNR_RS28600,,UC-12
XNR_RS07065,,NDH
XNR_RS07070,,NDH
XNR_RS14540,,NDH
XNR_RS15665,,NDH
XNR_RS17655,,NDH
XNR_RS17655,,UC-13
XNR_RS17980,,NDH
XNR_RS17985,,NDH
XNR_RS17990,,NDH
XNR_RS17995,,NDH
XNR_RS18000,,NDH
XNR_RS18005,,NDH
XNR_RS18010,,NDH
XNR_RS18015,,NDH
XNR_RS18020,,NDH
XNR_RS18025,,NDH
XNR_RS18030,,NDH
XNR_RS18035,,NDH
XNR_RS18040,,NDH
XNR_RS18045,,NDH
XNR_RS19270,,NDH
XNR_RS20560,,NDH
XNR_RS21365,,NDH
XNR_RS22030,,NDH
XNR_RS30910,,NDH
XNR_RS23395,,NDH
XNR_RS23395,,UC-13
XNR_RS23400,,NDH
XNR_RS23400,,UC-13
XNR_RS23420,,NDH
XNR_RS23425,,NDH
XNR_RS23425,,UC-13
XNR_RS23430,,NDH
XNR_RS23430,,UC-13
XNR_RS23435,,NDH
XNR_RS23435,,UC-13
XNR_RS27735,,NDH
XNR_RS00270,,UC-13
XNR_RS00500,,UC-13
XNR_RS01455,,UC-13
XNR_RS01580,,UC-13
XNR_RS01920,,UC-13
XNR_RS02045,,UC-13
XNR_RS02730,,UC-13
XNR_RS03555,,UC-13
XNR_RS03580,,UC-13
XNR_RS04195,,UC-13
XNR_RS06090,,UC-13
XNR_RS06095,,UC-13
XNR_RS06595,,UC-13
XNR_RS06845,,UC-13
XNR_RS07275,,UC-13
XNR_RS07935,,UC-13
XNR_RS08650,,UC-13
XNR_RS08655,,UC-13
XNR_RS09780,,UC-13
XNR_RS10580,,UC-13
XNR_RS12290,,UC-13
XNR_RS12540,,UC-13
XNR_RS14355,,UC-13
XNR_RS14805,,UC-13
XNR_RS14895,,UC-13
XNR_RS18170,,UC-13
XNR_RS18240,,UC-13
XNR_RS18395,,UC-13
XNR_RS18575,,UC-13
XNR_RS18805,,UC-13
XNR_RS19690,,UC-13
XNR_RS19695,,UC-13
XNR_RS20245,,UC-13
XNR_RS20295,,UC-13
XNR_RS20430,,UC-13
XNR_RS20900,,UC-13
XNR_RS20925,,UC-13
XNR_RS21000,,UC-13
XNR_RS21480,,UC-13
XNR_RS21485,,UC-13
XNR_RS21535,,UC-13
XNR_RS21540,,UC-13
XNR_RS22315,,UC-13
XNR_RS22630,,UC-13
XNR_RS22950,,UC-13
XNR_RS30130,,UC-13
XNR_RS23405,,UC-13
XNR_RS23735,,UC-13
XNR_RS24240,,UC-13
XNR_RS24890,,UC-13
XNR_RS25305,,UC-13
XNR_RS25495,,UC-13
XNR_RS26455,,UC-13
XNR_RS26460,,UC-13
XNR_RS26770,,UC-13
XNR_RS28080,,UC-13
XNR_RS28085,,UC-13
XNR_RS05815,,SAL-2242
XNR_RS07610,,SAL-2242
XNR_RS07615,,SAL-2242
XNR_RS08920,,SAL-2242
XNR_RS12385,,SAL-2242
XNR_RS12450,,SAL-2242
XNR_RS20015,,SAL-2242
XNR_RS21395,,SAL-2242
XNR_RS00235,,UC-14
XNR_RS01525,,UC-14
XNR_RS01570,,UC-14
XNR_RS01850,,UC-14
XNR_RS02355,,UC-14
XNR_RS02390,,UC-14
XNR_RS02615,,UC-14
XNR_RS03200,,UC-14
XNR_RS03410,,UC-14
XNR_RS03585,,UC-14
XNR_RS03955,,UC-14
XNR_RS03960,,UC-14
XNR_RS04090,,UC-14
XNR_RS05065,,UC-14
XNR_RS05100,,UC-14
XNR_RS05145,,UC-14
XNR_RS05330,,UC-14
XNR_RS07530,,UC-14
XNR_RS08105,,UC-14
XNR_RS08140,,UC-14
XNR_RS08630,,UC-14
XNR_RS08690,,UC-14
XNR_RS08785,,UC-14
XNR_RS08960,,UC-14
XNR_RS09225,,UC-14
XNR_RS09345,,UC-14
XNR_RS09540,,UC-14
XNR_RS09865,,UC-14
XNR_RS10280,,UC-14
XNR_RS11150,,UC-14
XNR_RS12190,,UC-14
XNR_RS12845,,UC-14
XNR_RS12935,,UC-14
XNR_RS13025,,UC-14
XNR_RS31215,,UC-14
XNR_RS13775,,UC-14
XNR_RS14295,,UC-14
XNR_RS14325,,UC-14
XNR_RS14615,,UC-14
XNR_RS14925,,UC-14
XNR_RS31255,,UC-14
XNR_RS15695,,UC-14
XNR_RS15765,,UC-14
XNR_RS15795,,UC-14
XNR_RS15815,,UC-14
XNR_RS31275,,UC-14
XNR_RS16130,,UC-14
XNR_RS16255,,UC-14
XNR_RS16645,,UC-14
XNR_RS16680,,UC-14
XNR_RS16865,,UC-14
XNR_RS17330,,UC-14
XNR_RS18080,,UC-14
XNR_RS18950,,UC-14
XNR_RS19045,,UC-14
XNR_RS20280,,UC-14
XNR_RS20505,,UC-14
XNR_RS21280,,UC-14
XNR_RS21285,,UC-14
XNR_RS22095,,UC-14
XNR_RS22680,,UC-14
XNR_RS23130,,UC-14
XNR_RS23645,,UC-14
XNR_RS23715,,UC-14
XNR_RS23875,,UC-14
XNR_RS24215,,UC-14
XNR_RS24220,,UC-14
XNR_RS24340,,UC-14
XNR_RS25060,,UC-14
XNR_RS25515,,UC-14
XNR_RS25900,,UC-14
XNR_RS26005,,UC-14
XNR_RS26475,,UC-14
XNR_RS26710,,UC-14
XNR_RS27195,,UC-14
XNR_RS27335,,UC-14
XNR_RS27475,,UC-14
XNR_RS27840,,UC-14
XNR_RS28670,,UC-14
XNR_RS28680,,UC-14
XNR_RS12320,,hrt Complex
XNR_RS12325,,hrt Complex
