__mclCluster,AverageShortestPathLength,BetweennessCentrality,ClosenessCentrality,ClusteringCoefficient,Degree,degree.layout,Eccentricity,Function,IsSingleNode,name,NeighborhoodConnectivity,NumberOfDirectedEdges,NumberOfUndirectedEdges,NumChildren,NumDescendents,PartnerOfMultiEdgedNodePairs,Radiality,selected,SelfLoops,shared name,species,Stress,TopologicalCoefficient,label
84,4.363138686,8.86E-04,0.229192806,0,2,2,8,Envelope Stress,FALSE,ecol_glrR KO,8,0,2,,,0,0.95455218,FALSE,0,ecol_glrR KO,Eco,1128,0.5,glrR KO
6,5.03649635,0.011063743,0.198550725,0.166666667,4,4,9,Antibiotic Resistance,FALSE,pae_MexS-2,6.25,0,4,,,0,0.945452752,FALSE,0,pae_MexS-2,Pae,20016,0.359375,MexS-2
27,4.069343066,0.020664183,0.24573991,0.066666667,6,6,8,Other Functional,FALSE,sac_carotenoid,4.833333333,0,6,,,0,0.958522391,FALSE,0,sac_carotenoid,sac,23526,0.18115942,carotenoid
2,3.056569343,0.031302641,0.327164179,0.147692308,26,26,6,Fatty Acid Metabolism,FALSE,salb_Fatty Acid,14.53846154,0,26,,,0,0.972208522,FALSE,0,salb_Fatty Acid,Sal,53336,0.08311229,Fatty Acid
8,4.361313869,0.002007177,0.229288703,0.488888889,10,10,8,Metal Homeostasis,FALSE,pae_CysB-2,8.8,0,10,,,0,0.95457684,FALSE,0,pae_CysB-2,Pae,3696,0.283870968,CysB-2
20,4.041970803,0.00747832,0.247404063,0.194444444,9,9,8,Other Functional,FALSE,sac_Ammonium-Uptake,7.222222222,0,9,,,0,0.958892286,FALSE,0,sac_Ammonium-Uptake,sac,12508,0.173441734,Ammonium-Uptake
51,4.781021898,0,0.209160305,1,2,2,8,Nucleotide Metabolism,FALSE,ecol_Pyrimidine,6.5,0,2,,,0,0.948905109,FALSE,0,ecol_Pyrimidine,Eco,0,0.590909091,Pyrimidine
3,3.363138686,0.006307496,0.297341291,0.476190476,7,7,7,Antibiotic Resistance,FALSE,pae_MexZ,21.71428571,0,7,,,0,0.968065693,FALSE,0,pae_MexZ,Pae,14054,0.19921363,MexZ
52,4.031021898,0.023083594,0.248076053,0,10,10,7,Carbon Metabolism,FALSE,salb_Nucleoside,4.1,0,10,,,0,0.959040245,FALSE,0,salb_Nucleoside,Sal,22136,0.103333333,Nucleoside
4,4.089416058,0.003043313,0.24453369,0,3,3,7,Energy Metabolism,FALSE,ecol_Fnr-1,8.666666667,0,3,,,0,0.958251134,FALSE,0,ecol_Fnr-1,Eco,3296,0.333333333,Fnr-1
53,4.166058394,0.002051203,0.240035042,0.166666667,4,4,8,Misc Metabolism,FALSE,pae_MvfR,8.75,0,4,,,0,0.957215427,FALSE,0,pae_MvfR,Pae,3062,0.284482759,MvfR
85,1,0,1,0,1,1,1,Uncharacterized,FALSE,sac_single_gene_4,1,0,1,,,0,1,FALSE,0,sac_single_gene_4,sac,0,0,single_gene_4
12,3.967153285,0.003246544,0.252069917,0.4,11,11,7,Metal Homeostasis,FALSE,ecol_Fur-2,9.636363636,0,11,,,0,0.959903334,FALSE,0,ecol_Fur-2,Eco,11466,0.229437229,Fur-2
9,3.937956204,3.66E-04,0.253938832,0.7,5,5,7,Energy Metabolism,FALSE,pae_RoxR,13.6,0,5,,,0,0.960297889,FALSE,0,pae_RoxR,Pae,962,0.31627907,RoxR
54,3.640510949,0.016943553,0.274686717,0.060606061,12,12,7,Other Functional,FALSE,sac_Quinolinate,9.083333333,0,12,,,0,0.96431742,FALSE,0,sac_Quinolinate,sac,31322,0.131510417,Quinolinate
13,4.040145985,6.88E-05,0.247515808,0,2,2,8,Uncharacterized,FALSE,ecol_ypaB,21.5,0,2,,,0,0.958916946,FALSE,0,ecol_ypaB,Eco,340,0.539473684,ypaB
40,3.72080292,0.002420153,0.268759196,0,3,3,7,Metal Homeostasis,FALSE,pae_FpvR,19.33333333,0,3,,,0,0.963232393,FALSE,0,pae_FpvR,Pae,3980,0.352564103,FpvR
14,5.613138686,0,0.178153446,0,1,1,9,Other Functional,FALSE,sac_translation-related,7,0,1,,,0,0.937660288,TRUE,0,sac_translation-related,sac,0,0,translation-related
1,3.468978102,0.03686506,0.288269332,0.058823529,18,18,7,Misc Metabolism,FALSE,sac_aromatic-degradation,7.611111111,0,18,,,0,0.966635431,FALSE,0,sac_aromatic-degradation,sac,66802,0.097597598,aromatic-degradation
4,4.244525547,0.007661159,0.235597592,0.166666667,4,4,8,Nitrogen Metabolism,FALSE,ecol_Nitrate/Nitrite,5.25,0,4,,,0,0.95615506,FALSE,0,ecol_Nitrate/Nitrite,Eco,8476,0.296875,Nitrate/Nitrite
86,4.177007299,0.003864079,0.239405854,0,3,3,7,Metal Homeostasis,FALSE,ecol_Magnesium,6,0,3,,,0,0.957067469,FALSE,0,ecol_Magnesium,Eco,5064,0.333333333,Magnesium
28,4.122262774,0.002329002,0.242585215,0.6,5,5,8,Metal Homeostasis,FALSE,pae_AtsR,11,0,5,,,0,0.95780726,FALSE,0,pae_AtsR,Pae,3326,0.297297297,AtsR
53,3.731751825,0.004271602,0.26797066,0.214285714,8,8,7,Secondary Metabolism,FALSE,pae_NRPS,11.625,0,8,,,0,0.963084435,FALSE,0,pae_NRPS,Pae,8872,0.194915254,NRPS
5,3.520072993,0.020281896,0.284085018,0.245614035,19,19,7,Metal Homeostasis,FALSE,ecol_Fur-1,10.84210526,0,19,,,0,0.96594496,FALSE,0,ecol_Fur-1,Eco,41204,0.12755418,Fur-1
21,4.52189781,0.004390617,0.221146086,0.5,5,5,7,Carbon Metabolism,FALSE,pae_FruR,5,0,5,,,0,0.952406786,FALSE,0,pae_FruR,Pae,5610,0.384615385,FruR
22,4.195255474,0.001644626,0.238364506,0,3,3,7,Stress Response,FALSE,sac_UV-related,5.666666667,0,3,,,0,0.956820872,FALSE,0,sac_UV-related,sac,1988,0.333333333,UV-related
8,4.888686131,0,0.204553938,1,3,3,8,Carbon Metabolism,FALSE,pae_RsmA,11,0,3,,,0,0.947450187,FALSE,0,pae_RsmA,Pae,0,0.611111111,RsmA
55,5.788321168,0.003649635,0.172761665,0,2,2,10,Other Functional,FALSE,sac_Replication,3,0,2,,,0,0.935292957,FALSE,0,sac_Replication,sac,7578,0.5,Replication
23,3.310218978,0.01670531,0.302094818,0.09047619,21,21,7,Uncharacterized,FALSE,sac_DARC,11.76190476,0,21,,,0,0.968780825,FALSE,0,sac_DARC,sac,41228,0.111111111,DARC
28,4.405109489,1.48E-04,0.227009114,0.666666667,6,6,8,Carbon Metabolism,FALSE,ecol_Sulfate,8.5,0,6,,,0,0.953985007,FALSE,0,ecol_Sulfate,Eco,436,0.354166667,Sulfate
1,2.653284672,0.276448988,0.376891334,0.034431692,74,74,6,Misc Metabolism,FALSE,sac_FadR,7.837837838,0,74,,,0,0.977658315,FALSE,0,sac_FadR,sac,425886,0.035416934,FadR
29,5.98540146,0,0.167073171,0,1,1,10,Quorum Sensing,FALSE,ecol_lsrB KO,4,0,1,,,0,0.93262971,FALSE,0,ecol_lsrB KO,Eco,0,0,lsrB KO
15,3.510948905,0.015039176,0.284823285,0.333333333,6,6,7,Global Stress,FALSE,ecol_RpoS,17.33333333,0,6,,,0,0.966068258,FALSE,0,ecol_RpoS,Eco,23320,0.195075758,RpoS
87,1,0,1,0,1,1,1,Uncharacterized,FALSE,ecol_UC-1,1,0,1,,,0,1,FALSE,0,ecol_UC-1,Eco,0,0,UC-1
41,5.054744526,0.004673968,0.197833935,0.166666667,4,4,8,Amino Acid Metabolism,FALSE,pae_HutC,3.25,0,4,,,0,0.945206155,FALSE,0,pae_HutC,Pae,6996,0.34375,HutC
56,3.824817518,0.017287924,0.261450382,0.205128205,13,13,7,Amino Acid Metabolism,FALSE,sac_TCA-BCAA,7.153846154,0,13,,,0,0.96182679,FALSE,0,sac_TCA-BCAA,sac,26160,0.161001789,TCA-BCAA
88,3.556569343,0.006164903,0.281169831,0.166666667,4,4,7,Uncharacterized,FALSE,pae_Uncharacterized-1,26,0,4,,,0,0.965451766,FALSE,0,pae_Uncharacterized-1,Pae,6138,0.286516854,Uncharacterized-1
42,3.52189781,0.030670197,0.283937824,0.104575163,18,18,7,Other Functional,FALSE,sac_SoxLABCD,8.333333333,0,18,,,0,0.9659203,FALSE,0,sac_SoxLABCD,sac,45104,0.097560976,SoxLABCD
13,3.635036496,0.014450816,0.275100402,0.142857143,7,7,7,Misc Metabolism,FALSE,sac_4-HPA,10,0,7,,,0,0.964391399,FALSE,0,sac_4-HPA,sac,19146,0.180592992,4-HPA
43,3.75,0.023198978,0.266666667,0.076923077,13,13,7,Vitamin B,FALSE,sac_Cobalamin,5.230769231,0,13,,,0,0.962837838,FALSE,0,sac_Cobalamin,sac,35978,0.123481781,Cobalamin
4,4.432481752,0,0.225607246,1,2,2,8,Energy Metabolism,FALSE,ecol_Cytochrome c,12,0,2,,,0,0.953615111,FALSE,0,ecol_Cytochrome c,Eco,0,0.571428571,Cytochrome c
16,3.759124088,0.001755173,0.266019417,0.333333333,4,4,7,Amino Acid Metabolism,FALSE,ecol_Sulfoquinovose,16.5,0,4,,,0,0.962714539,FALSE,0,ecol_Sulfoquinovose,Eco,3608,0.361111111,Sulfoquinovose
89,4.069343066,0,0.24573991,0,1,1,7,,FALSE,pae_Singlet-7,22,0,1,,,0,0.958522391,FALSE,0,pae_Singlet-7,Pae,0,0,Singlet-7
19,3.788321168,0.003149069,0.263969171,0.428571429,7,7,7,Uncharacterized,FALSE,sac_single_gene_3,9.714285714,0,7,,,0,0.962319984,FALSE,0,sac_single_gene_3,sac,7502,0.254826255,single_gene_3
44,4.591240876,0.00337365,0.217806041,0.4,5,5,8,Extracellular Structures,FALSE,ecol_BasR,4.8,0,5,,,0,0.951469718,FALSE,0,ecol_BasR,Eco,4018,0.3,BasR
57,6.266423358,9.85E-04,0.159580664,0,2,2,10,Structural Components,FALSE,pae_AmrZ,2.5,0,2,,,0,0.928832117,FALSE,0,pae_AmrZ,Pae,1382,0.5,AmrZ
90,5.46350365,0.004765186,0.183032732,0.166666667,4,4,9,Other Functional,FALSE,sac_ArnRAB,3,0,4,,,0,0.939682383,FALSE,0,sac_ArnRAB,sac,5426,0.357142857,ArnRAB
24,5.487226277,0,0.182241437,1,3,3,9,Envelope Stress,FALSE,ecol_Resistance,5,0,3,,,0,0.939361807,FALSE,0,ecol_Resistance,Eco,0,0.625,Resistance
15,4.034671533,0.00227695,0.247851651,0.133333333,6,6,7,Carbon Metabolism,FALSE,pae_RpoN,7.166666667,0,6,,,0,0.958990925,FALSE,0,pae_RpoN,Pae,3556,0.215053763,RpoN
8,4.114963504,0.012214834,0.243015521,0.355555556,10,10,7,Amino Acid Metabolism,FALSE,sac_sulfur-assimilation,6.8,0,10,,,0,0.957905899,FALSE,0,sac_sulfur-assimilation,sac,14164,0.253846154,sulfur-assimilation
1,3.788321168,0.002325214,0.263969171,0.166666667,4,4,7,Amino Acid Metabolism,FALSE,pae_SouR,14.25,0,4,,,0,0.962319984,FALSE,0,pae_SouR,Pae,3422,0.275,SouR
52,5.02919708,0,0.198838897,0,1,1,8,Uncharacterized,FALSE,sac_unchar-1,10,0,1,,,0,0.945551391,FALSE,0,sac_unchar-1,sac,0,0,unchar-1
5,3.733576642,0.007390685,0.267839687,0.282051282,13,13,7,Secondary Metabolism,FALSE,pae_PvdS,10,0,13,,,0,0.963059775,FALSE,0,pae_PvdS,Pae,13614,0.203525641,PvdS
1,3.498175182,5.04E-05,0.285863328,0.666666667,3,3,7,Uncharacterized,FALSE,ecol_PAL 10 Del,35,0,3,,,0,0.966240876,FALSE,0,ecol_PAL 10 Del,Eco,126,0.380434783,PAL 10 Del
58,4.447080292,0.003766314,0.224866639,0,3,3,8,Amino Acid Metabolism,FALSE,pae_DguR,4.333333333,0,3,,,0,0.953417834,FALSE,0,pae_DguR,Pae,4192,0.333333333,DguR
3,3.352189781,0.058559334,0.298312466,0.032608696,24,24,7,Genomic,FALSE,sac_FadR-KO,6.25,0,24,,,0,0.968213652,FALSE,0,sac_FadR-KO,sac,100540,0.064922481,FadR-KO
91,4.671532847,0.002890745,0.2140625,0,3,3,8,Cofactor Metabolism,FALSE,ecol_Biotin,6.333333333,0,3,,,0,0.950384691,FALSE,0,ecol_Biotin,Eco,3146,0.333333333,Biotin
51,3.857664234,0.019847543,0.259224219,0.155555556,10,10,7,Amino Acid Metabolism,FALSE,sac_Pyroglutamate,5.9,0,10,,,0,0.961382916,FALSE,0,sac_Pyroglutamate,sac,41144,0.189655172,Pyroglutamate
42,3.531021898,0.001568056,0.283204134,0,2,2,7,Carbon Metabolism,FALSE,ecol_pgi KO,46,0,2,,,0,0.965797001,FALSE,0,ecol_pgi KO,Eco,3286,0.505617978,pgi KO
92,6.372262774,0,0.156930126,0,1,1,10,Structural Components,FALSE,pae_PA1226,2,0,1,,,0,0.927401854,FALSE,0,pae_PA1226,Pae,0,0,PA1226
30,4.476277372,0.007388417,0.223399918,0.142857143,7,7,8,Amino Acid Metabolism,FALSE,sac_Arginine,6,0,7,,,0,0.953023279,FALSE,0,sac_Arginine,sac,10120,0.208791209,Arginine
14,4.572992701,0.00676329,0.21867518,0.392857143,8,8,8,Other Functional,FALSE,sac_translation-2,6,0,8,,,0,0.951716315,TRUE,0,sac_translation-2,sac,8950,0.302631579,translation-2
25,4.26459854,0.001685463,0.234488661,0.533333333,6,6,8,Energy Metabolism,FALSE,ecol_FDH-N/NRA,7.166666667,0,6,,,0,0.955883804,FALSE,0,ecol_FDH-N/NRA,Eco,2684,0.28,FDH-N/NRA
4,4.124087591,0.005348047,0.242477876,0.266666667,6,6,8,Energy Metabolism,FALSE,ecol_N Reduction,8.333333333,0,6,,,0,0.9577826,FALSE,0,ecol_N Reduction,Eco,7514,0.225225225,N Reduction
17,4.52189781,0.002693428,0.221146086,0.333333333,3,3,7,Amino Acid Metabolism,FALSE,pae_AmiE,3.666666667,0,3,,,0,0.952406786,FALSE,0,pae_AmiE,Pae,3412,0.555555556,AmiE
59,4.51459854,9.42E-04,0.221503638,0.5,4,4,8,Carbon Metabolism,FALSE,ecol_Xylose,8.25,0,4,,,0,0.952505425,FALSE,0,ecol_Xylose,Eco,978,0.380952381,Xylose
27,5.067518248,0,0.197335254,0,1,1,9,Secondary Metabolism,FALSE,pae_RiPP,6,0,1,,,0,0.945033537,FALSE,0,pae_RiPP,Pae,0,0,RiPP
31,4.52189781,0.008551742,0.221146086,0.166666667,4,4,8,Envelope Stress,FALSE,ecol_EvgA,7.75,0,4,,,0,0.952406786,FALSE,0,ecol_EvgA,Eco,10734,0.278846154,EvgA
15,4.211678832,0.011834688,0.237435009,0.266666667,6,6,7,Stress Response,FALSE,pae_RpoS-1,5,0,6,,,0,0.956598935,FALSE,0,pae_RpoS-1,Pae,15656,0.268518519,RpoS-1
29,4.863138686,0.001871856,0.205628518,0,2,2,8,Uncharacterized,FALSE,sac_single_gene_2,7,0,2,,,0,0.947795423,FALSE,0,sac_single_gene_2,sac,1222,0.5,single_gene_2
18,5.680656934,0.002790326,0.176035978,0.333333333,4,4,9,Structural Components,FALSE,pae_FleN-2,3.25,0,4,,,0,0.936747879,FALSE,0,pae_FleN-2,Pae,4492,0.5,FleN-2
60,6.71350365,0,0.14895352,0,1,1,10,Stress Response,FALSE,sac_UV-tfb3,3,0,1,,,0,0.922790491,FALSE,0,sac_UV-tfb3,sac,0,0,UV-tfb3
14,3.777372263,0.051329735,0.2647343,0.131868132,14,14,7,Other Functional,FALSE,sac_translation-1,6.428571429,0,14,,,0,0.962467942,TRUE,0,sac_translation-1,sac,65484,0.116758242,translation-1
45,6.653284672,0,0.1503017,0,1,1,10,Uncharacterized,FALSE,ecol_IS1,3,0,1,,,0,0.923604261,FALSE,0,ecol_IS1,Eco,0,0,IS1
7,3.885036496,0.010202457,0.257397839,0.254545455,11,11,7,Amino Acid Metabolism,FALSE,sac_LysM,8.090909091,0,11,,,0,0.96101302,TRUE,0,sac_LysM,sac,17068,0.193181818,LysM
9,4.237226277,1.12E-04,0.236003445,0.666666667,3,3,7,Energy Metabolism,FALSE,ecol_cydB/appC KO,9.333333333,0,3,,,0,0.956253699,FALSE,0,ecol_cydB/appC KO,Eco,210,0.444444444,cydB/appC KO
17,4.667883212,0.001848731,0.214229867,0,2,2,8,Carbon Metabolism,FALSE,ecol_FucR/ExuR,9,0,2,,,0,0.950434011,FALSE,0,ecol_FucR/ExuR,Eco,2084,0.5,FucR/ExuR
2,3.346715328,0.015200945,0.298800436,0.409090909,12,12,6,Carbon Metabolism,FALSE,pae_AtuR,18.33333333,0,12,,,0,0.968287631,FALSE,0,pae_AtuR,Pae,24316,0.164414414,AtuR
2,3.160583942,0.014690973,0.316397229,0.331578947,20,20,6,Amino Acid Metabolism,FALSE,pae_LiuR,18.7,0,20,,,0,0.97080292,FALSE,0,pae_LiuR,Pae,36394,0.11835443,LiuR
7,3.870437956,0.005536671,0.258368694,0.285714286,7,7,7,Uncharacterized,FALSE,sac_single_gene_1,9.714285714,0,7,,,0,0.961210298,TRUE,0,sac_single_gene_1,sac,9994,0.250965251,single_gene_1
32,4.149635036,0.00645379,0.240985048,0.357142857,8,8,8,Metal Homeostasis,FALSE,pae_Zur-2,9.875,0,8,,,0,0.957437364,FALSE,0,pae_Zur-2,Pae,12548,0.240853659,Zur-2
33,3.333941606,0.035181671,0.299945265,0.121212121,22,22,7,Misc Metabolism,FALSE,sac_Phenylacetate,10.59090909,0,22,,,0,0.968460249,FALSE,0,sac_Phenylacetate,sac,75080,0.102846648,Phenylacetate
93,4.010948905,0.005246734,0.249317561,0.166666667,4,4,7,Carbon Metabolism,FALSE,pae_PtxS,8.25,0,4,,,0,0.959311501,FALSE,0,pae_PtxS,Pae,5718,0.287037037,PtxS
61,4.616788321,0.003187265,0.216600791,0.166666667,4,4,8,Amino Acid Metabolism,FALSE,sac_Purine,4.75,0,4,,,0,0.951124482,FALSE,0,sac_Purine,sac,3346,0.283333333,Purine
53,4.410583942,3.52E-04,0.226727348,0.333333333,3,3,8,Misc Metabolism,FALSE,sac_HMG-CoA,6.333333333,0,3,,,0,0.953911028,FALSE,0,sac_HMG-CoA,sac,400,0.375,HMG-CoA
34,5.051094891,2.52E-04,0.197976879,0.5,4,4,9,Envelope Stress,FALSE,ecol_CpxR,5,0,4,,,0,0.945255474,FALSE,0,ecol_CpxR,Eco,504,0.431818182,CpxR
62,3.961678832,0.004888819,0.25241824,0,6,6,7,Other Functional,FALSE,sac_YtrA,5.333333333,0,6,,,0,0.959977313,FALSE,0,sac_YtrA,sac,9422,0.196969697,YtrA
63,4.50729927,0,0.221862348,0,1,1,8,Extracellular Structures,FALSE,ecol_Curli-2,5,0,1,,,0,0.952604064,FALSE,0,ecol_Curli-2,Eco,0,0,Curli-2
,3.032846715,0.074966942,0.329723225,0.090909091,34,34,6,Misc Metabolism,FALSE,sac_XylR-SoxM,11.5,0,34,,,0,0.972529098,FALSE,0,sac_XylR-SoxM,sac,131712,0.062378798,XylR-SoxM
29,4.791970803,0.003800326,0.208682407,0.166666667,4,4,8,Quorum Sensing,FALSE,ecol_Quorum Sensing,4.25,0,4,,,0,0.948757151,FALSE,0,ecol_Quorum Sensing,Eco,3396,0.288461538,Quorum Sensing
3,4.350364964,0,0.229865772,0,1,1,8,,FALSE,pae_Singlet-4,24,0,1,,,0,0.954724798,FALSE,0,pae_Singlet-4,Pae,0,0,Singlet-4
23,3.408759124,0.009941349,0.293361884,0.142857143,14,14,7,Misc Metabolism,FALSE,sac_carbon-fixation,12.28571429,0,14,,,0,0.967449201,FALSE,0,sac_carbon-fixation,sac,17758,0.141176471,carbon-fixation
,3.76459854,0.012515672,0.265632574,0.166666667,9,9,7,Amino Acid Metabolism,FALSE,pae_ArgR-1,9.555555556,0,9,,,0,0.96264056,FALSE,0,pae_ArgR-1,Pae,16560,0.162698413,ArgR-1
13,3.328467153,0.032756772,0.300438596,0.034632035,22,22,7,Stress Response,FALSE,sac_cold-stress,7.318181818,0,22,,,0,0.968534228,FALSE,0,sac_cold-stress,sac,58424,0.07205029,cold-stress
35,3.768248175,0.007512284,0.265375303,0.361111111,9,9,7,Metal Homeostasis,FALSE,ecol_Nickel,10.88888889,0,9,,,0,0.962591241,FALSE,0,ecol_Nickel,Eco,13878,0.165811966,Nickel
5,3.826642336,0.001810365,0.261325703,0.428571429,8,8,7,Secondary Metabolism,FALSE,pae_QscR-2,10.5,0,8,,,0,0.961802131,FALSE,0,pae_QscR-2,Pae,4776,0.235795455,QscR-2
45,5.655109489,0.007292598,0.176831236,0,3,3,9,Uncharacterized,FALSE,ecol_IS Elements-2,1.333333333,0,3,,,0,0.937093115,FALSE,0,ecol_IS Elements-2,Eco,10466,0.333333333,IS Elements-2
64,4.131386861,2.37E-04,0.24204947,0.666666667,3,3,7,Uncharacterized,FALSE,pae_Uncharacterized-3,10.33333333,0,3,,,0,0.957683961,FALSE,0,pae_Uncharacterized-3,Pae,410,0.382716049,Uncharacterized-3
36,3.677007299,0.06305538,0.271960298,0.019607843,18,18,7,Other Functional,FALSE,sac_Fe-S-lipoylation,4.333333333,0,18,,,0,0.963824226,FALSE,0,sac_Fe-S-lipoylation,sac,105238,0.074829932,Fe-S-lipoylation
55,4.79379562,0.009741015,0.208602969,0.1,5,5,9,Envelope Stress,FALSE,ecol_baeR KO,5.8,0,5,,,0,0.948732492,FALSE,0,ecol_baeR KO,Eco,18512,0.288888889,baeR KO
94,4.339416058,0.001340901,0.230445753,0,3,3,7,Vitamin B,FALSE,sac_Riboflavin,4,0,3,,,0,0.954872756,FALSE,0,sac_Riboflavin,sac,1552,0.333333333,Riboflavin
95,3.762773723,0.005786932,0.265761397,0.285714286,8,8,7,Amino Acid Metabolism,FALSE,ecol_Lrp,13,0,8,,,0,0.96266522,FALSE,0,ecol_Lrp,Eco,14490,0.216101695,Lrp
12,3.990875912,0.012329871,0.250571559,0.214285714,8,8,8,Metal Homeostasis,FALSE,pae_FoxR,10.875,0,8,,,0,0.959582758,FALSE,0,pae_FoxR,Pae,23598,0.21,FoxR
23,2.854014599,0.085843414,0.350383632,0.087394958,35,35,6,Misc Metabolism,FALSE,sac_fatty-acid-related,12.22857143,0,35,,,0,0.974945749,FALSE,0,sac_fatty-acid-related,sac,131556,0.060301508,fatty-acid-related
94,4.627737226,1.20E-04,0.216088328,0,2,2,7,Vitamin B,FALSE,sac_niacin-transport,4,0,2,,,0,0.950976524,FALSE,0,sac_niacin-transport,sac,198,0.5,niacin-transport
65,4.078467153,0.001492486,0.245190157,0.333333333,3,3,8,Uncharacterized,FALSE,ecol_ldrA,10.66666667,0,3,,,0,0.958399093,FALSE,0,ecol_ldrA,Eco,1904,0.356321839,ldrA
19,3.260948905,0.007529322,0.306659205,0.555555556,9,9,6,Carbon Metabolism,FALSE,pae_GlpR,21.44444444,0,9,,,0,0.969446636,FALSE,0,pae_GlpR,Pae,19894,0.160401003,GlpR
7,5.031021898,0,0.198766775,1,2,2,9,Amino Acid Metabolism,FALSE,ecol_thrA KO,8,0,2,,,0,0.945526731,TRUE,0,ecol_thrA KO,Eco,0,0.571428571,thrA KO
14,4.616788321,1.75E-04,0.216600791,0.933333333,6,6,8,,FALSE,pae_Translational-1,8.333333333,0,6,,,0,0.951124482,TRUE,0,pae_Translational-1,Pae,532,0.416666667,Translational-1
66,6.857664234,0,0.145822246,0,1,1,10,Carbon Metabolism,FALSE,ecol_Superoxide,3,0,1,,,0,0.920842375,FALSE,0,ecol_Superoxide,Eco,0,0,Superoxide
6,3.395985401,0.017961077,0.294465341,0.1,5,5,7,Antibiotic Resistance,FALSE,pae_MexS-1,27.8,0,5,,,0,0.967621819,FALSE,0,pae_MexS-1,Pae,32744,0.247272727,MexS-1
54,3.569343066,0.019336799,0.280163599,0.064102564,13,13,7,Genomic,FALSE,sac_pseudogene,8.692307692,0,13,,,0,0.965279148,FALSE,0,sac_pseudogene,sac,42192,0.131513648,pseudogene
96,4.25729927,0.003565823,0.234890699,0,3,3,8,Translation,FALSE,pae_Uncharacterized-8,6,0,3,,,0,0.955982442,FALSE,0,pae_Uncharacterized-8,Pae,5566,0.333333333,Uncharacterized-8
9,3.826642336,0,0.261325703,1,4,4,7,Other Functional,FALSE,sac_SoxL2N,19.75,0,4,,,0,0.961802131,FALSE,0,sac_SoxL2N,sac,0,0.340517241,SoxL2N
,3.979927007,0.011841822,0.25126089,0,7,7,7,Stress Response,FALSE,sac_heat-stress,5.714285714,0,7,,,0,0.959730716,FALSE,0,sac_heat-stress,sac,15072,0.147321429,heat-stress
97,1,0,1,0,1,1,1,Prophages,FALSE,sen_psp,1,0,1,,,0,1,FALSE,0,sen_psp,Sen,0,0,psp
19,3.333941606,0.004189853,0.299945265,0.714285714,8,8,6,Carbon Metabolism,FALSE,ecol_Glycerol,21.5,0,8,,,0,0.968460249,FALSE,0,ecol_Glycerol,Eco,13458,0.17768595,Glycerol
67,6.399635036,0,0.156258911,1,2,2,10,Carbon Metabolism,FALSE,ecol_Sorbitol,2.5,0,2,,,0,0.927031959,FALSE,0,ecol_Sorbitol,Eco,0,0.833333333,Sorbitol
6,5.069343066,8.05E-05,0.197264219,0.333333333,3,3,9,Antibiotic Resistance,FALSE,pae_EsrC,6,0,3,,,0,0.945008877,FALSE,0,pae_EsrC,Pae,86,0.435897436,EsrC
98,3.647810219,0.003649635,0.274137069,0,2,2,7,Nucleotide Metabolism,FALSE,ecol_Nucleoside,37.5,0,2,,,0,0.964218781,FALSE,0,ecol_Nucleoside,Eco,3404,0.5,Nucleoside
17,4.412408759,0.020865363,0.226633581,0.111111111,9,9,8,Uncharacterized,FALSE,pae_Uncharacterized-5,4.111111111,0,9,,,0,0.953886368,FALSE,0,pae_Uncharacterized-5,Pae,23140,0.154589372,Uncharacterized-5
99,3.976277372,0.002531645,0.25149151,0.166666667,4,4,7,Uncharacterized,FALSE,sen_Macrophage,12,0,4,,,0,0.959780036,FALSE,0,sen_Macrophage,Sen,3844,0.328571429,Macrophage
100,1,0,1,0,1,1,1,Secretion System,FALSE,pae_Sfa2,1,0,1,,,0,1,FALSE,0,pae_Sfa2,Pae,0,0,Sfa2
68,3.906934307,0.00365474,0.255955161,0.1,5,5,7,Energy Metabolism,FALSE,sen_nsrR,9.2,0,5,,,0,0.960717104,FALSE,0,sen_nsrR,Sen,4384,0.215,nsrR
101,5.262773723,0,0.19001387,0,1,1,8,Amino Acid Metabolism,FALSE,pae_GcsR,2,0,1,,,0,0.94239495,FALSE,0,pae_GcsR,Pae,0,0,GcsR
30,5.474452555,0,0.182666667,0,1,1,9,Uncharacterized,FALSE,sen_yji-operon,7,0,1,,,0,0.939534425,FALSE,0,sen_yji-operon,Sen,0,0,yji-operon
4,5.239051095,0.003649635,0.19087426,0,2,2,9,Energy Metabolism,FALSE,sen_narL,2.5,0,2,,,0,0.942715526,FALSE,0,sen_narL,Sen,3964,0.5,narL
102,4.359489051,0.006183647,0.22938468,0.2,6,6,8,Metal Homeostasis,FALSE,ecol_Ferric Citrate,7,0,6,,,0,0.954601499,FALSE,0,ecol_Ferric Citrate,Eco,8760,0.24691358,Ferric Citrate
103,5.795620438,4.38E-04,0.172544081,0,2,2,9,Amino Acid Metabolism,FALSE,ecol_Methionine,3,0,2,,,0,0.935194318,FALSE,0,ecol_Methionine,Eco,468,0.5,Methionine
5,4.226277372,4.01E-04,0.236614853,0.6,5,5,8,Uncharacterized,FALSE,pae_Uncharacterized-11,12.2,0,5,,,0,0.956401657,FALSE,0,pae_Uncharacterized-11,Pae,952,0.321052632,Uncharacterized-11
57,5.348540146,0.003968233,0.186966905,0,2,2,9,Cell wall/membrane/envelope biogenesis,FALSE,sen_O-antigen,3.5,0,2,,,0,0.941235944,FALSE,0,sen_O-antigen,Sen,7012,0.5,O-antigen
32,4.505474453,0.00234655,0.221952207,0.6,5,5,8,Metal Homeostasis,FALSE,ecol_Zinc-1,6.8,0,5,,,0,0.952628724,FALSE,0,ecol_Zinc-1,Eco,5904,0.323809524,Zinc-1
4,4.910583942,3.79E-04,0.203641769,0,2,2,8,Misc Metabolism,FALSE,pae_BexR,5,0,2,,,0,0.947154271,FALSE,0,pae_BexR,Pae,464,0.5,BexR
104,3.625912409,0.001383218,0.275792652,0,2,2,7,Uncharacterized,FALSE,sen_unchar-12,38,0,2,,,0,0.964514697,FALSE,0,sen_unchar-12,Sen,1226,0.5,unchar-12
37,4.629562044,0.005052159,0.216003153,0.6,5,5,8,Temperature Shock,FALSE,ecol_RpoH,6.8,0,5,,,0,0.950951864,FALSE,0,ecol_RpoH,Eco,14054,0.309090909,RpoH
105,3.423357664,0.008255034,0.292110874,0.19047619,7,7,6,Misc Metabolism,FALSE,pae_ErbR-2,20.14285714,0,7,,,0,0.967251923,FALSE,0,pae_ErbR-2,Pae,10684,0.174185464,ErbR-2
106,4.408759124,0.002299488,0.226821192,0,2,2,8,Uncharacterized,FALSE,sen_unchar-11,10.5,0,2,,,0,0.953935688,FALSE,0,sen_unchar-11,Sen,4198,0.5,unchar-11
107,3.53649635,0.014399378,0.282765738,0.311111111,10,10,6,Carbon Metabolism,FALSE,pae_NagQ,14.9,0,10,,,0,0.965723022,FALSE,0,pae_NagQ,Pae,20612,0.182716049,NagQ
2,5.538321168,0,0.180560132,1,3,3,9,Stress Response,FALSE,sen_csp-2,4.333333333,0,3,,,0,0.938671336,FALSE,0,sen_csp-2,Sen,0,0.619047619,csp-2
65,3.72810219,0.005441522,0.268232991,0.133333333,6,6,7,Uncharacterized,FALSE,ecol_ldrC,12.83333333,0,6,,,0,0.963133754,FALSE,0,ecol_ldrC,Eco,7932,0.211864407,ldrC
100,1,0,1,0,1,1,1,Secretion System,FALSE,pae_TagR1,1,0,1,,,0,1,FALSE,0,pae_TagR1,Pae,0,0,TagR1
16,3.837591241,0.01846244,0.260580124,0.388888889,9,9,7,Nitrogen Metabolism,FALSE,ecol_FucR/AllR/AraC,8.777777778,0,9,,,0,0.961654172,FALSE,0,ecol_FucR/AllR/AraC,Eco,21912,0.211111111,FucR/AllR/AraC
69,4.195255474,0.003670283,0.238364506,0,3,3,7,Amino Acid Metabolism,FALSE,sen_argR-1,4.666666667,0,3,,,0,0.956820872,FALSE,0,sen_argR-1,Sen,3718,0.333333333,argR-1
70,3.848540146,6.40E-04,0.259838786,0,2,2,7,Stress Response,FALSE,salb_Stress Response,18.5,0,2,,,0,0.961506214,FALSE,0,salb_Stress Response,Sal,832,0.514705882,Stress Response
108,4.46350365,0.003649635,0.224039248,0,2,2,8,Prophages,FALSE,salb_Prophages,9.5,0,2,,,0,0.953195897,FALSE,0,salb_Prophages,Sal,7136,0.5,Prophages
21,3.611313869,0.008200798,0.276907529,0.333333333,4,4,7,Energy Metabolism,FALSE,ecol_pts ALE,23.25,0,4,,,0,0.964711975,FALSE,0,ecol_pts ALE,Eco,9914,0.283950617,pts ALE
71,4.25729927,0.01107834,0.234890699,0.214285714,8,8,8,Carbon Metabolism,FALSE,salb_Galactose,5.5,0,8,,,0,0.955982442,FALSE,0,salb_Galactose,Sal,16958,0.189814815,Galactose
107,4.534671533,0,0.220523139,0,1,1,7,Carbon Metabolism,FALSE,ecol_GlcNAc,10,0,1,,,0,0.952234168,FALSE,0,ecol_GlcNAc,Eco,0,0,GlcNAc
25,4.644160584,8.00E-04,0.215324165,0.533333333,6,6,8,Energy Metabolism,FALSE,sen_rstA,6.166666667,0,6,,,0,0.950754587,FALSE,0,sen_rstA,Sen,1204,0.342592593,rstA
11,4.01459854,2.32E-04,0.249090909,0,2,2,7,Energy Metabolism,FALSE,ecol_FDH-O,21,0,2,,,0,0.959262182,FALSE,0,ecol_FDH-O,Eco,1014,0.555555556,FDH-O
40,3.857664234,0.009149307,0.259224219,0.181818182,11,11,7,Metal Homeostasis,FALSE,sen_fur-1,7.636363636,0,11,,,0,0.961382916,FALSE,0,sen_fur-1,Sen,12572,0.171247357,fur-1
18,6.822992701,0,0.146563252,0,1,1,10,Extracellular Structures,FALSE,ecol_Flagella,5,0,1,,,0,0.921310909,FALSE,0,ecol_Flagella,Eco,0,0,Flagella
10,5.319343066,0,0.187993139,0,1,1,9,Quorum Sensing,FALSE,pae_Quorum sensing,9,0,1,,,0,0.941630499,FALSE,0,pae_Quorum sensing,Pae,0,0,Quorum sensing
72,4.662408759,0.001384727,0.214481409,0,3,3,8,Amino Acid Metabolism,FALSE,pae_Anr-4,7,0,3,,,0,0.95050799,FALSE,0,pae_Anr-4,Pae,1438,0.352941176,Anr-4
19,3.605839416,0.018170464,0.277327935,0.175824176,14,14,7,Membrane Transport,FALSE,salb_Gas Vesicle,9.142857143,0,14,,,0,0.964785954,FALSE,0,salb_Gas Vesicle,Sal,34230,0.125,Gas Vesicle
12,3.578467153,0.002742008,0.279449261,0.333333333,3,3,6,Uncharacterized,FALSE,salb_UC-10,32.33333333,0,3,,,0,0.965155849,FALSE,0,salb_UC-10,Sal,8428,0.376470588,UC-10
52,4.399635036,0.002363724,0.22729158,0,2,2,8,Carbon Metabolism,FALSE,ecol_YgeV,14,0,2,,,0,0.954058986,FALSE,0,ecol_YgeV,Eco,2150,0.5,YgeV
106,5.020072993,5.28E-04,0.199200291,0.333333333,3,3,9,Uncharacterized,FALSE,pae_Uncharacterized-14,6,0,3,,,0,0.945674689,FALSE,0,pae_Uncharacterized-14,Pae,552,0.515151515,Uncharacterized-14
46,4.063868613,0.005312433,0.246070947,0.4,6,6,7,Phosphate Metabolism,FALSE,salb_Phosphate,5.5,0,6,,,0,0.95859637,TRUE,0,salb_Phosphate,Sal,6312,0.289473684,Phosphate
2,4.02919708,3.44E-05,0.248188406,0.733333333,6,6,7,Carbon Metabolism,FALSE,ecol_SCFA,12.5,0,6,,,0,0.959064904,FALSE,0,ecol_SCFA,Eco,102,0.378787879,SCFA
8,4.458029197,0.004832984,0.224314368,0.363636364,12,12,8,Metal Homeostasis,FALSE,pae_CysB-3,7.833333333,0,12,,,0,0.953269876,FALSE,0,pae_CysB-3,Pae,7898,0.234848485,CysB-3
34,4.97080292,0.005377898,0.201174743,0.266666667,6,6,9,Uncharacterized,FALSE,salb_UC-8,5.166666667,0,6,,,0,0.946340501,FALSE,0,salb_UC-8,Sal,8406,0.241666667,UC-8
109,3.667883212,0.002184608,0.272636816,0.333333333,3,3,6,Strain Difference,FALSE,ecol_BW25113,19.33333333,0,3,,,0,0.963947524,FALSE,0,ecol_BW25113,Eco,3434,0.38,BW25113
23,3.669708029,0.003158439,0.272501243,0.333333333,4,4,7,Carbon Metabolism,FALSE,pae_LaoR,18.75,0,4,,,0,0.963922864,FALSE,0,pae_LaoR,Pae,4424,0.308333333,LaoR
101,4.26459854,0.003649635,0.234488661,0,2,2,7,Amino Acid Metabolism,FALSE,ecol_Glycine,6,0,2,,,0,0.955883804,FALSE,0,ecol_Glycine,Eco,4072,0.5,Glycine
28,4.421532847,8.63E-05,0.22616591,0.833333333,4,4,8,Quorum Sensing,FALSE,pae_AHL,9.5,0,4,,,0,0.95376307,FALSE,0,pae_AHL,Pae,270,0.413043478,AHL
3,3.658759124,0.022600659,0.273316708,0.2,10,10,7,Secondary Metabolism,FALSE,salb_Antimycin,9.5,0,10,,,0,0.964070823,FALSE,0,salb_Antimycin,Sal,29384,0.143076923,Antimycin
33,3.357664234,0.005462762,0.297826087,0.311111111,10,10,7,Carbon Metabolism,FALSE,ecol_PaaX,18.5,0,10,,,0,0.968139673,FALSE,0,ecol_PaaX,Eco,14342,0.162831858,PaaX
1,3.304744526,0.005964945,0.302595251,0.222222222,9,9,6,Uncharacterized,FALSE,salb_UC-9,18.77777778,0,9,,,0,0.968854804,FALSE,0,salb_UC-9,Sal,10080,0.158594492,UC-9
1,4.467153285,0,0.223856209,0,1,1,8,Uncharacterized,FALSE,ecol_ypjJ,18,0,1,,,0,0.953146577,FALSE,0,ecol_ypjJ,Eco,0,0,ypjJ
9,3.656934307,0.004980468,0.273453094,0.444444444,10,10,7,Metal Homeostasis,FALSE,pae_Fur,13.2,0,10,,,0,0.964095482,FALSE,0,pae_Fur,Pae,9962,0.187142857,Fur
41,4.490875912,0.006609573,0.22267371,0,4,4,8,Secondary Metabolism,FALSE,salb_SGR PTM,5,0,4,,,0,0.952826001,FALSE,0,salb_SGR PTM,Sal,6746,0.25,SGR PTM
99,4.759124088,2.98E-05,0.210122699,0,2,2,8,Amino Acid Metabolism,FALSE,ecol_Tryptophan,4,0,2,,,0,0.949201026,FALSE,0,ecol_Tryptophan,Eco,78,0.5,Tryptophan
24,4.819343066,0.004490128,0.20749716,0.5,4,4,8,Uncharacterized,FALSE,salb_UC-6,5.25,0,4,,,0,0.948387256,FALSE,0,salb_UC-6,Sal,5472,0.384615385,UC-6
38,4.607664234,0.003550066,0.217029703,0.1,5,5,8,Amino Acid Metabolism,FALSE,ecol_Thr/Ser-1,4,0,5,,,0,0.951247781,FALSE,0,ecol_Thr/Ser-1,Eco,4528,0.242857143,Thr/Ser-1
25,4.26459854,0.002079975,0.234488661,0.4,6,6,8,Amino Acid Metabolism,FALSE,pae_NarL,6.333333333,0,6,,,0,0.955883804,FALSE,0,pae_NarL,Pae,2774,0.3,NarL
110,5.401459854,7.29E-04,0.185135135,0,2,2,9,Uncharacterized,FALSE,salb_UC-7,3.5,0,2,,,0,0.940520813,FALSE,0,salb_UC-7,Sal,1338,0.5,UC-7
16,3.184306569,0.019039389,0.314040115,0.321637427,19,19,6,Amino Acid Metabolism,FALSE,salb_Valine,17.36842105,0,19,,,0,0.970482344,FALSE,0,salb_Valine,Sal,33108,0.12145749,Valine
73,4.468978102,3.39E-04,0.223764802,0.666666667,3,3,8,Energy Metabolism,FALSE,ecol_FHL,8,0,3,,,0,0.953121918,FALSE,0,ecol_FHL,Eco,582,0.4,FHL
19,3.208029197,0.0278105,0.311717861,0.2,15,15,6,Carbon Metabolism,FALSE,salb_Glycerol,14.86666667,0,15,,,0,0.970161768,FALSE,0,salb_Glycerol,Sal,51972,0.100456621,Glycerol
111,4.083941606,0,0.244861483,1,2,2,7,Metal Homeostasis,FALSE,ecol_Molybdenum,11,0,2,,,0,0.958325113,FALSE,0,ecol_Molybdenum,Eco,0,0.55,Molybdenum
5,3.777372263,0.014208415,0.2647343,0.047619048,7,7,7,Secondary Metabolism,FALSE,salb_BGC-General,8.428571429,0,7,,,0,0.962467942,FALSE,0,salb_BGC-General,Sal,19558,0.171428571,BGC-General
40,4.660583942,6.82E-05,0.214565388,0,2,2,8,Uncharacterized,FALSE,ecol_yjjZ,9.5,0,2,,,0,0.950532649,FALSE,0,ecol_yjjZ,Eco,128,0.53125,yjjZ
47,4.490875912,6.47E-04,0.22267371,0,2,2,8,Uncharacterized,FALSE,pae_Uncharacterized-12,7.5,0,2,,,0,0.952826001,FALSE,0,pae_Uncharacterized-12,Pae,504,0.5,Uncharacterized-12
24,4.888686131,0.00579044,0.204553938,0.4,5,5,8,,FALSE,pae_Translational-3,4.4,0,5,,,0,0.947450187,FALSE,0,pae_Translational-3,Pae,6470,0.323076923,Translational-3
1,3.270072993,0.013439474,0.305803571,0.272727273,11,11,6,Carbon Metabolism,FALSE,pae_AcoR,19.09090909,0,11,,,0,0.969323338,FALSE,0,pae_AcoR,Pae,20780,0.144344205,AcoR
84,4.109489051,0.007718528,0.243339254,0.166666667,9,9,8,Carbon Metabolism,FALSE,salb_Xylose,7.555555556,0,9,,,0,0.957979878,FALSE,0,salb_Xylose,Sal,9708,0.205882353,Xylose
15,4.461678832,0.003007105,0.224130879,0.333333333,3,3,7,Uncharacterized,FALSE,pae_Uncharacterized-4,5.333333333,0,3,,,0,0.953220556,FALSE,0,pae_Uncharacterized-4,Pae,5762,0.555555556,Uncharacterized-4
70,3.167883212,0.052989298,0.315668203,0.110671937,23,23,6,Secondary Metabolism,FALSE,salb_Surugamide-1,10.95652174,0,23,,,0,0.970704281,FALSE,0,salb_Surugamide-1,Sal,87774,0.08139915,Surugamide-1
28,4.01459854,0.011053024,0.249090909,0.196969697,12,12,8,Amino Acid Metabolism,FALSE,salb_CysB,7,0,12,,,0,0.959262182,FALSE,0,salb_CysB,Sal,17478,0.189814815,CysB
35,3.686131387,0.004911022,0.271287129,0.416666667,9,9,7,Amino Acid Metabolism,FALSE,ecol_Dipeptide,11.88888889,0,9,,,0,0.963700927,FALSE,0,ecol_Dipeptide,Eco,11632,0.16984127,Dipeptide
12,4.479927007,4.12E-04,0.223217923,0.533333333,6,6,8,Uncharacterized,FALSE,salb_UC-5,11.66666667,0,6,,,0,0.952973959,FALSE,0,salb_UC-5,Sal,1132,0.432098765,UC-5
48,4.458029197,0.009076614,0.224314368,0.266666667,6,6,8,Structural Components,FALSE,pae_Cell Division,6.333333333,0,6,,,0,0.953269876,FALSE,0,pae_Cell Division,Pae,15734,0.293650794,Cell Division
63,3.894160584,0.002742192,0.256794752,0,4,4,7,Extracellular Structures,FALSE,ecol_Curli-1,12.25,0,4,,,0,0.960889722,FALSE,0,ecol_Curli-1,Eco,5734,0.261627907,Curli-1
34,4.072992701,0.025275243,0.245519713,0.178571429,8,8,8,Antibiotic Resistance,FALSE,pae_CzcR,8.375,0,8,,,0,0.958473072,FALSE,0,pae_CzcR,Pae,37804,0.159313725,CzcR
69,3.512773723,0.003503775,0.284675325,0.333333333,3,3,7,Uncharacterized,FALSE,ecol_yneP,37,0,3,,,0,0.966043598,FALSE,0,ecol_yneP,Eco,3524,0.37414966,yneP
16,3.408759124,0.013836657,0.293361884,0.291666667,16,16,7,Amino Acid Metabolism,FALSE,pae_MmsR,14.4375,0,16,,,0,0.967449201,FALSE,0,pae_MmsR,Pae,23560,0.13620283,MmsR
32,5.501824818,0,0.181757877,1,2,2,9,Metal Homeostasis,FALSE,pae_Zur-1,5,0,2,,,0,0.939164529,FALSE,0,pae_Zur-1,Pae,0,1,Zur-1
7,4.111313869,0.00515126,0.243231247,0.378787879,12,12,8,Amino Acid Metabolism,FALSE,salb_Leucine,8.166666667,0,12,,,0,0.957955218,TRUE,0,salb_Leucine,Sal,9686,0.207264957,Leucine
22,5.427007299,1.54E-04,0.184263618,0.666666667,3,3,9,DNA Damage,FALSE,salb_DNA Damage,4.666666667,0,3,,,0,0.940175577,FALSE,0,salb_DNA Damage,Sal,272,0.583333333,DNA Damage
59,4.689781022,0,0.213229572,1,3,3,8,Carbon Metabolism,FALSE,ecol_Ribose,8,0,3,,,0,0.950138094,FALSE,0,ecol_Ribose,Eco,0,0.533333333,Ribose
25,4.417883212,0.001511083,0.226352747,0.6,6,6,8,Amino Acid Metabolism,FALSE,pae_Anr-3,7.5,0,6,,,0,0.953812389,FALSE,0,pae_Anr-3,Pae,2806,0.3,Anr-3
1,3.53649635,3.21E-04,0.282765738,0,2,2,6,Uncharacterized,FALSE,salb_UC-4,48,0,2,,,0,0.965723022,FALSE,0,salb_UC-4,Sal,1708,0.540229885,UC-4
35,3.726277372,0.00549343,0.268364349,0.333333333,9,9,7,Nitrogen Metabolism,FALSE,ecol_NtrC-1,11,0,9,,,0,0.963158414,FALSE,0,ecol_NtrC-1,Eco,10368,0.180327869,NtrC-1
26,3.297445255,0.039602083,0.30326508,0.151515152,12,12,7,Metal Homeostasis,FALSE,pae_PhnR-2,14.58333333,0,12,,,0,0.968953442,FALSE,0,pae_PhnR-2,Pae,51682,0.112860892,PhnR-2
12,3.910583942,0.003930499,0.255716286,0.4,10,10,7,Metal Homeostasis,FALSE,salb_Iron Acquisition,11,0,10,,,0,0.960667785,FALSE,0,salb_Iron Acquisition,Sal,10418,0.239130435,Iron Acquisition
7,4.169708029,0.002111411,0.239824945,0.1,5,5,8,Amino Acid Metabolism,FALSE,ecol_Leu/Val/Ile,11.2,0,5,,,0,0.957166108,TRUE,0,ecol_Leu/Val/Ile,Eco,4846,0.311764706,Leu/Val/Ile
58,5.354014599,4.74E-04,0.186775733,0,2,2,9,Amino Acid Metabolism,FALSE,pae_Lrp,2.5,0,2,,,0,0.941161965,FALSE,0,pae_Lrp,Pae,440,0.5,Lrp
18,4.839416058,0.011886173,0.206636501,0.166666667,4,4,8,Structural Components,FALSE,pae_FleN-1,3.75,0,4,,,0,0.948115999,FALSE,0,pae_FleN-1,Pae,17718,0.40625,FleN-1
5,3.352189781,0.011895282,0.298312466,0.377777778,10,10,6,Secondary Metabolism,FALSE,salb_NRPS-1,17.3,0,10,,,0,0.968213652,FALSE,0,salb_NRPS-1,Sal,23392,0.166990291,NRPS-1
112,3.461678832,9.40E-04,0.288877174,0.5,4,4,6,Carbon Metabolism,FALSE,ecol_Crp-1,28.25,0,4,,,0,0.96673407,FALSE,0,ecol_Crp-1,Eco,1998,0.297368421,Crp-1
8,4.423357664,0.00293986,0.226072607,0.363636364,11,11,8,Amino Acid Metabolism,FALSE,salb_Sulfur Metabolism,7,0,11,,,0,0.95373841,FALSE,0,salb_Sulfur Metabolism,Sal,4760,0.291666667,Sulfur Metabolism
11,4.5,0,0.222222222,1,4,4,8,Energy Metabolism,FALSE,ecol_NDH-1,11,0,4,,,0,0.952702703,FALSE,0,ecol_NDH-1,Eco,0,0.523809524,NDH-1
13,3.73540146,0.001101702,0.267708842,0.2,5,5,7,,FALSE,pae_Singlet-11,11.6,0,5,,,0,0.963035115,FALSE,0,pae_Singlet-11,Pae,2258,0.238297872,Singlet-11
74,6.027372263,0.007292598,0.165909779,0,3,3,10,Metal Homeostasis,FALSE,salb_Arsenate,2,0,3,,,0,0.932062537,FALSE,0,salb_Arsenate,Sal,13254,0.333333333,Arsenate
27,4.631386861,0.004943683,0.215918046,0,3,3,8,Envelope Stress,FALSE,ecol_YieP,7.666666667,0,3,,,0,0.950927205,FALSE,0,ecol_YieP,Eco,4570,0.333333333,YieP
36,4.675182482,0,0.213895394,0,1,1,8,,FALSE,pae_Singlet-10,18,0,1,,,0,0.950335372,FALSE,0,pae_Singlet-10,Pae,0,0,Singlet-10
15,3.445255474,0.0064984,0.290254237,0.1,5,5,6,Uncharacterized,FALSE,salb_UC-3,22.2,0,5,,,0,0.966956007,FALSE,0,salb_UC-3,Sal,10776,0.225,UC-3
75,3.468978102,0.005684371,0.288269332,0.166666667,4,4,6,Uncharacterized,FALSE,ecol_UC-3,31.25,0,4,,,0,0.966635431,FALSE,0,ecol_UC-3,Eco,12702,0.295673077,UC-3
113,5.437956204,0.003649635,0.183892617,0,2,2,9,Uncharacterized,FALSE,pae_Uncharacterized-9,4,0,2,,,0,0.940027619,FALSE,0,pae_Uncharacterized-9,Pae,5088,0.5,Uncharacterized-9
4,4.094890511,0.006679384,0.244206774,0.066666667,6,6,8,Amino Acid Metabolism,FALSE,pae_Anr-2,6.666666667,0,6,,,0,0.958177155,FALSE,0,pae_Anr-2,Pae,7494,0.193548387,Anr-2
10,3.826642336,0.012989233,0.261325703,0.320512821,13,13,7,Carbon Metabolism,FALSE,salb_Cellobiose,7.692307692,0,13,,,0,0.961802131,FALSE,0,salb_Cellobiose,Sal,19468,0.186538462,Cellobiose
2,4.074817518,0.005833188,0.245409763,0,2,2,7,Fatty Acid Metabolism,FALSE,salb_Phospholipid,11.5,0,2,,,0,0.958448412,FALSE,0,salb_Phospholipid,Sal,6696,0.5,Phospholipid
17,4.686131387,0.001762566,0.213395639,0,2,2,8,Nitrogen Metabolism,FALSE,ecol_Nitrogen,9.5,0,2,,,0,0.950187414,FALSE,0,ecol_Nitrogen,Eco,1432,0.5,Nitrogen
5,3.527372263,0.00314299,0.283497155,0,3,3,6,Secondary Metabolism,FALSE,salb_Dudomycin/Minimycin,31.33333333,0,3,,,0,0.965846321,FALSE,0,salb_Dudomycin/Minimycin,Sal,4910,0.34469697,Dudomycin/Minimycin
20,4.689781022,0,0.213229572,1,3,3,8,Nitrogen Metabolism,FALSE,ecol_NtrC-2,7.666666667,0,3,,,0,0.950138094,FALSE,0,ecol_NtrC-2,Eco,0,0.511111111,NtrC-2
10,3.815693431,0.007701179,0.262075562,0.454545455,11,11,7,Carbon Metabolism,FALSE,salb_Sugar-1,9.545454545,0,11,,,0,0.961950089,FALSE,0,salb_Sugar-1,Sal,12344,0.205533597,Sugar-1
74,7.025547445,0,0.142337662,0,1,1,11,Uncharacterized,FALSE,ecol_yafF,3,0,1,,,0,0.918573683,FALSE,0,ecol_yafF,Eco,0,0,yafF
6,5.689781022,0,0.175753688,0,1,1,9,Antibiotic Resistance,FALSE,pae_CpxR,11,0,1,,,0,0.936624581,FALSE,0,pae_CpxR,Pae,0,0,CpxR
22,4.481751825,0.002470235,0.223127036,0.4,5,5,8,DNA Damage,FALSE,ecol_DNA Damage,3.8,0,5,,,0,0.9529493,FALSE,0,ecol_DNA Damage,Eco,3788,0.4,DNA Damage
44,4.609489051,0.004394165,0.216943785,0.333333333,4,4,8,Antibiotic Resistance,FALSE,pae_PmrA,6.25,0,4,,,0,0.951223121,FALSE,0,pae_PmrA,Pae,5434,0.333333333,PmrA
10,3.562043796,0.023961161,0.280737705,0.294871795,13,13,7,Carbon Metabolism,FALSE,pae_HexR-1,10.23076923,0,13,,,0,0.965377787,FALSE,0,pae_HexR-1,Pae,35664,0.138888889,HexR-1
15,3.558394161,0.024191201,0.281025641,0.111111111,9,9,6,Stress Response,FALSE,salb_RpoS,8.777777778,0,9,,,0,0.965427106,FALSE,0,salb_RpoS,Sal,30650,0.136612022,RpoS
12,4.687956204,0.001503738,0.213312573,0.4,5,5,8,Metal Homeostasis,FALSE,pae_Iron acquisition,8.8,0,5,,,0,0.950162754,FALSE,0,pae_Iron acquisition,Pae,4634,0.40952381,Iron acquisition
114,5.317518248,0.004577741,0.188057653,0,3,3,9,Amino Acid Metabolism,FALSE,salb_Histidine,3,0,3,,,0,0.941655159,FALSE,0,salb_Histidine,Sal,6406,0.333333333,Histidine
21,4.596715328,0.003131388,0.217546645,0.5,5,5,8,Carbon Metabolism,FALSE,salb_Fructose,3.8,0,5,,,0,0.951395739,FALSE,0,salb_Fructose,Sal,3604,0.542857143,Fructose
49,6.02189781,0,0.166060606,0,1,1,10,Cofactor Metabolism,FALSE,ecol_Thiamine-2,4,0,1,,,0,0.932136516,FALSE,0,ecol_Thiamine-2,Eco,0,0,Thiamine-2
76,3.640510949,0.004878435,0.274686717,0.2,6,6,7,Development,FALSE,salb_Chaplin,12.83333333,0,6,,,0,0.96431742,FALSE,0,salb_Chaplin,Sal,7002,0.202185792,Chaplin
104,4.114963504,1.55E-04,0.243015521,0,2,2,7,Redox,FALSE,ecol_SSW SNPs,13,0,2,,,0,0.957905899,FALSE,0,ecol_SSW SNPs,Eco,120,0.5,SSW SNPs
7,4.025547445,0.001569779,0.248413418,0.5,5,5,7,Secondary Metabolism,FALSE,pae_k-opioid,10.8,0,5,,,0,0.959114224,TRUE,0,pae_k-opioid,Pae,3620,0.341935484,k-opioid
54,4.386861314,6.45E-05,0.227953411,0,2,2,8,Carbon Metabolism,FALSE,ecol_crp KO-1,12.5,0,2,,,0,0.954231604,FALSE,0,ecol_crp KO-1,Eco,314,0.71875,crp KO-1
37,5.578467153,4.58E-05,0.179260713,0.833333333,4,4,9,Heat Shock Response,FALSE,pae_RpoH,4.25,0,4,,,0,0.938128822,FALSE,0,pae_RpoH,Pae,56,0.708333333,RpoH
113,6.436131387,0,0.155372838,0,1,1,10,Uncharacterized,FALSE,ecol_ROS TALE Del-1,2,0,1,,,0,0.926538765,FALSE,0,ecol_ROS TALE Del-1,Eco,0,0,ROS TALE Del-1
47,4.211678832,0.006667876,0.237435009,0,4,4,8,Uncharacterized,FALSE,pae_Uncharacterized-2,8.5,0,4,,,0,0.956598935,FALSE,0,pae_Uncharacterized-2,Pae,5796,0.25,Uncharacterized-2
20,3.812043796,0.010866225,0.262326472,0.2,6,6,7,Amino Acid Metabolism,FALSE,pae_AauR,10.16666667,0,6,,,0,0.961999408,FALSE,0,pae_AauR,Pae,13086,0.201388889,AauR
14,4.567518248,0.003414213,0.218937275,0.571428571,8,8,8,Translation,FALSE,salb_Translation,7.125,0,8,,,0,0.951790294,TRUE,0,salb_Translation,Sal,5374,0.285,Translation
115,5.140510949,2.22E-06,0.194533191,0.833333333,4,4,9,Metal Homeostasis,FALSE,pae_Anr-1,5.5,0,4,,,0,0.944047149,FALSE,0,pae_Anr-1,Pae,2,0.6875,Anr-1
,3.087591241,0.056458093,0.323877069,0.155844156,22,22,6,Carbon Metabolism,FALSE,salb_Phenylacetate,14.54545455,0,22,,,0,0.971789308,FALSE,0,salb_Phenylacetate,Sal,83212,0.086801752,Phenylacetate
9,3.855839416,9.26E-04,0.2593469,0.535714286,8,8,7,Energy Metabolism,FALSE,ecol_cyoB/kdpE/qseB KO,12.5,0,8,,,0,0.961407575,FALSE,0,ecol_cyoB/kdpE/qseB KO,Eco,2636,0.245098039,cyoB/kdpE/qseB KO
1,4.224452555,0,0.236717063,1,3,3,8,Misc Metabolism,FALSE,pae_AntR,12.66666667,0,3,,,0,0.956426317,FALSE,0,pae_AntR,Pae,0,0.436781609,AntR
77,3.439781022,0.004629064,0.29071618,0.2,5,5,7,Carbon Metabolism,FALSE,salb_Glucose,24.8,0,5,,,0,0.967029986,FALSE,0,salb_Glucose,Sal,9228,0.238834951,Glucose
116,4.583941606,0.00140708,0.218152866,0,3,3,8,Energy Metabolism,FALSE,ecol_ArcA,6.333333333,0,3,,,0,0.951568357,FALSE,0,ecol_ArcA,Eco,1476,0.333333333,ArcA
34,5.968978102,0,0.167532865,0,1,1,10,Prophages,FALSE,pae_XisF4-1,6,0,1,,,0,0.932851647,FALSE,0,pae_XisF4-1,Pae,0,0,XisF4-1
36,4.333941606,0.002155438,0.230736842,0,3,3,8,Uncharacterized,FALSE,ecol_trxC Del,10.66666667,0,3,,,0,0.954946735,FALSE,0,ecol_trxC Del,Eco,3962,0.345238095,trxC Del
3,3.808394161,0.002813443,0.262577863,0,3,3,7,Metal Homeostasis,FALSE,pae_LasR,17.33333333,0,3,,,0,0.962048728,FALSE,0,pae_LasR,Pae,3968,0.340277778,LasR
117,3.817518248,0.012668537,0.261950287,0.138888889,9,9,7,Secondary Metabolism,FALSE,salb_Paulomycin,8.888888889,0,9,,,0,0.961925429,FALSE,0,salb_Paulomycin,Sal,24480,0.196382429,Paulomycin
26,4.122262774,0,0.242585215,1,3,3,7,Metal Homeostasis,FALSE,ecol_Potassium,8,0,3,,,0,0.95780726,FALSE,0,ecol_Potassium,Eco,0,0.470588235,Potassium
27,5.00729927,0,0.199708455,1,2,2,9,Cell wall/membrane/envelope biogenesis,FALSE,salb_SigK,5,0,2,,,0,0.945847307,FALSE,0,salb_SigK,Sal,0,0.625,SigK
29,4.987226277,0.004612711,0.200512258,0.166666667,4,4,9,Uncharacterized,FALSE,pae_Uncharacterized-7,3,0,4,,,0,0.946118564,FALSE,0,pae_Uncharacterized-7,Pae,4540,0.3125,Uncharacterized-7
24,5.49270073,0.004843746,0.182059801,0.166666667,4,4,9,Uncharacterized,FALSE,salb_UC-1,4.25,0,4,,,0,0.939287828,FALSE,0,salb_UC-1,Sal,5258,0.340909091,UC-1
62,4.959854015,0,0.201618837,0,1,1,8,Uncharacterized,FALSE,ecol_ymgI,6,0,1,,,0,0.946488459,FALSE,0,ecol_ymgI,Eco,0,0,ymgI
118,3.304744526,0.014000079,0.302595251,0.138888889,9,9,6,Membrane Transport,FALSE,salb_Mce3R,20.88888889,0,9,,,0,0.968854804,FALSE,0,salb_Mce3R,Sal,29338,0.159722222,Mce3R
66,6.857664234,0,0.145822246,0,1,1,10,Redox,FALSE,ecol_Salicylic Acid,3,0,1,,,0,0.920842375,FALSE,0,ecol_Salicylic Acid,Eco,0,0,Salicylic Acid
17,4.609489051,0.006019943,0.216943785,0.4,5,5,8,Amino Acid Metabolism,FALSE,pae_HypR,7,0,5,,,0,0.951223121,FALSE,0,pae_HypR,Pae,7586,0.333333333,HypR
90,6.461678832,0,0.154758543,0,1,1,10,Uncharacterized,FALSE,pae_Uncharacterized-10,4,0,1,,,0,0.926193529,FALSE,0,pae_Uncharacterized-10,Pae,0,0,Uncharacterized-10
26,5.386861314,0,0.185636856,0,1,1,8,Secondary Metabolism,FALSE,salb_Surugamide-2,2,0,1,,,0,0.94071809,FALSE,0,salb_Surugamide-2,Sal,0,0,Surugamide-2
5,3.609489051,0.019500664,0.277047523,0.320512821,13,13,7,Secondary Metabolism,FALSE,salb_Cyclofaulknamycin-1,12.38461538,0,13,,,0,0.964736634,FALSE,0,salb_Cyclofaulknamycin-1,Sal,33814,0.158841159,Cyclofaulknamycin-1
71,4.574817518,4.23E-04,0.218587954,0.333333333,3,3,8,Carbon Metabolism,FALSE,ecol_Galactose,8.333333333,0,3,,,0,0.951691655,FALSE,0,ecol_Galactose,Eco,462,0.421052632,Galactose
1,3.399635036,0.001425648,0.294149222,0.5,5,5,7,Secondary Metabolism,FALSE,salb_Thiopeptide,33.6,0,5,,,0,0.9675725,FALSE,0,salb_Thiopeptide,Sal,5986,0.282352941,Thiopeptide
33,3.153284672,0.007595822,0.31712963,0.318681319,14,14,6,Secondary Metabolism,FALSE,salb_Candicidin/Antimycin,21.21428571,0,14,,,0,0.970901558,FALSE,0,salb_Candicidin/Antimycin,Sal,22992,0.140491958,Candicidin/Antimycin
119,4.337591241,0.005198955,0.230542701,0,3,3,8,Temperature Shock,FALSE,ecol_RpoE,7,0,3,,,0,0.954897416,FALSE,0,ecol_RpoE,Eco,5246,0.333333333,RpoE
108,5.461678832,0,0.183093886,0,1,1,9,Prophages,FALSE,pae_Sigma-70,2,0,1,,,0,0.939707043,FALSE,0,pae_Sigma-70,Pae,0,0,Sigma-70
46,4.26459854,0,0.234488661,1,3,3,8,Phosphate Metabolism,FALSE,ecol_Phosphate-1,7.333333333,0,3,,,0,0.955883804,TRUE,0,ecol_Phosphate-1,Eco,0,0.523809524,Phosphate-1
28,3.640510949,0.017300097,0.274686717,0.222222222,9,9,7,Metal Homeostasis,FALSE,pae_CysB-1,10.11111111,0,9,,,0,0.96431742,FALSE,0,pae_CysB-1,Pae,20630,0.15042735,CysB-1
77,3.802919708,0.00834857,0.262955854,0.133333333,6,6,7,Carbon Metabolism,FALSE,pae_HexR-2,9.333333333,0,6,,,0,0.962122707,FALSE,0,pae_HexR-2,Pae,10100,0.2,HexR-2
20,4.443430657,0.001030866,0.225051335,0.4,5,5,8,Nitrogen Metabolism,FALSE,salb_Ammonium,6.6,0,5,,,0,0.953467153,FALSE,0,salb_Ammonium,Sal,1344,0.304761905,Ammonium
1,3.301094891,0.003665841,0.302929795,0.285714286,7,7,6,Misc Metabolism,FALSE,pae_MdcR,24.71428571,0,7,,,0,0.968904123,FALSE,0,pae_MdcR,Pae,10080,0.196571429,MdcR
78,3.903284672,0.008436544,0.256194483,0,4,4,7,Uncharacterized,FALSE,sac_unchar-3,9.75,0,4,,,0,0.960766423,FALSE,0,sac_unchar-3,sac,9442,0.265151515,unchar-3
1,3.412408759,0.004725011,0.293048128,0.25,9,9,6,Amino Acid Metabolism,FALSE,salb_Transketolase,16.33333333,0,9,,,0,0.967399882,FALSE,0,salb_Transketolase,Sal,6840,0.158415842,Transketolase
49,4.224452555,0.011047786,0.236717063,0.1,5,5,8,Vitamin B,FALSE,sac_Thiamin,5.8,0,5,,,0,0.956426317,FALSE,0,sac_Thiamin,sac,12004,0.216666667,Thiamin
9,3.740875912,0.005789511,0.267317073,0.236363636,11,11,7,Energy Metabolism,FALSE,salb_Cytochrome,9.545454545,0,11,,,0,0.962961136,FALSE,0,salb_Cytochrome,Sal,9388,0.153502235,Cytochrome
120,3.870437956,0.001966659,0.258368694,0,4,4,7,Secondary Metabolism,FALSE,salb_Cyclofaulknamycin-2,9.5,0,4,,,0,0.961210298,FALSE,0,salb_Cyclofaulknamycin-2,Sal,2356,0.257575758,Cyclofaulknamycin-2
76,3.427007299,0.008242112,0.291799787,0.222222222,10,10,7,Amino Acid Metabolism,FALSE,pae_ErbR-1,14.6,0,10,,,0,0.967202604,FALSE,0,pae_ErbR-1,Pae,16722,0.146464646,ErbR-1
47,4.131386861,1.74E-04,0.24204947,0,3,3,7,Amino Acid Metabolism,FALSE,sac_Gly-Ser-Thr,7.666666667,0,3,,,0,0.957683961,FALSE,0,sac_Gly-Ser-Thr,sac,710,0.476190476,Gly-Ser-Thr
25,4.322992701,0.003557713,0.231321233,0.533333333,6,6,8,Energy Metabolism,FALSE,ecol_NRZ,7.333333333,0,6,,,0,0.955094693,FALSE,0,ecol_NRZ,Eco,4648,0.275641026,NRZ
5,3.806569343,0.001392408,0.262703739,0.285714286,7,7,7,Secondary Metabolism,FALSE,pae_PchR,11.42857143,0,7,,,0,0.962073387,FALSE,0,pae_PchR,Pae,4550,0.275261324,PchR
121,4.171532847,0.007865062,0.239720035,0,4,4,7,Uncharacterized,FALSE,sac_single_gene_5,6,0,4,,,0,0.957141448,FALSE,0,sac_single_gene_5,sac,7122,0.25,single_gene_5
79,3.50729927,0.007399759,0.285119667,0.133333333,6,6,6,Virulence/Persistence,FALSE,mtub_SigC,19.83333333,0,6,,,0,0.966117577,FALSE,0,mtub_SigC,Mtu,11690,0.222222222,SigC
13,3.784671533,3.73E-04,0.264223722,0,2,2,7,Uncharacterized,FALSE,mtub_SG_5,28,0,2,,,0,0.962369304,FALSE,0,mtub_SG_5,Mtu,1264,0.519230769,SG_5
93,5.009124088,0,0.199635701,0,1,1,8,Carbon Metabolism,FALSE,sen_fra,4,0,1,,,0,0.945822647,FALSE,0,sen_fra,Sen,0,0,fra
122,4.531021898,0,0.220700765,0,1,1,8,Uncharacterized,FALSE,sen_unchar-5,3,0,1,,,0,0.952283488,FALSE,0,sen_unchar-5,Sen,0,0,unchar-5
2,3.191605839,0.014686514,0.313321898,0.268421053,20,20,6,Fatty Acid Metabolism,FALSE,mtub_KstR2,17.2,0,20,,,0,0.970383705,FALSE,0,mtub_KstR2,Mtu,35018,0.112418301,KstR2
75,3.885036496,0.021352646,0.257397839,0.090909091,12,12,7,Carbon Metabolism,FALSE,sen_crp-1,6.083333333,0,12,,,0,0.96101302,FALSE,0,sen_crp-1,Sen,30704,0.119565217,crp-1
64,3.412408759,0.016018671,0.293048128,0.19047619,7,7,7,Carbon Metabolism,FALSE,mtub_Fumarate Reductase,18.42857143,0,7,,,0,0.967399882,FALSE,0,mtub_Fumarate Reductase,Mtu,24614,0.170894526,Fumarate Reductase
33,4.332116788,0,0.230834035,0,1,1,8,Uncharacterized,FALSE,mtub_Unc_4,22,0,1,,,0,0.954971395,FALSE,0,mtub_Unc_4,Mtu,0,0,Unc_4
10,4.321167883,0.00400825,0.231418919,0.611111111,9,9,8,Carbon Metabolism,FALSE,ecol_YcjW,8.666666667,0,9,,,0,0.955119353,FALSE,0,ecol_YcjW,Eco,6562,0.316872428,YcjW
1,3.651459854,0,0.273863068,0,1,1,7,Uncharacterized,FALSE,mtub_Rv3095,74,0,1,,,0,0.964169461,FALSE,0,mtub_Rv3095,Mtu,0,0,Rv3095
80,3.903284672,0.00614537,0.256194483,0.333333333,6,6,7,Carbon Metabolism,FALSE,ecol_Propionate,9.666666667,0,6,,,0,0.960766423,FALSE,0,ecol_Propionate,Eco,11228,0.256756757,Propionate
15,3.525547445,0.001529357,0.283643892,0,3,3,7,Uncharacterized,FALSE,sen_yciGFEkatN,31.33333333,0,3,,,0,0.96587098,FALSE,0,sen_yciGFEkatN,Sen,3378,0.348659004,yciGFEkatN
71,5.255474453,0,0.190277778,0,1,1,9,Uncharacterized,FALSE,ecol_PAL Amp,8,0,1,,,0,0.942493588,FALSE,0,ecol_PAL Amp,Eco,0,0,PAL Amp
70,4.162408759,2.07E-04,0.240245506,0,2,2,7,Uncharacterized,FALSE,sen_tricarboxylic transport,12.5,0,2,,,0,0.957264746,FALSE,0,sen_tricarboxylic transport,Sen,350,0.522727273,tricarboxylic transport
81,4.857664234,0,0.205860255,1,2,2,8,Energy Metabolism,FALSE,ecol_Microaerobic,6,0,2,,,0,0.947869402,FALSE,0,ecol_Microaerobic,Eco,0,0.6,Microaerobic
51,4.618613139,0.001780392,0.216515211,0.333333333,3,3,8,Nucleotide Metabolism,FALSE,sen_purR-2,6.333333333,0,3,,,0,0.951099822,FALSE,0,sen_purR-2,Sen,2530,0.375,purR-2
111,3.952554745,0.00103313,0.253000923,0.333333333,3,3,7,Membrane Transport,FALSE,sen_molybdate,11.33333333,0,3,,,0,0.960100612,FALSE,0,sen_molybdate,Sen,1624,0.35483871,molybdate
8,5.034671533,0,0.198622689,1,2,2,8,Uncharacterized,FALSE,mtub_Unc_3,10.5,0,2,,,0,0.945477412,FALSE,0,mtub_Unc_3,Mtu,0,0.807692308,Unc_3
123,3.317518248,0.022547694,0.301430143,0,7,7,6,Virulence/Persistence,FALSE,mtub_MbcA+Rv3249c+Rv3066,21.14285714,0,7,,,0,0.968682186,FALSE,0,mtub_MbcA+Rv3249c+Rv3066,Mtu,35078,0.167857143,MbcA+Rv3249c+Rv3066
34,5.054744526,0,0.197833935,1,3,3,9,Uncharacterized,FALSE,sen_SG3_cpxR,6,0,3,,,0,0.945206155,FALSE,0,sen_SG3_cpxR,Sen,0,0.545454545,SG3_cpxR
3,4.186131387,0.004430926,0.238884045,0,3,3,7,Uncharacterized,FALSE,mtub_SG_4,6.333333333,0,3,,,0,0.95694417,FALSE,0,mtub_SG_4,Mtu,3910,0.333333333,SG_4
8,4.419708029,0.00196183,0.22625929,0.6,5,5,8,Amino Acid Metabolism,FALSE,ecol_Cysteine-2,10,0,5,,,0,0.953787729,FALSE,0,ecol_Cysteine-2,Eco,2894,0.376923077,Cysteine-2
9,3.408759124,0.02256839,0.293361884,0.230769231,14,14,7,Antibiotic Resistance,FALSE,mtub_Blal,11.78571429,0,14,,,0,0.967449201,FALSE,0,mtub_Blal,Mtu,30426,0.115714286,Blal
75,4.883211679,0,0.204783259,0,1,1,8,Carbon Metabolism,FALSE,ecol_sdh KO,12,0,1,,,0,0.947524167,FALSE,0,ecol_sdh KO,Eco,0,0,sdh KO
44,5.304744526,0,0.188510492,1,2,2,9,Uncharacterized,FALSE,sen_SPI16,4.5,0,2,,,0,0.941827777,FALSE,0,sen_SPI16,Sen,0,0.75,SPI16
7,4.202554745,0.005042109,0.237950499,0.333333333,13,13,8,Amino Acid Metabolism,FALSE,sen_leu-tRNA,7.153846154,0,13,,,0,0.956722233,TRUE,0,sen_leu-tRNA,Sen,9262,0.21040724,leu-tRNA
30,4.359489051,0.003936474,0.22938468,0.428571429,7,7,8,Amino Acid Metabolism,FALSE,mtub_ArgR,6.714285714,0,7,,,0,0.954601499,FALSE,0,mtub_ArgR,Mtu,6826,0.252747253,ArgR
4,4.198905109,0.002837896,0.238157323,0,3,3,7,Energy Metabolism,FALSE,ecol_Fnr-2,5,0,3,,,0,0.956771553,FALSE,0,ecol_Fnr-2,Eco,2830,0.333333333,Fnr-2
74,7.025547445,0,0.142337662,0,1,1,11,Metal Homeostasis,FALSE,mtub_HPT-2b Induced,3,0,1,,,0,0.918573683,FALSE,0,mtub_HPT-2b Induced,Mtu,0,0,HPT-2b Induced
110,5.306569343,7.58E-04,0.188445667,0,2,2,9,Genomic,FALSE,sen_rtcR,4.5,0,2,,,0,0.941803117,FALSE,0,sen_rtcR,Sen,948,0.5,rtcR
23,3.852189781,0,0.25959261,0,1,1,7,KO,FALSE,mtub_EspL KO,35,0,1,,,0,0.961456895,FALSE,0,mtub_EspL KO,Mtu,0,0,EspL KO
45,4.664233577,0.010908873,0.214397496,0,2,2,8,Uncharacterized,FALSE,ecol_IS5,10.5,0,2,,,0,0.95048333,FALSE,0,ecol_IS5,Eco,15690,0.5,IS5
32,4.505474453,0.00234655,0.221952207,0.6,5,5,8,Uncharacterized,FALSE,sen_zur,6.8,0,5,,,0,0.952628724,FALSE,0,sen_zur,Sen,5904,0.323809524,zur
3,3.383211679,0.026635966,0.295577131,0.2,5,5,7,Antibiotic Resistance,FALSE,mtub_Rv0078+Rv2034,26.2,0,5,,,0,0.967794437,FALSE,0,mtub_Rv0078+Rv2034,Mtu,47132,0.232432432,Rv0078+Rv2034
6,6.116788321,0,0.163484487,0,1,1,10,Metal Homeostasis,FALSE,ecol_Nickel/Cobalt,3,0,1,,,0,0.930854212,FALSE,0,ecol_Nickel/Cobalt,Eco,0,0,Nickel/Cobalt
8,4.607664234,4.43E-04,0.217029703,0.678571429,8,8,8,Membrane Transport,FALSE,sen_cysB,9,0,8,,,0,0.951247781,FALSE,0,sen_cysB,Sen,1204,0.346153846,cysB
87,1,0,1,0,1,1,1,Uncharacterized,FALSE,sen_unchar-4,1,0,1,,,0,1,FALSE,0,sen_unchar-4,Sen,0,0,unchar-4
14,4.571167883,0.00249693,0.218762475,0.714285714,7,7,8,Redox,FALSE,mtub_WhiB1,7.857142857,0,7,,,0,0.951740975,TRUE,0,mtub_WhiB1,Mtu,4106,0.327380952,WhiB1
,4.131386861,0.009577229,0.24204947,0,5,5,7,Uncharacterized,FALSE,mtub_Unc_2,4.6,0,5,,,0,0.957683961,FALSE,0,mtub_Unc_2,Mtu,10740,0.2,Unc_2
13,3.585766423,0.002120316,0.278880407,0.4,6,6,6,Nitrogen Metabolism,FALSE,ecol_NtrC-3,14.5,0,6,,,0,0.96505721,FALSE,0,ecol_NtrC-3,Eco,4058,0.2265625,NtrC-3
80,4.693430657,1.38E-04,0.213063764,0.666666667,3,3,8,Carbon Metabolism,FALSE,mtub_PrpR,5,0,3,,,0,0.950088775,FALSE,0,mtub_PrpR,Mtu,420,0.555555556,PrpR
57,4.379562044,0.017299105,0.228333333,0,5,5,8,Extracellular Structures,FALSE,ecol_LPS,6.4,0,5,,,0,0.954330243,FALSE,0,ecol_LPS,Eco,28308,0.216,LPS
1,3.52189781,0.008639609,0.283937824,0.166666667,4,4,7,Uncharacterized,FALSE,mtub_SG_3,23.5,0,4,,,0,0.9659203,FALSE,0,mtub_SG_3,Mtu,9322,0.264367816,SG_3
77,4.173357664,0.002991674,0.239615216,0.166666667,4,4,8,Uncharacterized,FALSE,ecol_PAL 26 Del,5,0,4,,,0,0.957116788,FALSE,0,ecol_PAL 26 Del,Eco,3894,0.3,PAL 26 Del
120,4.474452555,1.25E-04,0.223491028,0,2,2,8,Carbon Metabolism,FALSE,sen_glycosyltransferase,8.5,0,2,,,0,0.953047938,FALSE,0,sen_glycosyltransferase,Sen,254,0.535714286,glycosyltransferase
30,4.21350365,0.006071742,0.237332178,0.428571429,7,7,8,Amino Acid Metabolism,FALSE,ecol_Arginine,6.428571429,0,7,,,0,0.956574275,FALSE,0,ecol_Arginine,Eco,8876,0.251428571,Arginine
114,6.315693431,0,0.158335741,0,1,1,10,Energy Metabolism,FALSE,sen_torR,3,0,1,,,0,0.928166305,FALSE,0,sen_torR,Sen,0,0,torR
17,4.864963504,8.40E-04,0.205551388,0.5,5,5,8,Cell wall/membrane/envelope biogenesis,FALSE,sen_nanR,5.2,0,5,,,0,0.947770763,FALSE,0,sen_nanR,Sen,1764,0.325,nanR
96,4.759124088,8.32E-04,0.210122699,0,2,2,8,Metal Homeostasis,FALSE,mtub_Salicylate Induced,5,0,2,,,0,0.949201026,FALSE,0,mtub_Salicylate Induced,Mtu,776,0.5,Salicylate Induced
2,3.901459854,3.09E-05,0.256314312,0.333333333,3,3,7,Carbon Metabolism,FALSE,sen_dpiA,16,0,3,,,0,0.960791083,FALSE,0,sen_dpiA,Sen,60,0.460784314,dpiA
2,3.113138686,0.03531435,0.321219226,0.263157895,19,19,6,Fatty Acid Metabolism,FALSE,mtub_FasR,18.73684211,0,19,,,0,0.971444072,FALSE,0,mtub_FasR,Mtu,60606,0.112238427,FasR
13,4.204379562,6.81E-04,0.237847222,0,2,2,8,Redox,FALSE,mtub_WhiB6,16,0,2,,,0,0.956697573,FALSE,0,mtub_WhiB6,Mtu,976,0.5,WhiB6
50,3.813868613,6.62E-06,0.262200957,0.833333333,4,4,7,Nitrogen Metabolism,FALSE,ecol_Putrescine,13.75,0,4,,,0,0.961974748,FALSE,0,ecol_Putrescine,Eco,12,0.361842105,Putrescine
79,4.107664234,0.009482248,0.243447357,0,5,5,7,Virulence/Persistence,FALSE,mtub_MprA,5,0,5,,,0,0.958004537,FALSE,0,mtub_MprA,Mtu,11288,0.2,MprA
55,6.78649635,0,0.147351439,0,1,1,11,Carbon Metabolism,FALSE,ecol_Glycolate,2,0,1,,,0,0.921804103,FALSE,0,ecol_Glycolate,Eco,0,0,Glycolate
116,3.824817518,0.006652096,0.261450382,0.1,5,5,7,Amino Acid Metabolism,FALSE,sen_arcA-1,11.2,0,5,,,0,0.96182679,FALSE,0,sen_arcA-1,Sen,9142,0.225531915,arcA-1
82,5.636861314,0,0.177403691,0,1,1,9,Global Stress,FALSE,ecol_ppGpp,2,0,1,,,0,0.937339712,FALSE,0,ecol_ppGpp,Eco,0,0,ppGpp
69,5.193430657,0,0.192550949,0,1,1,8,Amino Acid Metabolism,FALSE,sen_pdu,3,0,1,,,0,0.943332018,FALSE,0,sen_pdu,Sen,0,0,pdu
35,3.885036496,0.001014217,0.257397839,0.7,5,5,7,Uncharacterized,FALSE,ecol_ROS TALE Del-2,13.4,0,5,,,0,0.96101302,FALSE,0,ecol_ROS TALE Del-2,Eco,3046,0.285106383,ROS TALE Del-2
3,4.350364964,0,0.229865772,0,1,1,8,Uncharacterized,FALSE,sen_SG2_STM2329,24,0,1,,,0,0.954724798,FALSE,0,sen_SG2_STM2329,Sen,0,0,SG2_STM2329
81,3.892335766,0.015386162,0.256915143,0.083333333,9,9,7,Energy Metabolism,FALSE,sen_appY,6.555555556,0,9,,,0,0.960914382,FALSE,0,sen_appY,Sen,17790,0.142118863,appY
118,3.476277372,0.006003698,0.287664042,0.2,5,5,7,Virulence/Persistence,FALSE,mtub_Mce3R,21.4,0,5,,,0,0.966536792,FALSE,0,mtub_Mce3R,Mtu,9968,0.22826087,Mce3R
6,5.122262774,0,0.19522622,1,2,2,9,Uncharacterized,FALSE,mtub_Unc_1,9.5,0,2,,,0,0.944293746,FALSE,0,mtub_Unc_1,Mtu,0,0.730769231,Unc_1
18,6.551094891,0,0.15264624,1,2,2,10,Extracellular Structures,FALSE,ecol_FlhDC-1,4.5,0,2,,,0,0.924985204,FALSE,0,ecol_FlhDC-1,Eco,0,0.75,FlhDC-1
1,3.450729927,0.001692139,0.28979376,0.238095238,7,7,7,Redox,FALSE,mtub_VirS,23.14285714,0,7,,,0,0.966882028,FALSE,0,mtub_VirS,Mtu,4410,0.213618158,VirS
10,4.330291971,5.99E-04,0.230931311,0.333333333,3,3,7,Uncharacterized,FALSE,ecol_UC-5,8,0,3,,,0,0.954996054,FALSE,0,ecol_UC-5,Eco,886,0.511111111,UC-5
60,4.75,0.007093494,0.210526316,0,2,2,8,Uncharacterized,FALSE,sen_SPI9,8.5,0,2,,,0,0.949324324,FALSE,0,sen_SPI9,Sen,9500,0.5,SPI9
122,3.532846715,0.004213358,0.283057851,0,3,3,7,Uncharacterized,FALSE,mtub_SG_1,33,0,3,,,0,0.965772342,FALSE,0,mtub_SG_1,Mtu,6776,0.367816092,SG_1
7,4.352189781,4.83E-04,0.229769392,0.678571429,8,8,8,Amino Acid Metabolism,FALSE,ecol_Leucine,9.625,0,8,,,0,0.954700138,TRUE,0,ecol_Leucine,Eco,1404,0.320833333,Leucine
73,4.468978102,3.39E-04,0.223764802,0.666666667,3,3,8,Energy Metabolism,FALSE,sen_fhlA,8,0,3,,,0,0.953121918,FALSE,0,sen_fhlA,Sen,582,0.4,fhlA
46,3.848540146,0.003638402,0.259838786,0.3,5,5,7,Phosphate Metabolism,FALSE,ecol_Phosphate-2,11.4,0,5,,,0,0.961506214,TRUE,0,ecol_Phosphate-2,Eco,5222,0.25,Phosphate-2
46,4.145985401,6.69E-05,0.241197183,0.833333333,4,4,7,Phosphate Metabolism,FALSE,sen_phoB,6.5,0,4,,,0,0.957486684,TRUE,0,sen_phoB,Sen,146,0.40625,phoB
2,3.421532847,0.00404314,0.292266667,0.342857143,15,15,6,Carbon Metabolism,FALSE,mtub_BkaR,14.66666667,0,15,,,0,0.967276583,FALSE,0,mtub_BkaR,Mtu,8272,0.157706093,BkaR
117,3.49270073,0.007442374,0.28631139,0,4,4,6,Uncharacterized,FALSE,mtub_SG_2,27.25,0,4,,,0,0.966314855,FALSE,0,mtub_SG_2,Mtu,13526,0.282258065,SG_2
124,7.069343066,0,0.14145586,0,1,1,10,Extracellular Structures,FALSE,ecol_Capsule,3,0,1,,,0,0.91798185,FALSE,0,ecol_Capsule,Eco,0,0,Capsule
24,5.162408759,0.003907736,0.193708024,0.333333333,6,6,9,Translation,FALSE,sen_ribosome,5.166666667,0,6,,,0,0.943751233,FALSE,0,sen_ribosome,Sen,5042,0.322916667,ribosome
6,5.118613139,0.003649635,0.195365419,0.333333333,3,3,9,Metal Homeostasis,FALSE,mtub_RicR,6.666666667,0,3,,,0,0.944343066,FALSE,0,mtub_RicR,Mtu,4192,0.487179487,RicR
8,4.49270073,9.98E-04,0.222583266,0.642857143,8,8,8,Amino Acid Metabolism,FALSE,ecol_Cysteine-1,9.875,0,8,,,0,0.952801341,FALSE,0,ecol_Cysteine-1,Eco,2374,0.329166667,Cysteine-1
16,3.781021898,8.89E-04,0.264478764,0.8,6,6,7,Uncharacterized,FALSE,sen_ygbLM,13.16666667,0,6,,,0,0.962418623,FALSE,0,sen_ygbLM,Sen,1980,0.321138211,ygbLM
27,4.868613139,0.011657058,0.205397301,0.166666667,4,4,8,Uncharacterized,FALSE,mtub_SigK,3.5,0,4,,,0,0.947721444,FALSE,0,mtub_SigK,Mtu,12368,0.3,SigK
83,4.572992701,0.001236941,0.21867518,0,3,3,8,Carbon Metabolism,FALSE,ecol_Crp-2,7.666666667,0,3,,,0,0.951716315,FALSE,0,ecol_Crp-2,Eco,1246,0.37037037,Crp-2
98,4.645985401,0,0.215239592,0,1,1,8,Nucleotide Metabolism,FALSE,sen_cytR,2,0,1,,,0,0.950729927,FALSE,0,sen_cytR,Sen,0,0,cytR
18,5.824817518,0.005078607,0.171679198,0.3,5,5,9,Extracellular Structures,FALSE,sen_flhD;flhC,2.8,0,5,,,0,0.934799763,FALSE,0,sen_flhD;flhC,Sen,7660,0.433333333,flhD;flhC
72,4.173357664,0.003794995,0.239615216,0,4,4,7,Fatty Acid Metabolism,FALSE,mtub_Mycofactocin Synthesis Pathway,4.5,0,4,,,0,0.957116788,FALSE,0,mtub_Mycofactocin Synthesis Pathway,Mtu,4316,0.269230769,Mycofactocin Synthesis Pathway
37,5.624087591,0,0.177806619,1,3,3,9,Amino Acid Metabolism,FALSE,mtub_GroEL-GroES Complex,4.666666667,0,3,,,0,0.93751233,FALSE,0,mtub_GroEL-GroES Complex,Mtu,0,0.933333333,GroEL-GroES Complex
31,5.580291971,0,0.179202093,0,1,1,9,Envelope Stress,FALSE,ecol_rcsB KO,6,0,1,,,0,0.938104163,FALSE,0,ecol_rcsB KO,Eco,0,0,rcsB KO
,3.693430657,0.004218149,0.270750988,0,5,5,7,Acid Stress,FALSE,mtub_MarR,11.2,0,5,,,0,0.963602288,FALSE,0,mtub_MarR,Mtu,5236,0.2125,MarR
5,3.487226277,0.0041436,0.286760858,0.3,5,5,6,Metal Homeostasis,FALSE,ecol_efeU Activation,23.2,0,5,,,0,0.966388834,FALSE,0,ecol_efeU Activation,Eco,10814,0.25,efeU Activation
2,4.899635036,0.003106146,0.204096834,0.5,4,4,8,Stress Response,FALSE,sen_csp-1,3.5,0,4,,,0,0.947302229,FALSE,0,sen_csp-1,Sen,3830,0.464285714,csp-1
10,4.629562044,0,0.216003153,1,5,5,8,Carbon Metabolism,FALSE,ecol_malE OE,10.2,0,5,,,0,0.950951864,FALSE,0,ecol_malE OE,Eco,0,0.536842105,malE OE
7,4.443430657,0.001225409,0.225051335,0.333333333,3,3,8,Carbon Metabolism,FALSE,sen_tartrate utilization,8.333333333,0,3,,,0,0.953467153,TRUE,0,sen_tartrate utilization,Sen,1776,0.444444444,tartrate utilization
44,4.593065693,0.001596437,0.217719507,0.5,4,4,8,Fatty Acid Metabolism,FALSE,sen_pmrAB,5.75,0,4,,,0,0.951445058,FALSE,0,sen_pmrAB,Sen,2122,0.359375,pmrAB
5,3.306569343,0.021121764,0.302428256,0.283333333,16,16,6,Metal Homeostasis,FALSE,mtub_IdeR,14.625,0,16,,,0,0.968830144,FALSE,0,mtub_IdeR,Mtu,44788,0.120867769,IdeR
21,5.324817518,0,0.187799863,1,3,3,8,Carbon Metabolism,FALSE,sen_cra,4.333333333,0,3,,,0,0.94155652,FALSE,0,sen_cra,Sen,0,0.722222222,cra
22,4.567518248,0.008888328,0.218937275,0.5,5,5,8,Redox,FALSE,mtub_WhiB4,4,0,5,,,0,0.951790294,FALSE,0,mtub_WhiB4,Mtu,10712,0.4,WhiB4
23,3.788321168,2.32E-05,0.263969171,0,2,2,7,Nucleotide Metabolism,FALSE,mtub_PyrR,28,0,2,,,0,0.962319984,FALSE,0,mtub_PyrR,Mtu,176,0.642857143,PyrR
18,3.863138686,0.015281349,0.258856873,0,4,4,7,Extracellular Structures,FALSE,ecol_FliA,12,0,4,,,0,0.961308937,FALSE,0,ecol_FliA,Eco,22142,0.282051282,FliA
,3.813868613,0.01032015,0.262200957,0.107142857,8,8,7,Redox,FALSE,mtub_DevR-1,8,0,8,,,0,0.961974748,FALSE,0,mtub_DevR-1,Mtu,13934,0.153061224,DevR-1
65,4.531021898,0,0.220700765,1,2,2,8,Uncharacterized,FALSE,ecol_ldrD,4.5,0,2,,,0,0.952283488,FALSE,0,ecol_ldrD,Eco,0,0.642857143,ldrD
43,4.447080292,0.001251411,0.224866639,0,2,2,8,Uncharacterized,FALSE,sen_unchar-3,12.5,0,2,,,0,0.953417834,FALSE,0,sen_unchar-3,Sen,1638,0.5,unchar-3
78,4.897810219,0.003649635,0.204172876,0,2,2,8,Carbon Metabolism,FALSE,ecol_Pyruvate-1,2.5,0,2,,,0,0.947326889,FALSE,0,ecol_Pyruvate-1,Eco,3756,0.5,Pyruvate-1
1,4.222627737,5.43E-04,0.23681936,0,2,2,7,Carbon Metabolism,FALSE,sen_ula-Ascorbate,11.5,0,2,,,0,0.956450977,FALSE,0,sen_ula-Ascorbate,Sen,850,0.5,ula-Ascorbate
123,4.315693431,0,0.231712474,0,1,1,7,Envelope Stress,FALSE,ecol_Membrane,7,0,1,,,0,0.955193332,FALSE,0,ecol_Membrane,Eco,0,0,Membrane
82,4.638686131,0.003649635,0.215578285,0,2,2,8,Uncharacterized,FALSE,sen_ppGpp,1.5,0,2,,,0,0.950828566,FALSE,0,sen_ppGpp,Sen,3404,0.5,ppGpp
92,5.374087591,0.003649635,0.186078098,0,2,2,9,Uncharacterized,FALSE,sen_unchar-2,3,0,2,,,0,0.940890708,FALSE,0,sen_unchar-2,Sen,6022,0.5,unchar-2
6,5.116788321,1.28E-04,0.195435093,0.333333333,3,3,9,Virulence/Persistence,FALSE,mtub_SigH,7.666666667,0,3,,,0,0.944367725,FALSE,0,mtub_SigH,Mtu,364,0.523809524,SigH
2,4.959854015,0.002525852,0.201618837,0.5,4,4,8,Temperature Shock,FALSE,ecol_Cold Shock,4.25,0,4,,,0,0.946488459,FALSE,0,ecol_Cold Shock,Eco,2744,0.4,Cold Shock
125,1,0,1,0,1,1,1,Extracellular Structures,FALSE,sen_fim cluster,1,0,1,,,0,1,FALSE,0,sen_fim cluster,Sen,0,0,fim cluster
,3.268248175,0.009124002,0.305974316,0.088888889,10,10,6,Fatty Acid Metabolism,FALSE,mtub_Polyketide Synthase Complex,22,0,10,,,0,0.969347998,FALSE,0,mtub_Polyketide Synthase Complex,Mtu,22922,0.155797101,Polyketide Synthase Complex
49,5.166058394,0,0.193571176,1,2,2,9,Cofactor Metabolism,FALSE,ecol_Thiamine-1,4.5,0,2,,,0,0.943701914,FALSE,0,ecol_Thiamine-1,Eco,0,0.642857143,Thiamine-1
33,4.332116788,0,0.230834035,0,1,1,8,Uncharacterized,FALSE,sen_SG1_STM4302,22,0,1,,,0,0.954971395,FALSE,0,sen_SG1_STM4302,Sen,0,0,SG1_STM4302
43,3.558394161,0.005548477,0.281025641,0,3,3,6,Uncharacterized,FALSE,salb_UC-14,30,0,3,,,0,0.965427106,FALSE,0,salb_UC-14,Sal,8330,0.337209302,UC-14
1,3.538321168,0.002009523,0.282619907,0,3,3,7,Uncharacterized,FALSE,ecol_UC-9,32.66666667,0,3,,,0,0.965698363,FALSE,0,ecol_UC-9,Eco,5868,0.359848485,UC-9
61,4.662408759,0.00283534,0.214481409,0.333333333,3,3,8,Nucleotide Metabolism,FALSE,sen_purR-1,5.333333333,0,3,,,0,0.95050799,FALSE,0,sen_purR-1,Sen,5190,0.384615385,purR-1
1,3.22080292,0.022263064,0.310481586,0.241758242,14,14,6,Carbon Metabolism,FALSE,ecol_Gluconate,16.57142857,0,14,,,0,0.96998915,FALSE,0,ecol_Gluconate,Eco,38272,0.124597207,Gluconate
39,1.75,0,0.571428571,0,1,1,2,Uncharacterized,FALSE,sen_SPI1-2,4,0,1,,,0,0.8125,FALSE,0,sen_SPI1-2,Sen,0,0,SPI1-2
105,3.620437956,0,0.276209677,1,2,2,7,Membrane Transport,FALSE,salb_hrt Complex,40.5,0,2,,,0,0.964588676,FALSE,0,salb_hrt Complex,Sal,0,0.525974026,hrt Complex
38,5.483576642,0,0.182362729,1,2,2,9,Amino Acid Metabolism,FALSE,ecol_Thr/Ser-2,4.5,0,2,,,0,0.939411126,FALSE,0,ecol_Thr/Ser-2,Eco,0,0.642857143,Thr/Ser-2
10,4.364963504,5.05E-04,0.22909699,0.714285714,8,8,8,Carbon Metabolism,FALSE,salb_Sugar-2,9,0,8,,,0,0.95452752,FALSE,0,salb_Sugar-2,Sal,1040,0.375,Sugar-2
6,4.691605839,0.009084229,0.213146636,0.127272727,11,11,8,Metal Homeostasis,FALSE,ecol_Copper,4.090909091,0,11,,,0,0.950113435,FALSE,0,ecol_Copper,Eco,14084,0.162878788,Copper
18,4.697080292,0.007060507,0.212898213,0,3,3,8,Extracellular Structures,FALSE,sen_fliA,5,0,3,,,0,0.950039456,FALSE,0,sen_fliA,Sen,11394,0.444444444,fliA
11,3.609489051,0.02028326,0.277047523,0.263736264,14,14,7,Energy Metabolism,FALSE,salb_NDH,10.5,0,14,,,0,0.964736634,FALSE,0,salb_NDH,Sal,31390,0.12543554,NDH
5,3.476277372,0.00656936,0.287664042,0.333333333,4,4,6,Energy Metabolism,FALSE,ecol_entC/ubiC KO-1,28.75,0,4,,,0,0.966536792,FALSE,0,ecol_entC/ubiC KO-1,Eco,16894,0.285,entC/ubiC KO-1
67,5.403284672,0.007285926,0.185072611,0.333333333,3,3,9,Carbon Metabolism,FALSE,sen_gutM,4.333333333,0,3,,,0,0.940496153,FALSE,0,sen_gutM,Sen,7232,0.4,gutM
102,5.357664234,0,0.186648501,0,1,1,9,Uncharacterized,FALSE,salb_UC-12,6,0,1,,,0,0.941112645,FALSE,0,salb_UC-12,Sal,0,0,UC-12
2,4.054744526,0,0.246624662,0,1,1,7,Uncharacterized,FALSE,ecol_ythA,26,0,1,,,0,0.958719669,FALSE,0,ecol_ythA,Eco,0,0,ythA
37,4.629562044,0.005052159,0.216003153,0.6,5,5,8,Heat Shock Response,FALSE,sen_rpoH,6.8,0,5,,,0,0.950951864,FALSE,0,sen_rpoH,Sen,14054,0.309090909,rpoH
19,3.295620438,0.006473818,0.303433001,0.583333333,9,9,6,Carbon Metabolism,FALSE,sen_glpR,20.44444444,0,9,,,0,0.968978102,FALSE,0,sen_glpR,Sen,19722,0.158484065,glpR
42,4.520072993,0,0.221235365,0,1,1,8,Secondary Metabolism,FALSE,salb_SAL-2242,18,0,1,,,0,0.952431446,FALSE,0,salb_SAL-2242,Sal,0,0,SAL-2242
11,3.680656934,0.009565679,0.27169063,0.320512821,13,13,7,Uncharacterized,FALSE,salb_UC-13,10.46153846,0,13,,,0,0.963774906,FALSE,0,salb_UC-13,Sal,15336,0.143162393,UC-13
9,4.22080292,0.001392685,0.236921747,0.1,5,5,8,Carbon Metabolism,FALSE,salb_Sucrose,6.6,0,5,,,0,0.956475636,FALSE,0,salb_Sucrose,Sal,2330,0.272727273,Sucrose
7,4.472627737,0.001318034,0.223582211,0.333333333,3,3,8,Amino Acid Metabolism,FALSE,ecol_Lysine/T2SS,9,0,3,,,0,0.953072598,TRUE,0,ecol_Lysine/T2SS,Eco,2334,0.393939394,Lysine/T2SS
26,3.394160584,0.020581182,0.294623656,0.111111111,9,9,6,Metal Homeostasis,FALSE,salb_Potassium,15.66666667,0,9,,,0,0.967646479,FALSE,0,salb_Potassium,Sal,30746,0.148148148,Potassium
16,3.77919708,0.0010873,0.26460647,0.761904762,7,7,7,Carbon Metabolism,FALSE,ecol_YgbI,11.85714286,0,7,,,0,0.962443283,FALSE,0,ecol_YgbI,Eco,2270,0.289198606,YgbI
5,3.576642336,0.008669686,0.279591837,0.304761905,15,15,7,Metal Homeostasis,FALSE,sen_fur-2,11.86666667,0,15,,,0,0.965180509,FALSE,0,sen_fur-2,Sen,23414,0.152136752,fur-2
4,4.54379562,0,0.220080321,0,1,1,8,Energy Metabolism,FALSE,ecol_Fnr-3,6,0,1,,,0,0.95211087,FALSE,0,ecol_Fnr-3,Eco,0,0,Fnr-3
4,4.167883212,0.002644872,0.239929947,0.333333333,6,6,8,Energy Metabolism,FALSE,sen_narP,7.166666667,0,6,,,0,0.957190767,FALSE,0,sen_narP,Sen,3646,0.231182796,narP
67,6.399635036,0,0.156258911,1,2,2,10,Uncharacterized,FALSE,sen_unchar-1,2.5,0,2,,,0,0.927031959,FALSE,0,sen_unchar-1,Sen,0,0.833333333,unchar-1
11,4.678832117,0,0.213728549,0,1,1,8,Uncharacterized,FALSE,salb_UC-11,13,0,1,,,0,0.950286052,FALSE,0,salb_UC-11,Sal,0,0,UC-11
82,3.644160584,0.007285926,0.274411617,0,2,2,7,DNA Damage,FALSE,ecol_Nucleotide Stress,38,0,2,,,0,0.9642681,FALSE,0,ecol_Nucleotide Stress,Eco,6804,0.5,Nucleotide Stress
38,4.664233577,5.98E-04,0.214397496,0,2,2,8,Amino Acid Metabolism,FALSE,sen_rpoN-associated,7,0,2,,,0,0.95048333,FALSE,0,sen_rpoN-associated,Sen,1102,0.545454545,rpoN-associated
31,4.189781022,0.003006528,0.238675958,0.333333333,3,3,7,Uncharacterized,FALSE,ecol_ROS TALE Amp,5.666666667,0,3,,,0,0.956894851,FALSE,0,ecol_ROS TALE Amp,Eco,3864,0.41025641,ROS TALE Amp
6,4.251824818,0.004870157,0.235193133,0.333333333,4,4,8,Antibiotic Resistance,FALSE,pae_SoxR,7.25,0,4,,,0,0.956056421,FALSE,0,pae_SoxR,Pae,8242,0.35,SoxR
48,5.45620438,0,0.183277592,0,1,1,9,Resistance,FALSE,sen_CAMP resistance,6,0,1,,,0,0.939781022,FALSE,0,sen_CAMP resistance,Sen,0,0,CAMP resistance
126,5.175182482,0.007081108,0.193229901,0.166666667,4,4,8,Uncharacterized,FALSE,ecol_UC-4,3.5,0,4,,,0,0.943578615,FALSE,0,ecol_UC-4,Eco,11304,0.375,UC-4
127,4.708029197,0.001295331,0.212403101,0.333333333,3,3,8,Amino Acid Metabolism,FALSE,ecol_Histidine,6.666666667,0,3,,,0,0.949891497,FALSE,0,ecol_Histidine,Eco,1918,0.37254902,Histidine
3,3.487226277,0.004485121,0.286760858,0,3,3,7,,FALSE,pae_Singlet-3,33.66666667,0,3,,,0,0.966388834,FALSE,0,pae_Singlet-3,Pae,7446,0.367041199,Singlet-3
17,4.95620438,2.34E-04,0.201767305,0.666666667,4,4,8,Carbon Metabolism,FALSE,ecol_Sialic Acid,5.5,0,4,,,0,0.946537779,FALSE,0,ecol_Sialic Acid,Eco,428,0.423076923,Sialic Acid
39,1,1,1,0,4,4,1,Secretion System,FALSE,pae_ExsB,1,0,4,,,0,1,FALSE,0,pae_ExsB,Pae,12,0,ExsB
20,3.788321168,0.012383049,0.263969171,0.25,8,8,7,Nitrogen Metabolism,FALSE,ecol_Glutamine,10.25,0,8,,,0,0.962319984,FALSE,0,ecol_Glutamine,Eco,18190,0.178571429,Glutamine
13,4.182481752,0,0.239092496,1,2,2,7,Amino Acid Metabolism,FALSE,pae_EutR,14,0,2,,,0,0.95699349,FALSE,0,pae_EutR,Pae,0,0.583333333,EutR
1,3.534671533,0,0.282911719,1,2,2,6,,FALSE,pae_Singlet-1,48,0,2,,,0,0.965747682,FALSE,0,pae_Singlet-1,Pae,0,0.551724138,Singlet-1
4,3.545620438,0.017656428,0.282038085,0,6,6,7,Translation,FALSE,sen_fnr-2,15.16666667,0,6,,,0,0.965599724,FALSE,0,sen_fnr-2,Sen,19132,0.166666667,fnr-2
38,4.788321168,0.001809992,0.208841463,0.333333333,4,4,8,Amino Acid Metabolism,FALSE,sen_tdcA,4,0,4,,,0,0.948806471,FALSE,0,sen_tdcA,Sen,3498,0.363636364,tdcA
3,4.350364964,0,0.229865772,0,1,1,8,Uncharacterized,FALSE,ecol_yqhI,24,0,1,,,0,0.954724798,FALSE,0,ecol_yqhI,Eco,0,0,yqhI
66,5.859489051,0.007292598,0.170663345,0,3,3,9,Uncharacterized,FALSE,sen_marR,2,0,3,,,0,0.934331229,FALSE,0,sen_marR,Sen,7834,0.333333333,marR
18,5.828467153,4.37E-05,0.171571697,0.666666667,3,3,9,Extracellular Structures,FALSE,ecol_FlhDC-2,4.333333333,0,3,,,0,0.934750444,FALSE,0,ecol_FlhDC-2,Eco,150,0.619047619,FlhDC-2
64,3.881386861,0.008394874,0.257639868,0.133333333,6,6,7,Redox,FALSE,ecol_OxyR,8.833333333,0,6,,,0,0.96106234,FALSE,0,ecol_OxyR,Eco,12684,0.189393939,OxyR
60,5.715328467,0.004436032,0.174968072,0,3,3,9,Structural Components,FALSE,pae_PprB,2.333333333,0,3,,,0,0.936279345,FALSE,0,pae_PprB,Pae,5894,0.333333333,PprB
41,4.392335766,0.004325198,0.227669298,0.333333333,4,4,7,Envelope Stress,FALSE,ecol_Osmoprotectant,5.25,0,4,,,0,0.954157625,FALSE,0,ecol_Osmoprotectant,Eco,5766,0.3125,Osmoprotectant
2,3.516423358,6.97E-04,0.284379865,0.523809524,7,7,7,Amino Acid Metabolism,FALSE,pae_DhcR,22.71428571,0,7,,,0,0.965994279,FALSE,0,pae_DhcR,Pae,2352,0.231778426,DhcR
36,4.414233577,0.00260211,0.226539893,0,2,2,8,Uncharacterized,FALSE,sen_unchar-9,15.5,0,2,,,0,0.953861708,FALSE,0,sen_unchar-9,Sen,2004,0.5,unchar-9
2,4.074817518,4.13E-06,0.245409763,0.833333333,4,4,7,Amino Acid Metabolism,FALSE,pae_PhhR-1,12.5,0,4,,,0,0.958448412,FALSE,0,pae_PhhR-1,Pae,16,0.446428571,PhhR-1
22,3.598540146,0.021575184,0.277890467,0.3,5,5,7,DNA Damage,FALSE,sen_lexA,18.2,0,5,,,0,0.964884593,FALSE,0,sen_lexA,Sen,25234,0.219753086,lexA
50,3.410583942,0.002695522,0.293204922,0.25,9,9,7,Amino Acid Metabolism,FALSE,pae_CbrB,16.22222222,0,9,,,0,0.967424541,FALSE,0,pae_CbrB,Pae,5884,0.179775281,CbrB
48,5.339416058,0,0.187286398,1,2,2,9,Cell wall/membrane/envelope biogenesis,FALSE,sen_mraZ,5,0,2,,,0,0.941359242,FALSE,0,sen_mraZ,Sen,0,0.625,mraZ
81,4.647810219,9.54E-04,0.215155084,0.333333333,3,3,8,Energy Metabolism,FALSE,sen_hyd5,5.333333333,0,3,,,0,0.950705267,FALSE,0,sen_hyd5,Sen,934,0.384615385,hyd5
16,4.001824818,1.33E-06,0.249886001,0.933333333,6,6,7,Metal Homeostasis,FALSE,ecol_Sugar Diacid,10.33333333,0,6,,,0,0.9594348,FALSE,0,ecol_Sugar Diacid,Eco,2,0.382716049,Sugar Diacid
2,5.144160584,0.004628154,0.194395176,0.3,5,5,9,,FALSE,pae_Translational-2,4.2,0,5,,,0,0.94399783,FALSE,0,pae_Translational-2,Pae,4506,0.292307692,Translational-2
20,3.857664234,0.008904027,0.259224219,0.277777778,9,9,7,Amino Acid Metabolism,FALSE,sen_rpoN,8.333333333,0,9,,,0,0.961382916,FALSE,0,sen_rpoN,Sen,13380,0.167800454,rpoN
14,4.614963504,0.00382461,0.216686437,0.666666667,7,7,8,Translation,FALSE,ecol_Translation,7.142857143,0,7,,,0,0.951149142,TRUE,0,ecol_Translation,Eco,4414,0.368421053,Translation
6,4.160583942,0.021064339,0.240350877,0.178571429,8,8,8,Metal Homeostasis,FALSE,pae_CueR,5.25,0,8,,,0,0.957289406,FALSE,0,pae_CueR,Pae,29306,0.178571429,CueR
49,5.023722628,0.004328076,0.199055576,0.166666667,4,4,9,Membrane Transport,FALSE,sen_TPP,2.75,0,4,,,0,0.94562537,FALSE,0,sen_TPP,Sen,4650,0.321428571,TPP
11,3.534671533,0.001497115,0.282911719,0,2,2,7,,FALSE,mtub_Central Carbon Metabolism,44,0,2,,,0,0.965747682,FALSE,0,mtub_Central Carbon Metabolism,Mtu,4622,0.505882353,Central Carbon Metabolism
50,3.465328467,0.007113201,0.288572933,0.2,10,10,7,Amino Acid Metabolism,FALSE,pae_EatR,12,0,10,,,0,0.96668475,FALSE,0,pae_EatR,Pae,10292,0.153246753,EatR
22,4.578467153,0,0.218413711,1,3,3,8,Stress Response,FALSE,pae_LexA,5,0,3,,,0,0.951642336,FALSE,0,pae_LexA,Pae,0,0.625,LexA
12,3.892335766,0.004111709,0.256915143,0.348484848,12,12,7,Metal Homeostasis,FALSE,sen_fur-3,9.333333333,0,12,,,0,0.960914382,FALSE,0,sen_fur-3,Sen,13480,0.215116279,fur-3
8,4.547445255,0.00385822,0.219903692,0.285714286,7,7,8,Redox,FALSE,mtub_WhiB4/IdeR,7,0,7,,,0,0.952061551,FALSE,0,mtub_WhiB4/IdeR,Mtu,6130,0.31292517,WhiB4/IdeR
4,3.72080292,0.017993192,0.268759196,0.095238095,7,7,7,Stress Response,FALSE,pae_RpoS-2,11.28571429,0,7,,,0,0.963232393,FALSE,0,pae_RpoS-2,Pae,28016,0.178571429,RpoS-2
24,6.490875912,0,0.154062412,0,1,1,10,Development,FALSE,mtub_Positive Regulation of Growth,4,0,1,,,0,0.925798974,FALSE,0,mtub_Positive Regulation of Growth,Mtu,0,0,Positive Regulation of Growth
7,4.140510949,0.002757448,0.241516086,0.422222222,10,10,8,Amino Acid Metabolism,FALSE,pae_PrrF,8.2,0,10,,,0,0.957560663,TRUE,0,pae_PrrF,Pae,4660,0.245454545,PrrF
72,4.987226277,2.52E-04,0.200512258,0,2,2,8,Uncharacterized,FALSE,sen_lldR,3.5,0,2,,,0,0.946118564,FALSE,0,sen_lldR,Sen,234,0.5,lldR
56,4.677007299,0,0.213811939,1,3,3,8,Amino Acid Metabolism,FALSE,ecol_Ile/Val,12.66666667,0,3,,,0,0.950310712,FALSE,0,ecol_Ile/Val,Eco,0,0.633333333,Ile/Val
119,5.335766423,0,0.187414501,0,1,1,9,Translation,FALSE,sen_rpoE,3,0,1,,,0,0.941408562,FALSE,0,sen_rpoE,Sen,0,0,rpoE
26,4.388686131,0.003649635,0.227858628,0,2,2,7,Uncharacterized,FALSE,mtub_SG_11,5,0,2,,,0,0.954206944,FALSE,0,mtub_SG_11,Mtu,3982,0.5,SG_11
76,3.401459854,0.009261676,0.293991416,0.2,11,11,7,Carbon Metabolism,FALSE,ecol_Acetate,13.54545455,0,11,,,0,0.96754784,FALSE,0,ecol_Acetate,Eco,15998,0.136363636,Acetate
115,5.142335766,0,0.194464159,1,3,3,9,Amino Acid Metabolism,FALSE,sen_ADI,6,0,3,,,0,0.94402249,FALSE,0,sen_ADI,Sen,0,0.75,ADI
38,4.164233577,0.002098494,0.240140228,0,3,3,7,Amino Acid Metabolism,FALSE,sen_cadC,6.333333333,0,3,,,0,0.957240087,FALSE,0,sen_cadC,Sen,3164,0.355555556,cadC
4,4.594890511,0.001132844,0.217633042,0,2,2,8,Uncharacterized,FALSE,mtub_SG_13,6.5,0,2,,,0,0.951420399,FALSE,0,mtub_SG_13,Mtu,1292,0.5,SG_13
4,6.237226277,0,0.160327677,0,1,1,10,Uncharacterized,FALSE,mtub_Unc_9,2,0,1,,,0,0.929226672,FALSE,0,mtub_Unc_9,Mtu,0,0,Unc_9
128,4.133211679,0.005947865,0.241942605,0,4,4,8,Virulence/Persistence,FALSE,mtub_PDIM;PGL Synthesis,9.75,0,4,,,0,0.957659302,FALSE,0,mtub_PDIM;PGL Synthesis,Mtu,12168,0.257352941,PDIM;PGL Synthesis
56,3.866788321,5.07E-04,0.258612553,0.666666667,3,3,7,Energy Metabolism,FALSE,ecol_Glyoxylate,15.33333333,0,3,,,0,0.961259617,FALSE,0,ecol_Glyoxylate,Eco,1528,0.37398374,Glyoxylate
97,1,0,1,0,1,1,1,,FALSE,ecol_Phage Shock,1,0,1,,,0,1,FALSE,0,ecol_Phage Shock,Eco,0,0,Phage Shock
78,5.895985401,0,0.169606933,0,1,1,9,Uncharacterized,FALSE,sen_yjiAXY,2,0,1,,,0,0.933838035,FALSE,0,sen_yjiAXY,Sen,0,0,yjiAXY
30,4.437956204,0.001201665,0.225328947,0.7,5,5,8,Amino Acid Metabolism,FALSE,sen_argR-2,7,0,5,,,0,0.953541132,FALSE,0,sen_argR-2,Sen,2666,0.368421053,argR-2
14,4.616788321,1.75E-04,0.216600791,0.933333333,6,6,8,Translation,FALSE,sen_fnr-1,8.333333333,0,6,,,0,0.951124482,TRUE,0,sen_fnr-1,Sen,532,0.416666667,fnr-1
10,4.560218978,0,0.219287715,0,1,1,8,Uncharacterized,FALSE,mtub_Unc_8,13,0,1,,,0,0.951888933,FALSE,0,mtub_Unc_8,Mtu,0,0,Unc_8
9,4.178832117,9.28E-04,0.23930131,0.3,5,5,7,Energy Metabolism,FALSE,sen_cydABTE,8.8,0,5,,,0,0.957042809,FALSE,0,sen_cydABTE,Sen,1426,0.330769231,cydABTE
8,4.326642336,0.007057405,0.231126107,0.361111111,9,9,8,Sulfur Metabolism,FALSE,mtub_Sulfur Metabolism,9.222222222,0,9,,,0,0.955045374,FALSE,0,mtub_Sulfur Metabolism,Mtu,11142,0.26031746,Sulfur Metabolism
48,5.052919708,0.001842089,0.197905381,0.166666667,4,4,9,Carbon Metabolism,FALSE,mtub_Peptidoglycan Biosynthesis,4.75,0,4,,,0,0.945230815,FALSE,0,mtub_Peptidoglycan Biosynthesis,Mtu,1774,0.283333333,Peptidoglycan Biosynthesis
19,4.20620438,0,0.237744035,0,1,1,7,Carbon Metabolism,FALSE,ecol_crp KO-2,15,0,1,,,0,0.956672914,FALSE,0,ecol_crp KO-2,Eco,0,0,crp KO-2
68,3.481751825,0.009106228,0.28721174,0.047619048,7,7,6,Nucleotide Metabolism,FALSE,mtub_Rv0135+Rv1019,12.57142857,0,7,,,0,0.966462813,FALSE,0,mtub_Rv0135+Rv1019,Mtu,11826,0.16023166,Rv0135+Rv1019
88,4.554744526,0,0.219551282,0,1,1,8,Carbon Metabolism,FALSE,ecol_tpiA KO,4,0,1,,,0,0.951962912,FALSE,0,ecol_tpiA KO,Eco,0,0,tpiA KO
43,4.748175182,0,0.210607225,0,1,1,8,Vitamin B,FALSE,sen_cob,13,0,1,,,0,0.949348984,FALSE,0,sen_cob,Sen,0,0,cob
9,4.315693431,0,0.231712474,1,3,3,8,Energy Metabolism,FALSE,ecol_cyoB/ndh/nuoB KO-2,11.66666667,0,3,,,0,0.955193332,FALSE,0,ecol_cyoB/ndh/nuoB KO-2,Eco,0,0.555555556,cyoB/ndh/nuoB KO-2
1,4.467153285,0,0.223856209,0,1,1,8,Uncharacterized,FALSE,sen_unchar-8,18,0,1,,,0,0.953146577,FALSE,0,sen_unchar-8,Sen,0,0,unchar-8
1,3.556569343,8.20E-04,0.281169831,0,2,2,7,Uncharacterized,FALSE,ecol_UC-7,46,0,2,,,0,0.965451766,FALSE,0,ecol_UC-7,Eco,3406,0.529411765,UC-7
11,4.350364964,7.64E-04,0.229865772,0.464285714,8,8,8,Amino Acid Metabolism,FALSE,sen_arcA-3,8.25,0,8,,,0,0.954724798,FALSE,0,sen_arcA-3,Sen,1426,0.290178571,arcA-3
16,4.003649635,0,0.249772106,1,5,5,7,Carbon Metabolism,FALSE,sen_cdaR,11.4,0,5,,,0,0.95941014,FALSE,0,sen_cdaR,Sen,0,0.422222222,cdaR
11,3.892335766,0.006317306,0.256915143,0.333333333,9,9,7,Virulence/Persistence,FALSE,mtub_Mce1R,8.888888889,0,9,,,0,0.960914382,FALSE,0,mtub_Mce1R,Mtu,15186,0.193236715,Mce1R
79,5.105839416,0,0.195854182,0,1,1,8,Metal Homeostasis,FALSE,mtub_M-box,5,0,1,,,0,0.944515684,FALSE,0,mtub_M-box,Mtu,0,0,M-box
29,4.607664234,0.004541928,0.217029703,0.333333333,3,3,8,Carbon Metabolism,FALSE,sen_lsrR,7.333333333,0,3,,,0,0.951247781,FALSE,0,sen_lsrR,Sen,4478,0.368421053,lsrR
1,3.651459854,0,0.273863068,0,1,1,7,Uncharacterized,FALSE,mtub_SG_10,74,0,1,,,0,0.964169461,FALSE,0,mtub_SG_10,Mtu,0,0,SG_10
39,1.75,0,0.571428571,0,1,1,2,Uncharacterized,FALSE,sen_SPI1-1,4,0,1,,,0,0.8125,FALSE,0,sen_SPI1-1,Sen,0,0,SPI1-1
9,4.067518248,0.001520976,0.245850157,0,3,3,8,,FALSE,mtub_Nucleic Acid Hydrolysis ,13.33333333,0,3,,,0,0.958547051,FALSE,0,mtub_Nucleic Acid Hydrolysis ,,2288,0.342592593,Nucleic Acid Hydrolysis 
50,3.846715328,0.002495302,0.259962049,0.133333333,6,6,7,Carbon Metabolism,FALSE,ecol_Glutarate,9.833333333,0,6,,,0,0.961530874,FALSE,0,ecol_Glutarate,Eco,3338,0.227642276,Glutarate
83,4.79379562,4.38E-04,0.208602969,0,2,2,8,Carbon Metabolism,FALSE,sen_PTS,3,0,2,,,0,0.948732492,FALSE,0,sen_PTS,Sen,456,0.5,PTS
39,1.75,0,0.571428571,0,1,1,2,Amino Acid Metabolism,FALSE,ecol_gcvB,4,0,1,,,0,0.8125,FALSE,0,ecol_gcvB,Eco,0,0,gcvB
112,4.031021898,0,0.248076053,1,2,2,7,Carbon Metabolism,FALSE,sen_crp-2,13,0,2,,,0,0.959040245,FALSE,0,sen_crp-2,Sen,0,0.565217391,crp-2
1,3.53649635,3.21E-04,0.282765738,0,2,2,6,Uncharacterized,FALSE,mtub_SG_9,48,0,2,,,0,0.965723022,FALSE,0,mtub_SG_9,Mtu,1708,0.540229885,SG_9
42,4.520072993,0,0.221235365,0,1,1,8,Redox,FALSE,ecol_Oxidoreductase,18,0,1,,,0,0.952431446,FALSE,0,ecol_Oxidoreductase,Eco,0,0,Oxidoreductase
3,3.629562044,0.011049939,0.275515334,0.2,10,10,7,Virulence/Persistence,FALSE,mtub_Rv2488c,9.5,0,10,,,0,0.964465378,FALSE,0,mtub_Rv2488c,Mtu,14132,0.137313433,Rv2488c
5,4.056569343,0.001479592,0.24651372,0.333333333,3,3,7,Energy Metabolism,FALSE,ecol_entC/ubiC KO-2,13.66666667,0,3,,,0,0.958695009,FALSE,0,ecol_entC/ubiC KO-2,Eco,4048,0.404040404,entC/ubiC KO-2
121,5.169708029,0,0.193434522,0,1,1,8,Uncharacterized,FALSE,sen_unchar-7,4,0,1,,,0,0.943652594,FALSE,0,sen_unchar-7,Sen,0,0,unchar-7
32,4.516423358,0.008083117,0.221414141,0.2,6,6,8,Metal Homeostasis,FALSE,mtub_Zur,5,0,6,,,0,0.952480765,FALSE,0,mtub_Zur,Mtu,8738,0.25,Zur
83,4.054744526,0.00327062,0.246624662,0,3,3,7,Carbon Metabolism,FALSE,ecol_DhaR,10,0,3,,,0,0.958719669,FALSE,0,ecol_DhaR,Eco,2800,0.333333333,DhaR
91,4.541970803,6.75E-04,0.220168742,0,2,2,8,Misc Metabolism,FALSE,sen_birA,7.5,0,2,,,0,0.95213553,FALSE,0,sen_birA,Sen,862,0.5,birA
2,3.410583942,0.002484022,0.293204922,0.4,5,5,7,Carbon Metabolism,FALSE,ecol_Fatty Acid,28.2,0,5,,,0,0.967424541,FALSE,0,ecol_Fatty Acid,Eco,4220,0.261682243,Fatty Acid
,3.375912409,0.010333569,0.296216216,0.230769231,14,14,7,Amino Acid Metabolism,FALSE,sen_arcA-2,11.35714286,0,14,,,0,0.967893076,FALSE,0,sen_arcA-2,Sen,17760,0.130541872,arcA-2
127,4.762773723,0,0.209961686,1,2,2,8,Amino Acid Metabolism,FALSE,sen_his-tRNA,8.5,0,2,,,0,0.949151706,FALSE,0,sen_his-tRNA,Sen,0,0.566666667,his-tRNA
109,3.131386861,0.017265632,0.319347319,0.216666667,16,16,6,Uncharacterized,FALSE,mtub_Rv0681,19.5,0,16,,,0,0.971197475,FALSE,0,mtub_Rv0681,Mtu,38544,0.120729814,Rv0681
89,3.071167883,0.060544079,0.325609031,0.112554113,22,22,6,Virulence/Persistence,FALSE,mtub_Rv0576,14.5,0,22,,,0,0.972011245,FALSE,0,mtub_Rv0576,Mtu,105114,0.081353306,Rv0576
21,4.333941606,2.49E-04,0.230736842,0.666666667,4,4,7,Carbon Metabolism,FALSE,ecol_pts KO,6,0,4,,,0,0.954946735,FALSE,0,ecol_pts KO,Eco,682,0.428571429,pts KO
12,4.534671533,0.003752611,0.220523139,0.5,5,5,8,Antibiotic Resistance,FALSE,mtub_WhiB7,8.8,0,5,,,0,0.952234168,FALSE,0,mtub_WhiB7,Mtu,7904,0.40952381,WhiB7
47,3.906934307,0.006964735,0.255955161,0,6,6,7,Uncharacterized,FALSE,mtub_Unc_7,7.333333333,0,6,,,0,0.960717104,FALSE,0,mtub_Unc_7,Mtu,8438,0.180952381,Unc_7
10,4.328467153,0.001398838,0.231028668,0.678571429,8,8,8,Carbon Metabolism,FALSE,ecol_Maltose,10.625,0,8,,,0,0.955020714,FALSE,0,ecol_Maltose,Eco,2744,0.3125,Maltose
31,4.255474453,0.002475925,0.234991424,0.333333333,4,4,7,Uncharacterized,FALSE,sen_hilD-related,4.25,0,4,,,0,0.956007102,FALSE,0,sen_hilD-related,Sen,4518,0.333333333,hilD-related
6,4.335766423,0.007850226,0.230639731,0,3,3,8,Envelope Stress,FALSE,ecol_GadX,4,0,3,,,0,0.954922075,FALSE,0,ecol_GadX,Eco,15516,0.375,GadX
41,4.27919708,0.005114964,0.233688699,0.333333333,4,4,7,Amino Acid Metabolism,FALSE,sen_proU,6.75,0,4,,,0,0.955686526,FALSE,0,sen_proU,Sen,8116,0.295454545,proU
10,4.156934307,0.004259588,0.240561896,0.511111111,10,10,8,Carbon Metabolism,FALSE,sen_malT,9.7,0,10,,,0,0.957338726,FALSE,0,sen_malT,Sen,6724,0.246153846,malT
17,3.616788321,0.005788712,0.276488396,0,2,2,6,Fatty Acid Metabolism,FALSE,mtub_Fatty Acid Biosynthesis,38.5,0,2,,,0,0.964637996,FALSE,0,mtub_Fatty Acid Biosynthesis,Mtu,6424,0.5,Fatty Acid Biosynthesis
86,5.175182482,0,0.193229901,0,1,1,8,Uncharacterized,FALSE,sen_unchar-6,3,0,1,,,0,0.943578615,FALSE,0,sen_unchar-6,Sen,0,0,unchar-6
25,4.443430657,0.011942437,0.225051335,0.142857143,7,7,8,Redox,FALSE,mtub_DevR-2,5.571428571,0,7,,,0,0.953467153,FALSE,0,mtub_DevR-2,Mtu,16262,0.203296703,DevR-2
3,3.366788321,0.017364244,0.29701897,0.133333333,6,6,6,Virulence/Persistence,FALSE,mtub_PhoP,23.83333333,0,6,,,0,0.968016374,FALSE,0,mtub_PhoP,Mtu,23758,0.201149425,PhoP
129,4.558394161,0,0.2193755,1,3,3,8,ALE Effects,FALSE,ecol_Suf System,9.666666667,0,3,,,0,0.951913592,FALSE,0,ecol_Suf System,Eco,0,0.46031746,Suf System
37,5.363138686,0.001122307,0.186457979,0.5,4,4,9,Redox,FALSE,mtub_Rv1776c+WhiB4,5,0,4,,,0,0.941038666,FALSE,0,mtub_Rv1776c+WhiB4,Mtu,1186,0.475,Rv1776c+WhiB4
68,3.965328467,0.010661821,0.252185918,0.047619048,7,7,7,Redox,FALSE,ecol_NO Stress,6.285714286,0,7,,,0,0.959927994,FALSE,0,ecol_NO Stress,Eco,12968,0.150579151,NO Stress
59,4.656934307,1.80E-05,0.214733542,0.833333333,4,4,8,Carbon Metabolism,FALSE,sen_rbsR,6.75,0,4,,,0,0.950581969,FALSE,0,sen_rbsR,Sen,36,0.421875,rbsR
58,5.354014599,4.91E-04,0.186775733,0,2,2,9,Carbon Metabolism,FALSE,ecol_PlaR,5.5,0,2,,,0,0.941161965,FALSE,0,ecol_PlaR,Eco,496,0.5,PlaR
124,6.071167883,0.004358077,0.164712955,0,3,3,9,Carbon Metabolism,FALSE,sen_rcsA;rcsB,2.333333333,0,3,,,0,0.931470704,FALSE,0,sen_rcsA;rcsB,Sen,6978,0.333333333,rcsA;rcsB
45,6.653284672,0,0.1503017,0,1,1,10,Uncharacterized,FALSE,ecol_IS Elements-1,3,0,1,,,0,0.923604261,FALSE,0,ecol_IS Elements-1,Eco,0,0,IS Elements-1
63,3.509124088,0.005102772,0.284971399,0.1,5,5,7,Uncharacterized,FALSE,sen_csgD,22.2,0,5,,,0,0.966092918,FALSE,0,sen_csgD,Sen,5774,0.232258065,csgD
31,4.582116788,0.007423331,0.218239745,0.133333333,6,6,8,Uncharacterized,FALSE,sen_SG4_hilC,3.333333333,0,6,,,0,0.951593016,FALSE,0,sen_SG4_hilC,Sen,7760,0.217948718,SG4_hilC
7,4.591240876,4.04E-04,0.217806041,0.733333333,6,6,8,Amino Acid Metabolism,FALSE,mtub_Leucine Related,9.5,0,6,,,0,0.951469718,TRUE,0,mtub_Leucine Related,Mtu,780,0.431818182,Leucine Related
3,3.704379562,0.001491724,0.269950739,0.333333333,9,9,7,Uncharacterized,FALSE,mtub_Unc_6,11.88888889,0,9,,,0,0.96345433,FALSE,0,mtub_Unc_6,Mtu,3236,0.199623352,Unc_6
62,4.001824818,3.79E-04,0.249886001,0,2,2,7,Uncharacterized,FALSE,ecol_Hot TALE 16,20,0,2,,,0,0.9594348,FALSE,0,ecol_Hot TALE 16,Eco,1018,0.527777778,Hot TALE 16
80,3.78649635,0.00258232,0.264096386,0.5,5,5,7,Carbon Metabolism,FALSE,sen_prpR,15.8,0,5,,,0,0.962344644,FALSE,0,sen_prpR,Sen,5416,0.272413793,prpR
3,4.350364964,0,0.229865772,0,1,1,8,Redox,FALSE,mtub_Rv1828/SigH,24,0,1,,,0,0.954724798,FALSE,0,mtub_Rv1828/SigH,Mtu,0,0,Rv1828/SigH
21,5.324817518,0,0.187799863,1,3,3,8,Carbon Metabolism,FALSE,ecol_Cra,4.333333333,0,3,,,0,0.94155652,FALSE,0,ecol_Cra,Eco,0,0.722222222,Cra
39,1.75,0,0.571428571,0,1,1,2,Uncharacterized,FALSE,sen_SPI2,4,0,1,,,0,0.8125,FALSE,0,sen_SPI2,Sen,0,0,SPI2
128,5.131386861,0,0.19487909,0,1,1,9,Virulence/Persistence,FALSE,mtub_SigD,4,0,1,,,0,0.944170448,FALSE,0,mtub_SigD,Mtu,0,0,SigD
61,5.383211679,0,0.185762712,1,2,2,9,Nucleotide Metabolism,FALSE,ecol_Purine,3.5,0,2,,,0,0.94076741,FALSE,0,ecol_Purine,Eco,0,0.7,Purine
35,4.600364964,0,0.217374058,1,3,3,8,Amino Acid Metabolism,FALSE,sen_NikR,9,0,3,,,0,0.951346419,FALSE,0,sen_NikR,Sen,0,0.692307692,NikR
40,4.855839416,0,0.205937617,0,1,1,8,Nucleotide Metabolism,FALSE,ecol_NrdR,11,0,1,,,0,0.947894062,FALSE,0,ecol_NrdR,Eco,0,0,NrdR
103,5.284671533,0.0015552,0.189226519,0,2,2,9,Amino Acid Metabolism,FALSE,sen_metJ,5.5,0,2,,,0,0.942099033,FALSE,0,sen_metJ,Sen,2464,0.5,metJ
125,1,0,1,0,1,1,1,Extracellular Structures,FALSE,ecol_Fimbriae,1,0,1,,,0,1,FALSE,0,ecol_Fimbriae,Eco,0,0,Fimbriae
129,4.260948905,0.003495382,0.234689507,0.3,5,5,8,Uncharacterized,FALSE,mtub_Rv2621c,9,0,5,,,0,0.955933123,FALSE,0,mtub_Rv2621c,Mtu,4984,0.252941176,Rv2621c
11,4.432481752,7.97E-05,0.225607246,0.333333333,3,3,8,Energy Metabolism,FALSE,ecol_cyoB/ndh/nuoB KO-1,11.33333333,0,3,,,0,0.953615111,FALSE,0,ecol_cyoB/ndh/nuoB KO-1,Eco,174,0.5,cyoB/ndh/nuoB KO-1
15,4.156934307,0.001426021,0.240561896,0.4,6,6,7,Global Stress,FALSE,sen_rpoS,5.833333333,0,6,,,0,0.957338726,FALSE,0,sen_rpoS,Sen,1910,0.277777778,rpoS
85,1,0,1,0,1,1,1,Carbon Metabolism,FALSE,mtub_Nicotinate Metabolism,1,0,1,,,0,1,FALSE,0,mtub_Nicotinate Metabolism,Mtu,0,0,Nicotinate Metabolism
95,3.744525547,0.00620406,0.26705653,0.285714286,7,7,7,Amino Acid Metabolism,FALSE,sen_lrp,11.85714286,0,7,,,0,0.962911817,FALSE,0,sen_lrp,Sen,10650,0.199507389,lrp
1,3.465328467,4.10E-04,0.288572933,0.666666667,4,4,7,Uncharacterized,FALSE,mtub_Unc_5,33.25,0,4,,,0,0.96668475,FALSE,0,mtub_Unc_5,Mtu,1050,0.319711538,Unc_5
1,3.583941606,0.001846649,0.279022403,0,2,2,7,Carbon Metabolism,FALSE,ecol_Rhamnose,43.5,0,2,,,0,0.96508187,FALSE,0,ecol_Rhamnose,Eco,3402,0.505952381,Rhamnose
26,4.122262774,0,0.242585215,1,3,3,7,Metal Homeostasis,FALSE,sen_kdpE,8,0,3,,,0,0.95780726,FALSE,0,sen_kdpE,Sen,0,0.470588235,kdpE
126,5.193430657,0,0.192550949,1,2,2,8,Carbon Metabolism,FALSE,sen_rcsc related,5,0,2,,,0,0.943332018,FALSE,0,sen_rcsc related,Sen,0,0.625,rcsc related
73,4.204379562,0.002295691,0.237847222,0.333333333,3,3,8,Amino Acid Metabolism,FALSE,mtub_LysG,9.333333333,0,3,,,0,0.956697573,FALSE,0,mtub_LysG,Mtu,2868,0.375,LysG
36,4.675182482,0,0.213895394,0,1,1,8,Uncharacterized,FALSE,ecol_ydfB,18,0,1,,,0,0.950335372,FALSE,0,ecol_ydfB,Eco,0,0,ydfB