sequence_ID,score,locus_tag,gene_name,PFAMs,start,end,strand,gene_product,COG,operon,family,conserved,Orthogroup,eggNOG_OGs,comments
WP_003952326.1,0.9789,XNR_RS00130,fruR,"DeoRC,HTH_DeoR",42345,43106,+,DeoR/GlpR family DNA-binding transcription regulator,Transcription,Op20,DeoR,N6,OG0000093,2GKWM,
WP_003950769.1,0.9969,XNR_RS07815,dasR,"GntR,UTRA",1865970,1866758,+,GntR family transcriptional regulator,Transcription,Op1148,GntR,N6,OG0000070,2GJZ1,"Master regulator of antibiotic BGCs, Responsible for aerial mycelium formation. Involved in control of all GlcNAc-related genes and the N-acetylglucosamine regulon."
WP_003948195.1,,XNR_RS20690,adpA,"DJ-1_PfpI,HTH_18",4738977,4740197,-,helix-turn-helix domain-containing protein,Transcription,Op3129,AraC,N6,OG0000074,2GIRA,Global regulator of BGCs. Activates the regulon including strR. Central transcriptional regulator; AdpA represses the transcription of wblA in S. coelicolor
WP_003951083.1,0.8794,XNR_RS06235,ltbR,"HTH_IclR,IclR",1507771,1508487,+,IclR family transcriptional regulator NdgR,Transcription,Op921,IclR,N6,OG0002180,2GKB0,"NdgR may act as a pleiotopic effector, connecting primary and secondary metabolism in coelicolor. It is also a global transcriptional regulator involved in branched-chain amino acid biosynthesis and sulfur assimilation."
WP_003951335.1,0.9997,XNR_RS05005,cutR,"Response_reg,Trans_reg_C",1204374,1205027,-,response regulator transcription factor,Signal transduction mechanisms,Op733,OmpR,N6,OG0000006,2GKYV,
WP_015508329.1,0.7876,XNR_RS29085,LuxR,"AAA_16,GerE",6709373,6712279,+,LuxR family transcriptional regulator,Transcription,Op4380,LuxR,Sal,OG0002076,2GJIA,
WP_003952091.1,0.7973,XNR_RS01290,XNR_RS01290,"Cupin_2,HTH_31",314747,315364,-,XRE family transcriptional regulator,Transcription,Op207,Xre,N6,OG0000205,2GNKQ,
WP_015507123.1,0.7152,XNR_RS07900,XNR_RS07900,TetR_N,1885426,1886043,-,TetR/AcrR family transcriptional regulator,Transcription,Op1160,TetR,Sal,OG0002709,2GMDA,
WP_003949208.1,0.97,XNR_RS15695,XNR_RS15695,GntR,3613672,3614091,-,GntR family transcriptional regulator,Transcription,Op2365,GntR,Sal,OG0000285,2IHTD,
WP_003951376.1,0.9966,XNR_RS04795,XNR_RS04795,"DeoRC,HTH_DeoR",1139018,1139779,+,DeoR/GlpR family DNA-binding transcription regulator,Transcription,Op711,DeoR,N6,OG0000093,2GKWM,
WP_010645181.1,0.9992,XNR_RS17160,XNR_RS17160,HTH_20,3972112,3973059,+,winged helix-turn-helix domain-containing protein,Transcription,Op2605,HTH,Sal,OG0001664,2GP04,
WP_015507350.1,0.8003,XNR_RS11560,amfR,"GerE,Response_reg",2717763,2718500,+,response regulator transcription factor,Transcription,Op1731,GerE,N6,OG0000826,2GP9B,
WP_008408073.1,0.555,XNR_RS29100,PHTH,"GerE,PAS_4",6718732,6719427,+,PAS and helix-turn-helix domain-containing protein,Transcription,Op4383,bHLH-PAS,unknown,,2I9FR,
WP_003951343.1,0.9213,XNR_RS04965,XNR_RS04965,TetR_N,1197904,1198548,-,TetR/AcrR family transcriptional regulator,Transcription,Op729,TetR,N6,OG0006131,,
WP_003950748.1,0.7453,XNR_RS07915,catR,FUR,1888683,1889099,+,Fur family transcriptional regulator,Inorganic ion transport and metabolism,Op1163,Fur,N6,OG0002676,2IFBR,
WP_003951282.1,0.9943,XNR_RS05255,lexA,"LexA_DNA_bind,Peptidase_S24",1270208,1270993,+,transcriptional repressor LexA,Transcription,Op775,LexA,N6,OG0000304,2GMBN,
WP_003951782.1,0.9932,XNR_RS02785,iclR,"HTH_IclR,IclR",666651,667457,+,IclR family transcriptional regulator,Transcription,Op420,IclR,N6,OG0000033,2GJUA,
WP_008414908.1,0.9808,XNR_RS28960,TetR,TetR_N,6574010,6574594,+,TetR family transcriptional regulator,Transcription,Op4358,TetR,Sal,OG0002709,2GMDA,
WP_003949630.1,0.9148,XNR_RS13555,wblA,Whib,3112102,3112476,-,WhiB family transcriptional regulator,Transcription,Op2034,WhiB,N4,OG0003785,2IQEP,Global regulator of BGCs. Antibiotic downregulator.
WP_174905233.1,0.9891,XNR_RS05175,whiH,"FCD,GntR",1249413,1250300,-,FadR/GntR family transcriptional regulator,Transcription,Op760,GntR,N2,OG0002924,2GJST,Needed for sporulation and septation in coelicolor
WP_003947216.1,0.9903,XNR_RS25625,gylR,"HTH_IclR,IclR",5868507,5869271,-,IclR family transcriptional regulator,Transcription,Op3869,IclR,N6,OG0000033,2GJAZ,Controls glycerol metabolism in Streptomyces avermitilis
WP_003949637.1,0.9985,XNR_RS13525,glxR,"HTH_Crp_2,cNMP_binding",3106297,3106971,+,Crp/Fnr family transcriptional regulator,Transcription,Op2030,Crp-Fnr,N6,OG0000648,2GMPN,"""a global cAMP-dependent transcriptional regulator"""
WP_003949430.1,0.9993,XNR_RS14630,abaB,"HTH_1,LysR_substrate",3355524,3356429,+,LysR family transcriptional regulator,Transcription,Op2199,LysR,N2,OG0004031,2GKIV,"""abaB, a putative regulator for secondary metabolism in Streptomyces"""
WP_003948901.1,0.9984,XNR_RS17210,XNR_RS17210,"GerE,Response_reg",3984594,3985283,+,response regulator transcription factor,Signal transduction mechanisms,Op2614,GerE,N6,OG0000003,2GJ46,
WP_003948902.1,,XNR_RS17205,XNR_RS17205,"HATPase_c,HisKA_3",3983258,3984463,+,sensor histidine kinase,Signal transduction mechanisms,Op2613,HPK,N6,OG0000044,2GJEG,Antismash regulatory
WP_003948908.1,0.9928,XNR_RS17175,XNR_RS17175,"GerE,Response_reg",3977210,3977821,+,response regulator transcription factor,Signal transduction mechanisms,Op2608,GerE,N6,OG0000826,2GJ9U,
WP_086014551.1,0.8132,XNR_RS30305,XNR_RS30305,DUF4096,2567026,2567498,-,IS5 family transposase,"Replication, recombination and repair",Op1623,IS5,Sal,OG0002116,2IIB4,
WP_003952298.1,0.6165,XNR_RS00235,XNR_RS00235,PadR,64083,64424,+,helix-turn-helix transcriptional regulator,Transcription,Op40,PadR,Sal,OG0000267,2IQ70,
WP_003949238.1,0.6536,XNR_RS15560,XNR_RS15560,PadR,3569596,3569949,+,helix-turn-helix transcriptional regulator,Transcription,Op2344,PadR,Sal,OG0000267,2IQSE,
WP_106428986.1,0.9447,XNR_RS29980,XNR_RS29980,Penicillinase_R,3993683,3994264,+,BlaI/MecI/CopY family transcriptional regulator,Transcription,Op2619,BlaI/MecI/CopY,N4,OG0003606,2IIIT,
WP_003951745.1,,XNR_RS02970,XNR_RS02970,"BTAD,Trans_reg_C",710135,710995,+,AfsR/SARP family transcriptional regulator,Transcription,Op444,SARP,N6,OG0001109,2GP8N,SARP
WP_015507659.1,0.9316,XNR_RS17085,XNR_RS17085,"TetR_N,WHG",3895094,3895705,+,TetR/AcrR family transcriptional regulator,Transcription,Op2594,TetR,Sal,OG0001667,2IFMU,
WP_015507588.1,0.9925,XNR_RS15670,XNR_RS15670,"DUF2083,HTH_19,HTH_3,HTH_31,Peptidase_M78",3606442,3607854,-,short-chain fatty acyl-CoA regulator family protein,Transcription,Op2362,HTH,N4,OG0001972,2GMWU,
WP_015507257.1,,XNR_RS10120,XNR_RS10120,"TetR_C_6,TetR_N",2405590,2406141,-,TetR/AcrR family transcriptional regulator,Transcription,Op1500,TetR,N2,OG0003909,2GP61,Antismash regulatory
WP_015507255.1,,XNR_RS10105,XNR_RS10105,"AAA_16,BTAD,NB-ARC,Trans_reg_C",2401378,2403264,-,AfsR/SARP family transcriptional regulator,Transcription,Op1498,SARP,Sal,OG0001370,2I8E3,SARP
WP_015508301.1,0.9724,XNR_RS28670,XNR_RS28670,HTH_20,6516395,6516979,-,helix-turn-helix domain-containing protein,Transcription,Op4322,HTH,Sal,OG0002077,2I2YW,
WP_003948919.1,,XNR_RS17125,XNR_RS17125,GntR,3965830,3966246,-,GntR family transcriptional regulator,Transcription,Op2601,GntR,N4,OG0000285,2IMER,Antismash regulatory
WP_235208950.1,0.959,XNR_RS04900,XNR_RS04900,HTH_20,1183350,1183988,+,winged helix-turn-helix domain-containing protein,Transcription,Op722,HTH,Sal,OG0001664,2IEUB,
WP_008404305.1,0.9591,XNR_RS10970,XNR_RS10970,HTH_31,2579868,2580725,+,helix-turn-helix transcriptional regulator,Transcription,Op1634,HTH,Sal,OG0000210,2GJBK,
WP_003951283.1,0.9973,XNR_RS05250,nrdR,ATP-cone,1269074,1269586,-,transcriptional regulator NrdR,Transcription,Op774,NrdR,N6,OG0000905,2IHU9,
WP_008409625.1,0.9995,XNR_RS28075,XNR_RS28075,"HTH_1,LysR_substrate",6388299,6389207,-,LysR substrate-binding domain-containing protein,Transcription,Op4240,LysR,N0,OG0000011,2GK13,
WP_003952131.1,0.9243,XNR_RS01065,XNR_RS01065,"HTH_1,LysR_substrate",272828,273733,-,LysR family transcriptional regulator,Transcription,Op172,LysR,N2,OG0000011,2GK13,
WP_003950158.1,0.9239,XNR_RS10895,XNR_RS10895,"GntR,UTRA",2563439,2564194,+,GntR family transcriptional regulator,Transcription,Op1619,GntR,N6,OG0004051,2GM92,
,,XNR_RS31190,cspB,CSD,2716900,2717094,-,cold-shock protein,Transcription,Op1729,CSD,unknown,,2IKXN,Antismash regulatory
WP_003951347.1,0.9989,XNR_RS04945,kdpE,"Response_reg,Trans_reg_C",1192978,1193673,-,response regulator,Signal transduction mechanisms,Op728,OmpR,N2,OG0000177,2GJ2N,
WP_003948951.1,0.9833,XNR_RS16975,tipA,"MerR_1,TipAS",3870391,3871149,+,MerR family transcriptional regulator,Transcription,Op2576,MerR,N2,OG0000031,2H5GI,Confers resistance to antibiotics in lividans
WP_031177747.1,0.588,XNR_RS06390,tipA,"MerR,MerR-DNA-bind,MerR_1,TipAS",1536287,1537099,-,MerR family transcriptional regulator,Transcription,Op941,MerR,N6,OG0004160,2H5GI,
WP_008414868.1,0.9728,XNR_RS28825,XNR_RS28825,"Cupin_2,HTH_3,HTH_31",6548906,6549541,+,XRE family transcriptional regulator,Transcription,Op4342,Xre,N6,OG0000205,2GPWH,
WP_015508330.1,0.8699,XNR_RS29095,LuxR,"AAA_16,GerE",6715372,6718200,+,LuxR family transcriptional regulator,Transcription,Op4382,LuxR,Sal,OG0002076,2GJIA,
WP_003948200.1,0.9948,XNR_RS20665,XNR_RS20665,"LacI,Peripla_BP_3",4735638,4736693,+,LacI family DNA-binding transcriptional regulator,Transcription,Op3125,LacI,N6,OG0000010,2GJV7,
WP_008414952.1,0.8523,XNR_RS06420,XNR_RS06420,HTH_31,1540360,1541184,+,helix-turn-helix transcriptional regulator,Transcription,Op946,HTH,Sal,OG0000210,2I323,
WP_015507667.1,,XNR_RS17170,XNR_RS17170,HisKA_3,3975905,3977167,+,histidine kinase,Signal transduction mechanisms,Op2607,TCS,Sal,OG0000618,2GSZK,Antismash regulatory
WP_003950145.1,0.9287,XNR_RS10945,XNR_RS10945,HTH_31,2572645,2572941,-,helix-turn-helix transcriptional regulator,Transcription,Op1629,HTH,N6,OG0006012,2IQH6,
WP_003950170.1,0.9834,XNR_RS10850,XNR_RS10850,"GntR,UTRA",2557075,2557854,-,GntR family transcriptional regulator,Transcription,Op1611,GntR,N6,OG0000764,2GKW8,
WP_003948429.1,0.9956,XNR_RS19530,XNR_RS19530,"HTH_20,HTH_5",4481326,4482300,-,winged helix-turn-helix domain-containing protein,Transcription,Op2949,HTH,Sal,OG0001664,2GP04,
WP_015507855.1,0.9413,XNR_RS20755,XNR_RS20755,TetR_N,4753837,4754463,-,TetR/AcrR family transcriptional regulator,Transcription,Op3137,TetR,Sal,OG0001339,2IE3D,
WP_003952299.1,0.9988,XNR_RS00230,XNR_RS00230,"Cupin_2,HTH_3,HTH_31",63382,63984,-,XRE family transcriptional regulator,Transcription,Op39,Xre,N2,OG0004092,2GNTQ,
WP_003946519.1,,XNR_RS31670,LuxR,"AAA_16,GerE",6712338,6715367,+,LuxR family transcriptional regulator,Transcription,Op4381,LuxR,Sal,OG0002076,2HF0C,Antismash regulatory
WP_003946449.1,0.6644,XNR_RS00050,XNR_RS00050,"BetR,HTH_3,HTH_31,TetR_C_6,TetR_N",10691,11548,-,TetR family transcriptional regulator C-terminal domain-containing protein,Transcription,Op7,TetR,N6,OG0002808,,
WP_003946767.1,,XNR_RS27875,rcp1,Response_reg,6344492,6344935,+,response regulator,Signal transduction mechanisms,Op4207,TCS,unknown,OG0003966,2IFH8,Antismash regulatory
WP_003948569.1,0.9967,XNR_RS18845,whiB3,Whib,4321541,4321885,-,WhiB family transcriptional regulator,Transcription,Op2833,WhiB,N4,OG0003763,2IQS5,"WhiB's are Only found in actinobacteria. They are involved in major cellular processes such as antibiotic resistance, cell division, pathogenicity, response to oxidative stress and other stresses."
WP_015507165.1,0.8296,XNR_RS08735,XNR_RS08735,"DJ-1_PfpI,HTH_18",2082243,2083211,-,helix-turn-helix domain-containing protein,Transcription,Op1291,HTH,N6,OG0000074,2GIRA,
WP_003948616.1,0.9989,XNR_RS18610,rpoA,"RNA_pol_A_CTD,RNA_pol_A_bac,RNA_pol_L",4278275,4279297,+,DNA-directed RNA polymerase subunit alpha,Transcription,Op2795,RpoA,N6,OG0000879,2GJJ5,
WP_003948568.1,0.9948,XNR_RS18850,bldM,"GerE,Response_reg",4322331,4322942,+,response regulator transcription factor,Transcription,Op2834,GerE,N6,OG0005860,2GN46,
WP_003947402.1,0.9521,XNR_RS24670,XNR_RS24670,-,5665215,5665436,+,helix-turn-helix domain-containing protein,Function unknown,Op3721,HTH,N6,OG0002733,2IQBB,
WP_026047982.1,0.991,XNR_RS23020,XNR_RS23020,"LacI,Peripla_BP_3",5278128,5279195,+,LacI family DNA-binding transcriptional regulator,Transcription,Op3486,LacI,Sal,OG0001673,2GJRG,
WP_015507238.1,0.9949,XNR_RS09835,XNR_RS09835,"HTH_6,SIS",2338786,2339619,-,MurR/RpiR family transcriptional regulator,Transcription,Op1457,MurR,N6,OG0002068,2GMN2,
WP_003949441.1,0.9842,XNR_RS14575,XNR_RS14575,"LacI,Peripla_BP_3",3344173,3345294,+,LacI family DNA-binding transcriptional regulator,Transcription,Op2188,LacI,N2,OG0004033,2GKKK,
WP_003947363.1,0.9961,XNR_RS24865,yhcZ,"GerE,Response_reg",5703571,5704239,+,response regulator transcription factor,Signal transduction mechanisms,Op3751,GerE,N6,OG0000003,2GJKM,
WP_003950731.1,0.6638,XNR_RS08010,whiB7,"AT_hook,Whib",1910100,1910471,-,WhiB family transcriptional regulator,Transcription,Op1175,WhiB,N4,OG0003811,2IQ99,
WP_010636767.1,0.9471,XNR_RS25245,XNR_RS25245,GntR,5789278,5789664,+,GntR family transcriptional regulator,Transcription,Op3806,GntR,N6,OG0000285,2IQEW,
WP_003949052.1,0.9992,XNR_RS16470,mprA,"Response_reg,Trans_reg_C",3765221,3765961,-,response regulator transcription factor,Signal transduction mechanisms,Op2490,OmpR,N4,OG0000006,2GIZB,
WP_003951102.1,0.7019,XNR_RS06130,rpmF,Ribosomal_L32p,1487978,1488151,-,50S ribosomal protein L32,"Translation, ribosomal structure and biogenesis",Op906,None,N6,OG0006105,2GQP3,
WP_015506978.1,0.999,XNR_RS05075,XNR_RS05075,"FCD,GntR",1221847,1222533,-,GntR family transcriptional regulator,Transcription,Op745,GntR,N2,OG0000024,2H1S8,
WP_008407931.1,0.9615,XNR_RS07015,XNR_RS07015,"TetR_C_11,TetR_N",1693199,1693819,+,TetR/AcrR family transcriptional regulator,Transcription,Op1033,TetR,N4,OG0003732,2GNK4,
WP_008412695.1,0.7281,XNR_RS19155,XNR_RS19155,"HTH_3,HTH_31,Sigma70_r4_2",4397073,4398290,-,helix-turn-helix domain-containing protein,Transcription,Op2893,HTH,N6,OG0002871,2GKDD,
WP_008410494.1,0.9968,XNR_RS25850,XNR_RS25850,"HTH_1,LysR_substrate",5921907,5922860,+,LysR family transcriptional regulator,Transcription,Op3901,LysR,N2,OG0000197,2GMES,
WP_003952036.1,0.9979,XNR_RS01570,XNR_RS01570,"LacI,Peripla_BP_3",378969,380015,-,LacI family DNA-binding transcriptional regulator,Transcription,Op251,LacI,N6,OG0000010,2GJV7,
WP_003949867.1,0.9973,XNR_RS12325,hrrA2,"GerE,Response_reg",2864364,2864999,+,response regulator transcription factor,Signal transduction mechanisms,Op1849,GerE,N6,OG0000003,2GJRY,
WP_003946911.1,0.9003,XNR_RS27150,yqjI,PadR,6194026,6194691,+,PadR family transcriptional regulator,Transcription,Op4090,PadR,N6,OG0000267,2IFDN,
WP_003949724.1,0.8516,XNR_RS13100,XNR_RS13100,"HTH_3,HTH_31",3005253,3006083,-,helix-turn-helix transcriptional regulator,Transcription,Op1958,HTH,Sal,OG0000210,2GJ2Y,
WP_003947168.1,0.9996,XNR_RS25865,XNR_RS25865,"FCD,GntR",5925232,5925993,-,FCD domain-containing protein,Transcription,Op3904,GntR,N2,OG0000055,2HQFA,
WP_003950795.1,0.9987,XNR_RS07685,XNR_RS07685,GntR,1841044,1841409,-,GntR family transcriptional regulator,Transcription,Op1127,GntR,N6,OG0000285,2IHTD,
WP_003946875.1,0.9905,XNR_RS27335,XNR_RS27335,HTH_20,6232304,6232921,+,helix-turn-helix domain-containing protein,Transcription,Op4121,HTH,Sal,OG0002077,2IQKG,
WP_003950665.1,0.9127,XNR_RS08320,XNR_RS08320,"LacI,Peripla_BP_3",1982851,1983882,-,LacI family DNA-binding transcriptional regulator,Transcription,Op1228,LacI,N2,OG0000010,2GJ5Q,
WP_003948837.1,0.9904,XNR_RS17500,rex,"CoA_binding,Put_DNA-bind_N",4046725,4047489,+,redox-sensing transcriptional repressor Rex,Transcription,Op2660,Rex,N0,OG0004018,2GMV2,redox sensing regulator
WP_003950103.1,0.626,XNR_RS11155,bdpG,"DJ-1_PfpI,HTH_18",2627160,2628173,+,helix-turn-helix domain-containing protein,Transcription,Op1669,HTH,N6,OG0000074,2GIRA,
WP_003950533.1,0.9997,XNR_RS09005,sdrB,HTH_IclR,2134851,2135492,-,helix-turn-helix domain-containing protein,Transcription,Op1333,IclR,N6,OG0001756,2GMEA,
WP_003947119.1,0.9995,XNR_RS26115,argR,"Arg_repressor,Arg_repressor_C",5976292,5976825,+,arginine repressor,Transcription,Op3944,ArgR,N6,OG0001315,2GKA5,
WP_015507985.1,0.9975,XNR_RS22995,malR,"LacI,Peripla_BP_3",5271816,5272889,-,LacI family DNA-binding transcriptional regulator,Transcription,Op3483,LacI,Sal,OG0001673,2GJRG,"Repressor of malE (which allows utilization of maltose as a carbon source), and considered an ortholog to Reg1 in Streptomyces lividans, which if deleted, relieves chitinase production of CCR by glucose."
WP_003951232.1,0.584,XNR_RS05495,clgR,HTH_31,1324293,1324664,-,helix-turn-helix transcriptional regulator,Transcription,Op814,HTH,N6,OG0000780,2GR3F,
WP_008415217.1,0.9641,XNR_RS10275,icaR,TetR_N,2437940,2438617,+,TetR/AcrR family transcriptional regulator,Transcription,Op1526,TetR,N4,OG0000189,2GMBW,
WP_003949435.1,0.9848,XNR_RS14605,ssfR,"HTH_IclR,IclR",3351793,3352611,-,helix-turn-helix domain-containing protein,Transcription,Op2194,IclR,N6,OG0004032,2GP0G,Important in sporulation in Streptomyces griseus.
WP_026048008.1,0.8048,XNR_RS21865,furB,FUR,5031160,5031588,-,transcriptional repressor,Inorganic ion transport and metabolism,Op3310,Fur,N0,OG0000247,2IKS3,Metal ion regulator
WP_015508203.1,0.9988,XNR_RS27175,ptsJ,"Aminotran_1_2,GntR",6198462,6199793,+,aminotransferase class I/II-fold pyridoxal phosphate-dependent enzyme,Transcription,Op4095,GntR,N2,OG0004156,2GM6I,
WP_003948257.1,0.9975,XNR_RS20390,oxyR,"HTH_1,LysR_substrate",4672263,4673228,-,LysR substrate-binding domain-containing protein,Transcription,Op3083,LysR,N2,OG0000011,2H6E4,Regulator of peroxide stress response in Streptomyces viridosporus T7A.
WP_181390304.1,0.9993,XNR_RS19390,mprR,"HTH_1,LysR_substrate",4447596,4448558,-,LysR family transcriptional regulator,Transcription,Op2931,LysR,N6,OG0002900,2I9RK,Activates the transcription of mprA (a metalloprotease) in coelicolor.
WP_235208948.1,0.6577,XNR_RS03010,XNR_RS03010,"GerE,Response_reg",720507,721406,+,response regulator transcription factor,Signal transduction mechanisms,Op451,GerE,Sal,OG0000003,2H2C8,
WP_015506848.1,0.9976,XNR_RS02875,XNR_RS02875,GerE,685979,686851,+,helix-turn-helix transcriptional regulator,Transcription,Op430,GerE,unknown,,,
WP_015507347.1,0.8862,XNR_RS11525,XNR_RS11525,DUF3027,2711583,2712443,-,DUF3027 domain-containing protein,Function unknown,Op1726,Unknown,N4,OG0003538,2GJ74,
WP_015508250.1,,XNR_RS27865,XNR_RS27865,"Response_reg,SpoIIE",6341665,6342867,+,SpoIIE family protein phosphatase,Signal transduction mechanisms,Op4207,Spo0A,N6,OG0002888,2GNAF,Antismash regulatory
WP_015506725.1,0.8098,XNR_RS00935,XNR_RS00935,-,230305,231588,+,hypothetical protein,Function unknown,Op152,None,N6,OG0002010,2GIYW,
WP_003951787.1,0.996,XNR_RS02760,XNR_RS02760,"GerE,Response_reg",662068,662772,-,response regulator transcription factor,Signal transduction mechanisms,Op416,GerE,N6,OG0000003,2GN80,
WP_003948953.1,0.5083,XNR_RS16965,XNR_RS16965,PadR,3868644,3869306,+,PadR family transcriptional regulator,Transcription,Op2574,PadR,N6,OG0005890,2GKHU,
WP_015508062.1,0.9932,XNR_RS24520,XNR_RS24520,"GerE,Response_reg",5630589,5631239,-,response regulator transcription factor,Signal transduction mechanisms,Op3702,GerE,N6,OG0000003,2GJG4,
WP_015507247.1,0.9442,XNR_RS10030,XNR_RS10030,"GerE,TrmB",2381513,2382517,+,LuxR C-terminal-related transcriptional regulator,Transcription,Op1489,LuxR,N6,OG0001368,2GN8F,
WP_015507789.1,0.7209,XNR_RS19665,XNR_RS19665,"AAA_16,GerE",4514166,4516844,+,LuxR family transcriptional regulator,Transcription,Op2968,LuxR,N6,OG0000496,2GJXF,
WP_086014552.1,0.8248,XNR_RS30300,XNR_RS30300,DUF4096,2564566,2564902,+,IS5 family transposase,"Replication, recombination and repair",Op1620,IS5,Sal,OG0002116,2IIB4,
WP_003946736.1,,XNR_RS28015,XNR_RS28015,HxlR,6377898,6378386,-,helix-turn-helix domain-containing protein,Transcription,Op4230,HxlR,N2,OG0000356,2IJCU,Antismash regulatory
WP_015508340.1,,XNR_RS29255,lanKC,"LANC_like,Pkinase",6776681,6779272,-,class III lanthionine synthetase LanKC,Transcription,Op4402,LanKC,unknown,OG0004136,2GMRN,Antismash regulatory
WP_003952066.1,0.9955,XNR_RS01420,XNR_RS01420,"FCD,GntR",344828,345556,+,GntR family transcriptional regulator,Transcription,Op226,GntR,N6,OG0000024,2I9WQ,
WP_003950163.1,0.9927,XNR_RS10870,XNR_RS10870,"GntR,UTRA",2561591,2562322,-,GntR family transcriptional regulator,Transcription,Op1616,GntR,N6,OG0002099,2GN4S,
WP_015507048.1,0.8648,XNR_RS06405,XNR_RS06405,"TetR_N,WHG",1538184,1538777,-,TetR/AcrR family transcriptional regulator,Transcription,Op943,TetR,Sal,OG0001667,2ICTB,
WP_003950328.1,0.9274,XNR_RS10040,XNR_RS10040,"TetR_C_6,TetR_N",2384081,2384695,+,TetR family transcriptional regulator C-terminal domain-containing protein,Transcription,Op1491,TetR,Sal,OG0001155,2IQAR,
WP_008406843.1,0.9988,XNR_RS11665,XNR_RS11665,"HTH_3,HTH_31",2744694,2745017,-,helix-turn-helix transcriptional regulator,Transcription,Op1745,HTH,N6,OG0001770,2IKRP,
WP_015506674.1,,XNR_RS29385,XNR_RS29385,TetR_N,6829140,6829730,-,TetR/AcrR family transcriptional regulator,Transcription,Op4420,TetR,N2,OG0000018,2GNR9,Antismash regulatory
WP_003946603.1,0.992,XNR_RS28695,XNR_RS28695,"DeoRC,HTH_DeoR",6521837,6522631,-,DeoR/GlpR family DNA-binding transcription regulator,Transcription,Op4326,DeoR,N2,OG0000093,2I8G0,
WP_008411691.1,0.9926,XNR_RS29310,XNR_RS29310,"HTH_1,LysR_substrate",6790168,6791043,+,LysR substrate-binding domain-containing protein,Transcription,Op4409,LysR,N2,OG0000011,2IBNN,
WP_003946449.1,,XNR_RS29390,XNR_RS29390,"BetR,HTH_3,HTH_31,TetR_C_6,TetR_N",6830102,6830959,+,TetR family transcriptional regulator C-terminal domain-containing protein,Transcription,Op4421,TetR,N6,OG0002808,,Antismash regulatory
WP_003948780.1,0.8588,XNR_RS17765,XNR_RS17765,CSD,4106189,4106392,-,cold-shock protein,Transcription,Op2701,CSD,N6,OG0000038,2GQRU,
WP_003949855.1,0.7171,XNR_RS12390,XNR_RS12390,CSD,2877481,2877684,-,cold-shock protein,Transcription,Op1860,CSD,Sal,OG0000038,2GQRU,
WP_003947520.1,0.763,XNR_RS24050,XNR_RS24050,CSD,5523187,5523390,+,cold-shock protein,Transcription,Op3636,CSD,Sal,OG0000038,2GQRU,
WP_003951261.1,0.9911,XNR_RS05355,XNR_RS05355,"Response_reg,Trans_reg_C",1296664,1297362,-,response regulator transcription factor,Signal transduction mechanisms,Op793,OmpR,N0,OG0000006,2GKJK,
WP_010641289.1,0.9925,XNR_RS03825,XNR_RS03825,"HTH_24,MarR_2,ROK",911284,912483,-,ROK family transcriptional regulator,Carbohydrate transport and metabolism,Op579,ROK,N6,OG0000597,2GJ2S,
WP_003951582.1,0.8595,XNR_RS03765,XNR_RS03765,"GerE,Response_reg",895241,895903,+,response regulator transcription factor,Transcription,Op569,GerE,N6,OG0006149,2GIXT,
WP_003947802.1,0.9911,XNR_RS22670,XNR_RS22670,"GerE,Response_reg",5201138,5201779,-,response regulator transcription factor,Signal transduction mechanisms,Op3427,GerE,N6,OG0000826,2GJ9U,
WP_003949527.1,0.9979,XNR_RS14145,XNR_RS14145,"GerE,Response_reg",3244457,3245122,+,response regulator transcription factor,Signal transduction mechanisms,Op2120,GerE,N6,OG0000826,2GJ9U,
WP_003950808.1,0.9923,XNR_RS07615,XNR_RS07615,PadR,1828785,1829840,+,PadR family transcriptional regulator,Transcription,Op1115,PadR,N6,OG0000267,2GMKD,
WP_003950979.1,0.9998,XNR_RS06770,XNR_RS06770,"Response_reg,Trans_reg_C",1628330,1629013,+,response regulator transcription factor,Signal transduction mechanisms,Op996,OmpR,N2,OG0000177,2GJ2N,
WP_003951502.1,0.9954,XNR_RS04165,XNR_RS04165,"GerE,Response_reg",989364,990077,+,response regulator transcription factor,Signal transduction mechanisms,Op625,GerE,N6,OG0000003,2GK4B,
WP_003948692.1,0.9567,XNR_RS18195,XNR_RS18195,"GerE,Response_reg",4205786,4206457,-,response regulator transcription factor,Signal transduction mechanisms,Op2755,GerE,N6,OG0001128,2GM61,
WP_008409661.1,0.5872,XNR_RS04090,XNR_RS04090,-,972879,973202,+,hypothetical protein,Transcription,Op613,None,N6,OG0002155,2IKUK,
WP_003950060.1,0.9929,XNR_RS11355,XNR_RS11355,DUF742,2674513,2674866,+,DUF742 domain-containing protein,Transcription,Op1700,None,N6,OG0002097,2IMM6,
WP_037630217.1,0.9644,XNR_RS02625,XNR_RS02625,GerE,629590,630198,+,LuxR C-terminal-related transcriptional regulator,Transcription,Op399,LuxR,N4,OG0003487,2GNUE,
WP_235208995.1,0.956,XNR_RS14735,XNR_RS14735,"HTH_1,TniQ",3374347,3376344,-,LysR family transcriptional regulator,Transcription,Op2215,LysR,N6,OG0006477,2GNFI,
WP_015507299.1,0.9965,XNR_RS10675,XNR_RS10675,-,2526087,2526596,+,helix-turn-helix domain-containing protein,-,Op1589,HTH,unknown,,2GS6W,
WP_015507386.1,0.9877,XNR_RS12205,XNR_RS12205,"Gp49,HTH_3,HTH_31",2841802,2842119,-,helix-turn-helix transcriptional regulator,Transcription,Op1834,HTH,N4,OG0003622,2IM96,
WP_015506927.1,0.9724,XNR_RS04305,XNR_RS04305,TetR_N,1024030,1024761,+,TetR/AcrR family transcriptional regulator,Transcription,Op643,TetR,N2,OG0000112,2IIND,
WP_015506825.1,0.9056,XNR_RS02595,XNR_RS02595,HTH_18,622742,623530,+,AraC family transcriptional regulator,Transcription,Op395,AraC,N4,OG0000088,2IBA6,
WP_003950821.1,0.9999,XNR_RS07545,cseB,"Response_reg,Trans_reg_C",1806774,1807514,+,response regulator transcription factor,Signal transduction mechanisms,Op1106,OmpR,N0,OG0000006,2GJE6,
WP_003948375.1,0.9994,XNR_RS19795,afsQ1,"Response_reg,Trans_reg_C",4541654,4542331,-,two-component system response regulator AfsQ1,Signal transduction mechanisms,Op2986,OmpR,N6,OG0000006,2GJRR,
WP_003950455.1,0.9989,XNR_RS09390,mtrA,"Response_reg,Trans_reg_C",2236621,2237298,-,two-component system response regulator MtrA,Signal transduction mechanisms,Op1392,OmpR,N6,OG0000006,2GJE6,
WP_003947062.1,0.9986,XNR_RS26430,yebC,Transcrip_reg,6032690,6033442,+,YebC/PmpR family DNA-binding transcriptional regulator,Transcription,Op3988,YebC/PmpR,N6,OG0000530,2GJ4G,
WP_003950432.1,0.998,XNR_RS09520,whiB2,Whib,2271410,2271673,-,WhiB family transcriptional regulator,Transcription,Op1408,WhiB,N6,OG0001632,2IQ4Q,sporulation regulator in Sco
WP_003951558.1,0.993,XNR_RS03870,murA,"EPSP_synthase,HTH_3",923125,924654,+,UDP-N-acetylglucosamine 1-carboxyvinyltransferase,Cell wall/membrane/envelope biogenesis,Op588,None,N6,OG0006145,2GJPW,
WP_003948537.1,0.8756,XNR_RS18980,tcsR3,"GerE,Response_reg",4358218,4358925,+,response regulator transcription factor,Signal transduction mechanisms,Op2859,GerE,N6,OG0005857,2GIVA,
WP_003947370.1,0.7397,XNR_RS24830,sixA,His_Phos_1,5694304,5694858,+,histidine phosphatase family protein,Signal transduction mechanisms,Op3746,SixA,N6,OG0000981,2GJ0I,
WP_226660347.1,,XNR_RS11090,afsR,"BTAD,NB-ARC,TPR_10,TPR_12,Trans_reg_C",2611233,2614109,+,BTAD domain-containing putative transcriptional regulator,Transcription,Op1656,AfsR,N6,OG0001370,2GIRS,Pleiotropic regulator
WP_003948128.1,,XNR_RS21030,XNR_RS21030,AAA_16,4819767,4821608,-,hypothetical protein,Transcription,Op3182,SARP,unknown,OG0005811,2GIRS,SARP
WP_003951791.1,0.9996,XNR_RS02740,XNR_RS02740,"GntR,UTRA",657813,658577,-,GntR family transcriptional regulator,Transcription,Op412,GntR,N6,OG0000070,2GJZ1,
WP_202475095.1,0.9979,XNR_RS25990,XNR_RS25990,"Aminotran_1_2,GntR",5951324,5952811,+,PLP-dependent aminotransferase family protein,Amino acid transport and metabolism,Op3924,GntR,N6,OG0006653,2GITW,
WP_010636502.1,0.9796,XNR_RS26905,XNR_RS26905,"Aminotran_1_2,GntR",6135278,6136804,+,PLP-dependent aminotransferase family protein,Amino acid transport and metabolism,Op4052,GntR,N6,OG0006327,2GITW,
WP_003948383.1,0.9543,XNR_RS19755,XNR_RS19755,"DJ-1_PfpI,HTH_18,HTH_AraC",4534634,4535572,+,helix-turn-helix domain-containing protein,Transcription,Op2980,AraC,N6,OG0000074,2GIRA,
WP_003950610.1,0.9259,XNR_RS08610,XNR_RS08610,"DJ-1_PfpI,HTH_18",2055512,2056504,-,helix-turn-helix domain-containing protein,Transcription,Op1272,HTH,N6,OG0000074,2GIRA,
WP_003947021.1,0.9994,XNR_RS26635,rpoZ,RNA_pol_Rpb6,6077155,6077427,+,DNA-directed RNA polymerase subunit omega,Transcription,Op4010,RpoA,N6,OG0000865,2IQHU,
WP_003950085.1,0.9992,XNR_RS11245,ideR,"Fe_dep_repr_C,Fe_dep_repress,FeoA",2647473,2648165,-,metal-dependent transcriptional regulator,Transcription,Op1685,DtxR,N1,OG0001116,2GKMC,
WP_003947991.1,0.9971,XNR_RS21700,hrcA,"HTH_DeoR,HrcA",4994687,4995703,+,heat-inducible transcriptional repressor HrcA,Transcription,Op3285,HrcA,N6,OG0002695,2GKF5,
WP_003949606.1,0.9888,XNR_RS13710,XNR_RS13710,"FCD,GntR",3144481,3145173,-,GntR family transcriptional regulator,Transcription,Op2059,GntR,N6,OG0005955,2GNMS,
WP_003950390.1,0.9998,XNR_RS09735,vicR,"Response_reg,Trans_reg_C",2316307,2316984,-,response regulator transcription factor,Signal transduction mechanisms,Op1442,OmpR,N6,OG0000177,2GP1I,
WP_003949200.1,0.9866,XNR_RS15745,hspR,MerR_1,3623520,3623987,+,helix-turn-helix domain-containing protein,Transcription,Op2372,MerR,N4,OG0003500,2IQJ4,
WP_010640467.1,0.9988,XNR_RS00790,XNR_RS00790,"LacI,Peripla_BP_3",195770,196801,+,LacI family DNA-binding transcriptional regulator,Transcription,Op127,LacI,N0,OG0000010,2GJRG,
WP_003951309.1,0.9962,XNR_RS05125,XNR_RS05125,"LacI,Peripla_BP_3",1235735,1236760,-,LacI family DNA-binding transcriptional regulator,Transcription,Op751,LacI,N6,OG0001673,2GJRG,
WP_003950710.1,0.9888,XNR_RS08110,XNR_RS08110,TetR_N,1943025,1943666,+,TetR/AcrR family transcriptional regulator,Transcription,Op1192,TetR,N4,OG0000189,2GVM5,
WP_003949381.1,0.9703,XNR_RS14875,parB,ParBc,3410461,3411465,-,ParB/RepB/Spo0J family partition protein,Transcription,Op2236,ParB/RepB/Spo0J,N6,OG0000841,2GNRN,
WP_015508050.1,0.6877,XNR_RS24160,fdhF,"Molybdopterin,Molydop_binding",5548195,5550471,-,FdhF/YdeP family oxidoreductase,Energy production and conversion,Op3652,FdhF,N6,OG0000588,2GJWZ,
WP_003948570.1,0.9956,XNR_RS18840,XNR_RS18840,"HTH_1,LysR_substrate",4320475,4321371,+,LysR family transcriptional regulator,Transcription,Op2832,LysR,N6,OG0000273,2GKT0,
WP_041826617.1,0.9887,XNR_RS26760,XNR_RS26760,"HTH_1,LysR_substrate",6104532,6105440,-,LysR family transcriptional regulator,Transcription,Op4032,LysR,N6,OG0000273,2GKT0,
WP_015506870.1,0.9669,XNR_RS03265,XNR_RS03265,"FCD,GntR",776663,777418,-,GntR family transcriptional regulator,Transcription,Op493,GntR,N2,OG0000024,2GMJX,
WP_008408824.1,0.9621,XNR_RS25730,pafC,WYL,5894209,5895171,+,WYL domain-containing protein,Transcription,Op3886,WYL,N4,OG0003631,2GMAU,
WP_015507630.1,0.9959,XNR_RS16555,XNR_RS16555,FUR,3780647,3781090,+,Fur family transcriptional regulator,Inorganic ion transport and metabolism,Op2503,Fur,N0,OG0000247,2IFHB,
WP_008410337.1,0.9997,XNR_RS12755,regX3,"Response_reg,Trans_reg_C",2946506,2947186,-,response regulator transcription factor,Signal transduction mechanisms,Op1906,OmpR,N4,OG0000006,2GKFS,
WP_008417548.1,0.7522,XNR_RS27090,merR2,MerR_1,6179445,6180080,+,MerR family transcriptional regulator,Transcription,Op4078,MerR,N4,OG0003605,2GM67,
WP_003950109.1,0.6048,XNR_RS11115,XNR_RS11115,TetR_N,2619407,2620054,+,TetR family transcriptional regulator,Transcription,Op1662,TetR,N6,OG0006007,2GK0V,
WP_008415410.1,0.9988,XNR_RS16740,XNR_RS16740,HTH_3,3819531,3819941,+,helix-turn-helix transcriptional regulator,Transcription,Op2533,HTH,N6,OG0001973,2IKVI,
WP_003949564.1,0.5667,XNR_RS13920,XNR_RS13920,TetR_N,3192010,3192753,+,TetR/AcrR family transcriptional regulator,Transcription,Op2088,TetR,N6,OG0005948,2GM0B,
WP_003949326.1,0.997,XNR_RS15135,XNR_RS15135,TetR_N,3467505,3468206,+,TetR/AcrR family transcriptional regulator,Transcription,Op2274,TetR,N6,OG0005919,2GJZJ,
WP_078485278.1,0.9952,XNR_RS19885,XNR_RS19885,"DeoRC,HTH_DeoR",4557995,4558993,+,DeoR/GlpR family DNA-binding transcription regulator,Transcription,Op3002,Deor,N6,OG0000093,2GISD,
WP_015507792.1,0.9946,XNR_RS19740,XNR_RS19740,"HTH_1,LysR_substrate",4532351,4533376,+,LysR family transcriptional regulator,Transcription,Op2977,LysR,N6,OG0001934,2GTX3,
WP_003947201.1,0.5689,XNR_RS25700,XNR_RS25700,"LacI,Peripla_BP_3",5887655,5888671,-,LacI family DNA-binding transcriptional regulator,Transcription,Op3882,LacI,N6,OG0005710,2GMUU,
WP_003947274.1,0.9936,XNR_RS25330,XNR_RS25330,"GntR,UTRA",5808614,5809360,-,GntR family transcriptional regulator,Transcription,Op3820,GntR,N6,OG0005718,2GJ99,
WP_003947374.1,0.9988,XNR_RS24815,XNR_RS24815,"FCD,GntR",5691463,5692146,-,FadR/GntR family transcriptional regulator,Transcription,Op3742,GntR,N2,OG0000055,2GMTJ,
WP_003947677.1,0.9492,XNR_RS23275,XNR_RS23275,"FCD,GntR",5344294,5344917,-,GntR family transcriptional regulator,Transcription,Op3527,GntR,N6,OG0000024,2GJRM,
WP_003949307.1,0.9996,XNR_RS15230,XNR_RS15230,"FCD,GntR",3489877,3490545,+,GntR family transcriptional regulator,Transcription,Op2286,GntR,Sal,OG0000024,2GMI2,
WP_003948132.1,0.9556,XNR_RS21010,XNR_RS21010,"FCD,GntR",4814634,4815293,+,GntR family transcriptional regulator,Transcription,Op3179,GntR,Sal,OG0000024,2GMI2,
WP_003947597.1,0.5076,XNR_RS23665,XNR_RS23665,TetR_N,5431941,5432561,-,TetR/AcrR family transcriptional regulator,Transcription,Op3589,TetR,N2,OG0000018,2GJBV,
WP_015508117.1,0.9361,XNR_RS25370,XNR_RS25370,TetR_N,5816908,5817585,+,TetR/AcrR family transcriptional regulator,Transcription,Op3827,TetR,N6,OG0004152,2GMNZ,
WP_003946841.1,0.9983,XNR_RS27505,XNR_RS27505,"GntR,UTRA",6265376,6266134,+,GntR family transcriptional regulator,Transcription,Op4151,GntR,N6,OG0005674,2GK0S,
WP_003952266.1,0.9554,XNR_RS00395,XNR_RS00395,"LacI,Peripla_BP_3",102041,103081,+,LacI family DNA-binding transcriptional regulator,Transcription,Op68,LacI,N2,OG0000010,2GMGS,
WP_015508118.1,0.9927,XNR_RS25380,soxR,"MerR,MerR-DNA-bind",5818260,5818724,+,redox-sensitive transcriptional activator SoxR,Transcription,Op3829,MerR,N6,OG0000834,2GKTU,"Regulator of a global oxidative stress response. Controls a putative ABC transport protein, two oxidoreductases, a monooxygenase and a possible NAD-dependent epimerase/dehydratase in coelicolor."
WP_003950208.1,0.7233,XNR_RS10660,XNR_RS10660,TetR_N,2523228,2523875,-,TetR/AcrR family transcriptional regulator,Transcription,Op1586,TetR,N6,OG0000113,2GIVD,
WP_008414245.1,0.5879,XNR_RS21270,XNR_RS21270,"HTH_1,LysR_substrate",4884955,4885866,+,LysR family transcriptional regulator,Transcription,Op3215,LysR,N6,OG0000273,2GNFT,
WP_003946904.1,0.9889,XNR_RS27185,XNR_RS27185,"HTH_1,LysR_substrate",6200862,6201767,+,LysR family transcriptional regulator,Transcription,Op4097,LysR,N6,OG0000273,2GM99,
WP_003950623.1,0.6263,XNR_RS08545,XNR_RS08545,"TetR_C_11,TetR_N",2043372,2043983,-,TetR/AcrR family transcriptional regulator,Transcription,Op1262,TetR,N6,OG0001422,2GNK4,
WP_003948301.1,0.9987,XNR_RS20150,XNR_RS20150,"HTH_IclR,IclR",4616424,4617212,+,IclR family transcriptional regulator,Transcription,Op3050,IclR,N6,OG0000033,2GM23,
WP_010642163.1,0.9935,XNR_RS06965,XNR_RS06965,"HTH_11,HTH_IclR,Response_reg",1681375,1682115,+,response regulator,Signal transduction mechanisms,Op1027,IclR,N6,OG0000473,2GMAN,
WP_003949752.1,0.9924,XNR_RS12960,XNR_RS12960,"HTH_IclR,IclR",2979447,2980247,+,IclR family transcriptional regulator,Transcription,Op1933,IclR,N2,OG0000033,2GM23,
WP_054099554.1,0.8665,XNR_RS03135,XNR_RS03135,HTH_22,747302,747613,-,helix-turn-helix domain-containing protein,Function unknown,Op474,HTH,N6,OG0006639,2IHSD,
WP_003947707.1,0.6026,XNR_RS23120,cobH,CbiC,5308734,5309360,+,precorrin-8X methylmutase,Coenzyme transport and metabolism,Op3504,CbiC,N6,OG0001618,2GK0B,
WP_003949966.1,0.9852,XNR_RS11830,XNR_RS11830,"HTH_6,SIS",2776915,2777838,+,MurR/RpiR family transcriptional regulator,Transcription,Op1773,MurR,N2,OG0000206,2HY2W,
WP_015506997.1,0.669,XNR_RS05450,XNR_RS05450,"AraC_binding,HTH_18",1312811,1313674,-,AraC family transcriptional regulator,Transcription,Op806,AraC,N2,OG0000073,2GNEB,
WP_003950079.1,0.9934,XNR_RS11275,XNR_RS11275,TetR_N,2655028,2655606,-,TetR/AcrR family transcriptional regulator,Transcription,Op1691,TetR,N2,OG0000018,2GMVQ,
WP_015507980.1,0.9788,XNR_RS22945,XNR_RS22945,TetR_N,5258455,5259078,-,TetR/AcrR family transcriptional regulator,Transcription,Op3474,TetR,N6,OG0004109,2HG87,
WP_031177605.1,0.6195,XNR_RS04505,XNR_RS04505,HTH_31,1074146,1075033,+,helix-turn-helix transcriptional regulator,Transcription,Op674,HTH,N6,OG0000240,2GJS3,
WP_003948883.1,0.9996,XNR_RS17290,cseB,"Response_reg,Trans_reg_C",4002597,4003316,-,response regulator transcription factor,Signal transduction mechanisms,Op2625,OmpR,N6,OG0000006,2GNQH,
WP_003951250.1,0.9781,XNR_RS05415,XNR_RS05415,"HTH_1,LysR_substrate",1307810,1308754,+,LysR family transcriptional regulator,Transcription,Op802,LysR,N6,OG0004069,2GJFG,
WP_003950496.1,0.9415,XNR_RS09195,XNR_RS09195,"HTH_1,LysR_substrate",2176210,2177172,-,LysR family transcriptional regulator,Transcription,Op1361,LysR,N6,OG0006040,2GJFG,
WP_008415202.1,0.9875,XNR_RS22190,XNR_RS22190,"HTH_11,HTH_IclR,Response_reg",5096505,5097194,+,response regulator,Signal transduction mechanisms,Op3346,IclR,N6,OG0000473,2GK16,
WP_008412497.1,0.996,XNR_RS26170,XNR_RS26170,TetR_N,5986522,5987070,+,TetR/AcrR family transcriptional regulator,Transcription,Op3953,TetR,N6,OG0002066,2HAUK,
WP_003947238.1,0.9604,XNR_RS25510,XNR_RS25510,"FCD,GntR",5845491,5846216,+,FCD domain-containing protein,Transcription,Op3848,GntR,N6,OG0001590,2GKBM,
WP_003950376.1,0.9946,XNR_RS09805,XNR_RS09805,"LacI,Peripla_BP_3",2334433,2335449,+,LacI family DNA-binding transcriptional regulator,Transcription,Op1453,LacI,N6,OG0000010,2GJV7,
WP_003948475.1,0.99,XNR_RS19300,XNR_RS19300,"LacI,Peripla_BP_3",4430719,4431828,-,LacI family DNA-binding transcriptional regulator,Transcription,Op2913,LacI,N6,OG0000010,2GJV7,
WP_003952281.1,0.9991,XNR_RS00320,XNR_RS00320,"DeoRC,HTH_DeoR",85637,86443,+,DeoR/GlpR family DNA-binding transcription regulator,Transcription,Op55,DeoR,N6,OG0000093,2H5X4,
WP_003947738.1,0.9409,XNR_RS22970,XNR_RS22970,"TetR_C,TetR_N",5266264,5266878,-,TetR/AcrR family transcriptional regulator C-terminal domain-containing protein,Transcription,Op3479,TetR,unknown,OG0003970,2GNBI,
WP_003949591.1,0.9998,XNR_RS13780,senR,"GerE,Response_reg",3157650,3158309,+,response regulator transcription factor,Signal transduction mechanisms,Op2071,GerE,N6,OG0000003,2GJRY,
WP_015508003.1,,XNR_RS23180,XNR_RS23180,TetR_N,5322199,5322873,+,ScbR family autoregulator-binding transcription factor,Transcription,Op3512,TetR,N2,OG0000018,2I8MS,Autoregulatory Activates scbA expression
WP_003948866.1,0.8836,XNR_RS17370,XNR_RS17370,TetR_N,4018698,4019336,+,TetR family transcriptional regulator,Transcription,Op2639,TetR,N6,OG0002003,2GP92,
WP_003951034.1,0.5128,XNR_RS06515,XNR_RS06515,TetR_N,1565030,1565668,+,helix-turn-helix domain containing protein,Transcription,Op960,TetR,N4,OG0000189,2GNVS,
WP_003951455.1,0.9663,XNR_RS04420,XNR_RS04420,"TetR_C_6,TetR_N",1055221,1055814,-,TetR family transcriptional regulator,Transcription,Op665,TetR,N2,OG0000112,2HUE7,
WP_008409330.1,0.9846,XNR_RS07220,chiR,"GerE,Response_reg",1735093,1735740,+,response regulator transcription factor,Signal transduction mechanisms,Op1064,GerE,N6,OG0000003,2GN3A,
WP_041826586.1,0.989,XNR_RS05785,xylR,"HTH_IclR,MarR_2,ROK",1402232,1403473,-,ROK family transcriptional regulator,Carbohydrate transport and metabolism,Op852,ROK,N6,OG0004164,2GJIE,
WP_003951462.1,0.9741,XNR_RS04375,XNR_RS04375,"HTH_20,HTH_5",1041855,1042835,+,winged helix-turn-helix domain-containing protein,Transcription,Op657,HTH,N6,OG0001664,2GPH2,
WP_003951952.1,0.9987,XNR_RS01975,XNR_RS01975,"HTH_1,LysR_substrate",481047,481928,+,LysR substrate-binding domain-containing protein,Transcription,Op302,LysR,N6,OG0000110,2GNAH,
WP_003949076.1,0.9991,XNR_RS16365,XNR_RS16365,GntR,3742406,3742795,-,GntR family transcriptional regulator,Transcription,Op2475,GntR,Sal,OG0000285,2IHTD,
WP_003948830.1,0.7862,XNR_RS17535,XNR_RS17535,HTH_31,4054301,4055623,+,helix-turn-helix transcriptional regulator,Transcription,Op2663,HTH,N6,OG0004017,2GKH2,
WP_003951642.1,0.6808,XNR_RS03460,XNR_RS03460,HTH_18,824168,824914,-,helix-turn-helix transcriptional regulator,Transcription,Op528,HTH,Sal,OG0002796,2GWDZ,
WP_003952242.1,0.9742,XNR_RS00515,XNR_RS00515,HTH_20,125065,125406,-,helix-turn-helix domain-containing protein,Transcription,Op89,HTH,N6,OG0002106,2IKW0,
WP_003951238.1,0.9017,XNR_RS05470,XNR_RS05470,"TetR_N,WHG",1320421,1320993,+,TetR/AcrR family transcriptional regulator,Transcription,Op810,TetR,N6,OG0001608,2I31S,
WP_015506860.1,0.9864,XNR_RS03065,XNR_RS03065,"LacI,Peripla_BP_3",732541,733572,+,LacI family DNA-binding transcriptional regulator,Transcription,Op461,LacI,N6,OG0006166,2GJY9,
WP_003951729.1,0.964,XNR_RS03050,XNR_RS03050,"LacI,Peripla_BP_3",729578,730645,-,LacI family DNA-binding transcriptional regulator,Transcription,Op458,LacI,unknown,OG0006166,2GJY9,
WP_003948971.1,0.9379,XNR_RS16875,XNR_RS16875,Penicillinase_R,3847754,3848149,+,BlaI/MecI/CopY family transcriptional regulator,Transcription,Op2557,BlaI/MecI/CopY,N6,OG0004023,2IKP5,
WP_003951977.1,0.9976,XNR_RS01845,XNR_RS01845,"LacI,Peripla_BP_3",450892,451926,-,LacI family DNA-binding transcriptional regulator,Transcription,Op286,LacI,N2,OG0000010,2GNVD,
WP_003951405.1,0.9936,XNR_RS04655,XNR_RS04655,HTH_30,1104309,1105520,+,helix-turn-helix domain-containing protein,"Secondary metabolites biosynthesis, transport and catabolism",Op689,HTH,N6,OG0006133,2GR38,
WP_003947140.1,0.982,XNR_RS26015,XNR_RS26015,TetR_N,5956132,5956728,+,TetR/AcrR family transcriptional regulator,Transcription,Op3928,TetR,Sal,OG0000113,2IMN4,
WP_008411123.1,0.9671,XNR_RS19890,XNR_RS19890,TetR_N,4559027,4559602,-,TetR/AcrR family transcriptional regulator,Transcription,Op3003,TetR,Sal,OG0000113,2IMN4,
WP_015506983.1,0.9951,XNR_RS05150,XNR_RS05150,TetR_N,1242239,1242877,-,TetR/AcrR family transcriptional regulator,Transcription,Op755,TetR,N6,OG0000830,2HMTE,
WP_003949697.1,0.9993,XNR_RS13230,XNR_RS13230,"Cupin_6,HTH_18",3029058,3029999,-,AraC family transcriptional regulator,Transcription,Op1979,AraC,N6,OG0000518,2GK7Q,
WP_015506932.1,0.9965,XNR_RS04345,XNR_RS04345,HTH_20,1033820,1034548,-,winged helix-turn-helix domain-containing protein,Transcription,Op651,HTH,N2,OG0003825,2GTPG,
WP_235208941.1,0.9852,XNR_RS00670,XNR_RS00670,"AraC_binding,HTH_18",164897,165766,-,AraC family transcriptional regulator,Transcription,Op114,AraC,Sal,OG0000088,2GJYX,
WP_015507819.1,0.9473,XNR_RS20190,XNR_RS20190,"AraC_binding,HTH_18",4625341,4626111,+,helix-turn-helix transcriptional regulator,Transcription,Op3056,AraC,Sal,OG0000088,2GJYX,
WP_003951903.1,0.5941,XNR_RS02210,XNR_RS02210,"AraC_binding,HTH_18",535064,535837,+,AraC family transcriptional regulator,Transcription,Op342,AraC,Sal,OG0000088,2GJYX,
WP_003950541.1,0.9969,XNR_RS08965,XNR_RS08965,HTH_20,2128674,2129330,+,helix-turn-helix domain-containing protein,Transcription,Op1329,HTH,Sal,OG0002077,2IQKG,
WP_003949058.1,0.9963,XNR_RS16440,XNR_RS16440,"LacI,Peripla_BP_1,Peripla_BP_3",3757036,3758079,-,LacI family DNA-binding transcriptional regulator,Transcription,Op2487,LacI,N0,OG0000010,2GK1X,
WP_003950405.1,0.6121,XNR_RS09655,XNR_RS09655,HTH_31,2301372,2302220,-,helix-turn-helix transcriptional regulator,Transcription,Op1428,HTH,Sal,OG0002821,2GK3V,
WP_008410051.1,0.7565,XNR_RS28440,XNR_RS28440,HTH_26,6467911,6468144,-,helix-turn-helix transcriptional regulator,Transcription,Op4289,HTH,Sal,OG0001647,2GQZM,
WP_049978650.1,0.9133,XNR_RS13260,XNR_RS13260,TetR_N,3036916,3037677,-,TetR/AcrR family transcriptional regulator,Transcription,Op1985,TetR,Sal,OG0001339,2IE3D,
WP_003947258.1,0.9623,XNR_RS25410,XNR_RS25410,"TetR_C_11,TetR_N",5825320,5825964,-,TetR/AcrR family transcriptional regulator,Transcription,Op3834,TetR,N6,OG0001036,2GP08,
WP_015507071.1,0.9964,XNR_RS06790,XNR_RS06790,"HTH_1,LysR_substrate",1634317,1635312,+,LysR family transcriptional regulator,Transcription,Op997,LysR,N1,OG0000102,2GMDN,
WP_003950087.1,0.9375,XNR_RS11235,XNR_RS11235,"TetR_N,WHG",2644662,2645240,+,TetR/AcrR family transcriptional regulator,Transcription,Op1683,TetR,N6,OG0001980,2HMZF,
WP_008404051.1,0.9963,XNR_RS11330,XNR_RS11330,"HTH_1,LysR_substrate",2667641,2668519,+,LysR family transcriptional regulator,Transcription,Op1697,LysR,N2,OG0000011,2I8Y8,
WP_003951637.1,0.901,XNR_RS03480,XNR_RS03480,TetR_N,829703,830278,+,TetR/AcrR family transcriptional regulator,Transcription,Op531,TetR,N6,OG0000359,2ICWK,
WP_003948653.1,0.9017,XNR_RS18420,XNR_RS18420,"HTH_Crp_2,cNMP_binding",4252174,4252869,-,Crp/Fnr family transcriptional regulator,Transcription,Op2779,Crp-Fnr,N6,OG0000648,2I8QQ,
WP_003949113.1,0.937,XNR_RS16175,XNR_RS16175,"TetR_N,WHG",3709272,3709868,-,TetR/AcrR family transcriptional regulator,Transcription,Op2445,TetR,Sal,OG0001667,2IMN5,
WP_003952193.1,0.9201,XNR_RS00750,XNR_RS00750,"TetR_N,WHG",185872,186471,+,TetR/AcrR family transcriptional regulator,Transcription,Op123,TetR,Sal,OG0001667,2IMN5,
WP_003951855.1,0.8171,XNR_RS02445,XNR_RS02445,HTH_18,585311,586150,-,helix-turn-helix domain-containing protein,Transcription,Op375,HTH,Sal,OG0002796,2GK7C,
WP_003949104.1,,XNR_RS16220,XNR_RS16220,"BTAD,Trans_reg_C",3717856,3719886,+,AfsR/SARP family transcriptional regulator,Transcription,Op2454,SARP,N6,OG0005901,2I2QB,SARP
WP_015507907.1,0.6909,XNR_RS21770,XNR_RS21770,TetR_N,5011243,5011908,+,TetR/AcrR family transcriptional regulator,Transcription,Op3295,TetR,N6,OG0000113,2HM1H,
WP_003947982.1,0.9985,XNR_RS21745,XNR_RS21745,"FCD,GntR",5005773,5006456,+,GntR family transcriptional regulator,Transcription,Op3291,GntR,N6,OG0000024,2I8SM,
WP_037629979.1,0.8508,XNR_RS09050,XNR_RS09050,HTH_31,2140353,2141183,-,helix-turn-helix transcriptional regulator,Transcription,Op1341,HTH,Sal,OG0000210,2GNSP,
WP_003948976.1,0.898,XNR_RS16850,XNR_RS16850,"FCD,GntR",3842744,3843406,+,GntR family transcriptional regulator,Transcription,Op2553,GntR,N2,OG0000024,2IBT4,
WP_003949721.1,0.9963,XNR_RS13115,XNR_RS13115,"FCD,GntR",3006969,3007676,-,FadR/GntR family transcriptional regulator,Transcription,Op1961,GntR,N2,OG0000055,2I91R,
WP_003951509.1,0.9993,XNR_RS04130,XNR_RS04130,"FCD,GntR",982321,983064,-,FCD domain-containing protein,Transcription,Op619,GntR,N2,OG0000055,2GZJA,
WP_003949302.1,0.6322,XNR_RS15255,XNR_RS15255,"HTH_31,TPR_16",3494676,3495890,+,helix-turn-helix transcriptional regulator,Transcription,Op2290,HTH,unknown,,2GP3T,
WP_015507085.1,0.8856,XNR_RS06950,XNR_RS06950,TetR_N,1677296,1677874,+,TetR/AcrR family transcriptional regulator,Transcription,Op1024,TetR,N6,OG0000113,2HGMJ,
WP_003947134.1,0.9981,XNR_RS26045,XNR_RS26045,TetR_N,5962360,5962941,+,TetR/AcrR family transcriptional regulator,Transcription,Op3934,TetR,N6,OG0003974,2GN7W,
WP_003951824.1,0.5867,XNR_RS02605,XNR_RS02605,"HTH_1,LysR_substrate",624516,625460,+,LysR family transcriptional regulator,Transcription,Op397,LysR,N2,OG0000011,2GRT9,
WP_015508217.1,0.999,XNR_RS27350,iciA,"HTH_1,LysR_substrate",6234897,6235808,+,LysR family transcriptional regulator ArgP,Transcription,Op4124,LysR,N6,OG0001189,2GJEC,
WP_003947147.1,0.8682,XNR_RS25970,mmpLR,TetR_N,5947192,5947839,-,helix-turn-helix domain containing protein,Transcription,Op3920,TetR,N6,OG0005705,2I9KE,Lipid transport and lipid metabolism
WP_003946681.1,0.9805,XNR_RS28305,XNR_RS28305,MarR,6432283,6432738,+,MarR family transcriptional regulator,Transcription,Op4274,MarR,Sal,OG0000237,2HGXY,
WP_003947425.1,0.9993,XNR_RS24550,XNR_RS24550,"MarR,MarR_2",5637527,5638039,-,MarR family winged helix-turn-helix transcriptional regulator,Transcription,Op3706,MarR,Sal,OG0001982,2IIW6,
WP_010640768.1,0.9206,XNR_RS01730,XNR_RS01730,"MarR,MarR_2",427119,427667,+,MarR family transcriptional regulator,Transcription,Op278,MarR,N6,OG0001122,2IG38,
WP_015508338.1,0.9908,XNR_RS29245,XNR_RS29245,"AAA_16,GerE,TPR_19",6771797,6774718,+,AAA family ATPase,Transcription,Op4400,GerE,N6,OG0002880,2GJAR,
WP_003946768.1,,XNR_RS27870,XNR_RS27870,"CHASE3,HAMP,HATPase_c,HisKA",6342864,6344495,+,sensor histidine kinase,Signal transduction mechanisms,Op4207,HPK,N6,OG0005668,2GK25,Antismash regulatory
WP_015508342.1,,XNR_RS29280,XNR_RS29280,"AAA_16,DZR,Guanylate_cyc",6783488,6786634,+,adenylate/guanylate cyclase domain-containing protein,Signal transduction mechanisms,Op4405,DZR,N6,OG0000552,2GJRI,Antismash regulatory
WP_015508339.1,,XNR_RS29250,XNR_RS29250,"BTAD,NB-ARC,Trans_reg_C",6774873,6776675,+,BTAD domain-containing putative transcriptional regulator,Signal transduction mechanisms,Op4401,AfsR,Sal,OG0001370,2GNEV,Antismash regulatory
WP_003951364.1,0.9662,XNR_RS04855,XNR_RS04855,"GerE,Response_reg",1152610,1153281,+,response regulator transcription factor,Signal transduction mechanisms,Op717,GerE,N6,OG0001128,2ICZU,
WP_015506672.1,0.5396,XNR_RS30570,XNR_RS30570,"AAA_22,TIR_2,TniB",536,1609,-,hypothetical protein,-,Op0,TIR-NBS-LRR,unknown,,,
WP_008415787.1,0.9988,XNR_RS17685,XNR_RS17685,"AsnC_trans_reg,HTH_AsnC-type",4087697,4088152,+,Lrp/AsnC family transcriptional regulator,Transcription,Op2687,AsnC,N6,OG0000022,2HA3J,
WP_003949568.1,0.9996,XNR_RS13900,XNR_RS13900,MarR_2,3186224,3186769,-,MarR family transcriptional regulator,Transcription,Op2084,MarR,N0,OG0000047,2GKVU,
WP_015507939.1,0.9971,XNR_RS22300,XNR_RS22300,"MarR,MarR_2",5118918,5119340,-,MarR family transcriptional regulator,Transcription,Op3364,MarR,N6,OG0002770,2IHYF,
WP_003949158.1,0.9993,XNR_RS15960,XNR_RS15960,HTH_5,3666533,3666928,-,metalloregulator ArsR/SmtB family transcription factor,Transcription,Op2407,ArsR,N4,OG0000063,2IQDH,
WP_003946847.1,0.9927,XNR_RS27475,XNR_RS27475,"AsnC_trans_reg,HTH_24,HTH_AsnC-type",6258421,6258912,-,Lrp/AsnC family transcriptional regulator,Transcription,Op4145,AsnC,N2,OG0000022,2GMSR,
WP_008406473.1,0.9981,XNR_RS26475,XNR_RS26475,"MarR,MarR_2",6042936,6043436,-,MarR family transcriptional regulator,Transcription,Op3993,MarR,N6,OG0000237,2IG84,
WP_003951675.1,0.9362,XNR_RS03305,XNR_RS03305,TrmB,786115,787098,+,hypothetical protein,Transcription,Op501,TrmB,N6,OG0001368,2I334,
WP_086014547.1,0.9827,XNR_RS13290,XNR_RS13290,"rve,rve_2,rve_3",3047475,3048125,-,IS3 family transposase,"Replication, recombination and repair",Op1992,IS3,N6,OG0000279,2GKW1,
WP_003950353.1,0.6396,XNR_RS09925,XNR_RS09925,ParE_toxin,2359278,2359529,+,hypothetical protein,"Cell cycle control, cell division, chromosome partitioning",Op1472,None,unknown,,2IRES,
WP_003951696.1,0.7554,XNR_RS03200,XNR_RS03200,-,761324,761560,+,hypothetical protein,-,Op485,None,N6,OG0002093,,
WP_003950280.1,0.9974,XNR_RS10290,pecS,"MarR,MarR_2",2440016,2440513,+,MarR family transcriptional regulator,Transcription,Op1528,MarR,N6,OG0001122,2GJ6W,pecM regulator in coelicolor (pecM may have a role in regulating the balance between different secondary metabolites in streptomyces). Possibly involved in reactive oxygen species resistance).
WP_049978838.1,0.999,XNR_RS23575,XNR_RS23575,"GerE,Response_reg",5411928,5412599,+,response regulator transcription factor,Signal transduction mechanisms,Op3574,GerE,N6,OG0006638,2GIVA,
WP_003949167.1,0.9975,XNR_RS15910,XNR_RS15910,"GerE,Response_reg",3657629,3658315,+,response regulator transcription factor,Signal transduction mechanisms,Op2399,GerE,N6,OG0000003,2GJ46,
WP_003947212.1,0.9966,XNR_RS25645,XNR_RS25645,"GerE,Response_reg",5876176,5876853,-,response regulator transcription factor,Signal transduction mechanisms,Op3873,GerE,N6,OG0000003,2GJ46,
WP_003947117.1,0.995,XNR_RS26125,XNR_RS26125,"GerE,Response_reg",5978149,5978817,+,response regulator transcription factor,Signal transduction mechanisms,Op3945,GerE,N6,OG0000003,2GJ46,
WP_010641484.1,0.9903,XNR_RS04460,XNR_RS04460,"HTH_IclR,MarR_2,ROK",1066366,1067562,+,ROK family transcriptional regulator,Carbohydrate transport and metabolism,Op669,ROK,Sal,OG0000597,2GJ2S,
WP_003947662.1,0.984,XNR_RS23350,XNR_RS23350,"GerE,Response_reg",5360600,5361283,+,response regulator transcription factor,Signal transduction mechanisms,Op3539,GerE,N6,OG0000003,2GJ46,
WP_008405479.1,0.9833,XNR_RS22405,XNR_RS22405,"GerE,Response_reg",5139844,5140527,-,response regulator transcription factor,Signal transduction mechanisms,Op3382,GerE,N6,OG0000003,2GJ46,
WP_003947926.1,0.8757,XNR_RS22025,XNR_RS22025,"HTH_24,ROK",5061433,5062650,+,ROK family protein,Carbohydrate transport and metabolism,Op3323,ROK,Sal,OG0000597,2GJ2S,
WP_015507016.1,0.6555,XNR_RS05795,XNR_RS05795,"HTH_30,PucR",1405486,1407180,-,PucR family transcriptional regulator,"Secondary metabolites biosynthesis, transport and catabolism",Op854,PucR,N6,OG0002879,2GNDH,
WP_008407389.1,0.9991,XNR_RS26865,lrp_3,"AsnC_trans_reg,HTH_24,HTH_AsnC-type",6127185,6127625,+,Lrp/AsnC family transcriptional regulator,Transcription,Op4046,AsnC,N6,OG0000022,2GK3G,
WP_003950460.1,0.9987,XNR_RS09365,XNR_RS09365,"GerE,Response_reg",2229553,2230356,-,response regulator transcription factor,Signal transduction mechanisms,Op1388,GerE,N6,OG0000003,2GKBX,
WP_003947443.1,0.9971,XNR_RS24450,sufR,"HTH_11,HTH_20,HTH_24,HTH_5,MarR_2",5615997,5616740,+,transcriptional regulator,Transcription,Op3694,MarR,N4,OG0003582,2GN8W,
WP_003947602.1,0.9512,XNR_RS23640,XNR_RS23640,-,5426952,5427317,+,Rv2175c family DNA-binding protein,Function unknown,Op3584,None,N4,OG0003650,2IHPW,
WP_015507267.1,0.9757,XNR_RS10295,XNR_RS10295,"GerE,Response_reg",2441751,2442524,-,response regulator transcription factor,Signal transduction mechanisms,Op1529,GerE,N6,OG0006439,2GJ5I,
WP_003951686.1,0.5461,XNR_RS03250,XNR_RS03250,"HTH_30,PucR",772872,774545,+,PucR family transcriptional regulator ligand-binding domain-containing protein,"Secondary metabolites biosynthesis, transport and catabolism",Op490,PucR,N6,OG0006162,2GKTX,
WP_003949358.1,0.9843,XNR_RS14975,XNR_RS14975,-,3436827,3437375,-,DNA-binding protein,Transcription,Op2250,None,N6,OG0005923,2GNCD,
WP_003949623.1,0.9974,XNR_RS13595,XNR_RS13595,"HTH_11,WYL",3121188,3122231,-,transcriptional regulator,Transcription,Op2040,WYL,N6,OG0000230,2GIZC,
WP_003947319.1,0.9943,XNR_RS25115,XNR_RS25115,"HTH_11,WYL",5757143,5758153,+,YafY family protein,Transcription,Op3787,YafY,N6,OG0000230,2GIZC,
WP_003946948.1,0.991,XNR_RS26980,XNR_RS26980,DUF742,6154179,6154574,+,DUF742 domain-containing protein,Transcription,Op4062,None,N6,OG0002080,2GQV6,
WP_044474569.1,0.9975,XNR_RS22385,XNR_RS22385,MerR_1,5135467,5135964,+,MerR family transcriptional regulator,Transcription,Op3379,MerR,N6,OG0000031,2IFX0,
WP_015508228.1,0.8028,XNR_RS27510,XNR_RS27510,"HTH_IclR,MarR_2,ROK",6266211,6267368,-,ROK family protein,Carbohydrate transport and metabolism,Op4152,ROK,N6,OG0004157,2GNFJ,
WP_003950242.1,0.9868,XNR_RS10480,XNR_RS10480,MerR_1,2487847,2488524,+,MerR family transcriptional regulator,Transcription,Op1558,MerR,N2,OG0003885,2GKSZ,
WP_030765822.1,0.9953,XNR_RS15785,XNR_RS15785,"HTH_11,WYL",3631380,3632357,-,WYL domain-containing protein,Transcription,Op2379,WYL,Sal,OG0000230,2GKFU,
WP_003947680.1,0.9755,XNR_RS23260,XNR_RS23260,"HTH_11,WYL",5339211,5340188,-,YafY family protein,Transcription,Op3526,YafY,Sal,OG0000230,2GKFU,
WP_235208979.1,0.9929,XNR_RS21230,XNR_RS21230,"HTH_24,MarR_2,ROK",4872335,4873591,-,ROK family transcriptional regulator,Carbohydrate transport and metabolism,Op3208,ROK,N6,OG0002112,2GJ3W,
WP_015508181.1,0.9907,XNR_RS26785,XNR_RS26785,"HTH_24,MarR_2,ROK",6110155,6111351,+,ROK family transcriptional regulator,Carbohydrate transport and metabolism,Op4037,ROK,N6,OG0002112,2GJ3W,
WP_003951821.1,0.9933,XNR_RS02620,XNR_RS02620,"AAA_16,GerE",626287,629178,-,LuxR family transcriptional regulator,Transcription,Op398,LuxR,Sal,OG0002076,2GJIA,
WP_003950839.1,0.5676,XNR_RS07450,XNR_RS07450,-,1785108,1786352,-,alanine-phosphoribitol ligase,Energy production and conversion,Op1094,None,N2,OG0003096,2I30P,
WP_003949312.1,0.998,XNR_RS15205,XNR_RS15205,"GerE,Response_reg",3483710,3484372,-,response regulator transcription factor,Signal transduction mechanisms,Op2283,GerE,N6,OG0000003,2GK4B,
WP_003952056.1,0.9933,XNR_RS01460,XNR_RS01460,MerR_1,355263,356000,+,MerR family transcriptional regulator,Transcription,Op232,MerR,N6,OG0006190,2GKAU,
WP_008405319.1,0.9921,XNR_RS20620,XNR_RS20620,"Response_reg,Trans_reg_C",4723173,4723862,+,response regulator transcription factor,Signal transduction mechanisms,Op3120,OmpR,N6,OG0000177,2GMVN,
WP_003949596.1,0.9715,XNR_RS13755,XNR_RS13755,HxlR,3153737,3154117,-,helix-turn-helix domain-containing protein,Transcription,Op2067,HxlR,N2,OG0000076,2IQNN,
WP_015507284.1,0.9977,XNR_RS10515,XNR_RS10515,"GerE,Response_reg",2494398,2495087,+,response regulator transcription factor,Signal transduction mechanisms,Op1562,GerE,N6,OG0000003,2GN80,
WP_003949355.1,0.7998,XNR_RS14990,XNR_RS14990,"MerR,MerR_1",3438980,3439312,+,MerR family transcriptional regulator,Transcription,Op2252,MerR,N6,OG0002837,2IKRM,
WP_003951492.1,0.9116,XNR_RS04220,XNR_RS04220,HxlR,1002328,1002756,+,helix-turn-helix domain-containing protein,Transcription,Op631,HxlR,N6,OG0000076,2IQ8N,
WP_003950911.1,0.9987,XNR_RS07110,XNR_RS07110,"Response_reg,Trans_reg_C",1709778,1710443,-,response regulator transcription factor,Signal transduction mechanisms,Op1045,OmpR,N6,OG0000006,2GMG9,
WP_003947639.1,0.9609,XNR_RS23460,XNR_RS23460,"Response_reg,Trans_reg_C",5388749,5389414,-,response regulator transcription factor,Signal transduction mechanisms,Op3557,OmpR,N6,OG0000006,2GMG9,
WP_003949716.1,0.8875,XNR_RS13140,XNR_RS13140,MerR_1,3012920,3013879,+,MerR family transcriptional regulator,Transcription,Op1965,MerR,N6,OG0002846,2GPCQ,
WP_015508244.1,0.9543,XNR_RS27800,XNR_RS27800,ROK,6327531,6328799,-,ROK family transcriptional regulator,Carbohydrate transport and metabolism,Op4195,ROK,N6,OG0002893,2GKMZ,
WP_003949942.1,0.793,XNR_RS11955,XNR_RS11955,"MerR,MerR_1",2800245,2801150,+,MerR family transcriptional regulator,Transcription,Op1794,MerR,N6,OG0005982,2GNID,
WP_015506931.1,0.5977,XNR_RS04340,XNR_RS04340,"MerR,MerR_1",1032827,1033567,+,TioE family transcriptional regulator,Transcription,Op650,MerR,N6,OG0006388,2HDU8,
WP_003949709.1,0.5357,XNR_RS13175,XNR_RS13175,"MerR,MerR_1",3018698,3019075,+,MerR family transcriptional regulator,Transcription,Op1971,MerR,Sal,OG0000031,2IKYH,
WP_003949975.1,0.9935,XNR_RS11785,XNR_RS11785,"GerE,Response_reg",2768702,2769373,-,response regulator transcription factor,Signal transduction mechanisms,Op1765,GerE,Sal,OG0000003,2GMUG,
WP_003952272.1,0.9023,XNR_RS00365,XNR_RS00365,"GerE,Response_reg",94729,95406,+,response regulator transcription factor,Signal transduction mechanisms,Op63,GerE,Sal,OG0000003,2GMUG,
WP_003947783.1,0.9877,XNR_RS22750,XNR_RS22750,HxlR,5217504,5217845,+,helix-turn-helix domain-containing protein,Transcription,Op3439,HxlR,N1,OG0000076,2IQWP,
WP_015507550.1,0.6461,XNR_RS15100,XNR_RS15100,HxlR,3460498,3460959,+,helix-turn-helix domain-containing protein,Transcription,Op2269,HxlR,N1,OG0000076,2IQWP,
WP_015507991.1,0.9155,XNR_RS23040,XNR_RS23040,TetR_N,5284504,5285259,-,TetR/AcrR family transcriptional regulator,Transcription,Op3490,TetR,N6,OG0004148,2GK1H,
WP_015506878.1,0.9357,XNR_RS03375,litR,"B12-binding,B12-binding_2,MerR_1",799348,800352,+,MerR family transcriptional regulator,Transcription,Op514,MerR,N6,OG0006382,2I8T8,Controls light-induced carotenogenesis in coelicolor.
WP_003951400.1,0.996,XNR_RS04665,XNR_RS04665,"HTH_1,LysR_substrate",1107365,1108333,-,LysR substrate-binding domain-containing protein,Transcription,Op693,LysR,N2,OG0000011,2I93E,
WP_015506795.1,0.8101,XNR_RS02120,XNR_RS02120,"TetR_C_6,TetR_N",513783,514382,+,TetR family transcriptional regulator C-terminal domain-containing protein,Transcription,Op325,TetR,Sal,OG0001155,2GKHT,
WP_015507419.1,0.9719,XNR_RS12815,XNR_RS12815,HTH_31,2954665,2955495,-,helix-turn-helix transcriptional regulator,Transcription,Op1914,HTH,Sal,OG0000210,2GNSP,
WP_003949025.1,0.6603,XNR_RS16600,XNR_RS16600,-,3787541,3788380,+,helix-turn-helix transcriptional regulator,Transcription,Op2512,HTH,Sal,OG0000210,2GNSP,
WP_003952203.1,0.9455,XNR_RS00705,XNR_RS00705,"DUF2083,HTH_3,HTH_31,Peptidase_M78",174375,175814,-,short-chain fatty acyl-CoA regulator family protein,Transcription,Op120,HTH,N4,OG0001972,2GMWU,
WP_008408721.1,0.9076,XNR_RS04685,XNR_RS04685,"TetR_N,WHG",1111311,1111928,-,TetR/AcrR family transcriptional regulator,Transcription,Op697,TetR,Sal,OG0001667,2ICTB,
WP_003952223.1,0.9946,XNR_RS00615,XNR_RS00615,"HTH_1,LysR_substrate",152893,153822,+,LysR family transcriptional regulator,Transcription,Op106,LysR,N0,OG0000011,2H0AE,
WP_003948576.1,0.9788,XNR_RS18810,XNR_RS18810,HTH_20,4313647,4314294,-,helix-turn-helix domain-containing protein,Transcription,Op2827,HTH,Sal,OG0002077,2IA2N,
WP_003946807.1,0.9449,XNR_RS27675,XNR_RS27675,"DJ-1_PfpI,HTH_18",6296996,6297916,+,AraC family transcriptional regulator,Transcription,Op4173,AraC,N2,OG0000074,2GNHD,
WP_008413185.1,0.7064,XNR_RS10390,XNR_RS10390,-,2464919,2466133,+,helix-turn-helix transcriptional regulator,Transcription,Op1544,HTH,N6,OG0004036,2HZUY,
WP_003949870.1,0.898,XNR_RS12310,XNR_RS12310,"Cupin_6,HTH_18",2860958,2861905,-,AraC family transcriptional regulator,Transcription,Op1848,AraC,N6,OG0000518,2I2TT,
WP_003949352.1,0.768,XNR_RS15005,XNR_RS15005,TetR_N,3440957,3441619,-,TetR family transcriptional regulator,Transcription,Op2255,TetR,N6,OG0002003,2IGZF,
WP_008412823.1,0.7244,XNR_RS27395,XNR_RS27395,"Cupin_2,HTH_3,HTH_31",6243427,6243999,+,XRE family transcriptional regulator,Transcription,Op4133,Xre,N2,OG0000581,2I3S1,
WP_015507622.1,0.5063,XNR_RS16410,XNR_RS16410,TetR_N,3748682,3749278,+,TetR/AcrR family transcriptional regulator,Transcription,Op2483,TetR,unknown,,2IAJN,
WP_003950588.1,0.6615,XNR_RS08730,XNR_RS08730,-,2081361,2082122,+,helix-turn-helix transcriptional regulator,-,Op1290,HTH,unknown,,2HBUC,
WP_008413403.1,0.9886,XNR_RS04230,XNR_RS04230,"Cupin_2,HTH_3",1003488,1004087,-,helix-turn-helix transcriptional regulator,Transcription,Op633,HTH,N2,OG0000581,2IS8W,
WP_003951593.1,0.7682,XNR_RS03710,XNR_RS03710,TetR_N,882503,883108,+,TetR family transcriptional regulator,Transcription,Op560,TetR,Sal,OG0001339,2IFQ6,
WP_015507723.1,0.9934,XNR_RS18450,XNR_RS18450,"FCD,GntR",4260510,4261142,-,GntR family transcriptional regulator,Transcription,Op2783,GntR,N2,OG0000024,2IDFE,
WP_003949353.1,0.5708,XNR_RS15000,cspA,CSD,3440450,3440653,+,cold-shock protein,Transcription,Op2254,CSD,N6,OG0000038,,
WP_003951733.1,0.954,XNR_RS03030,sigI,"Sigma70_r2,Sigma70_r4_2",724296,725444,-,sigma factor-like helix-turn-helix DNA-binding protein,Transcription,Op455,Sigma,N6,OG0002047,2GJ36,
WP_003951662.1,0.9736,XNR_RS03370,XNR_RS03370,"Sigma70_r2,Sigma70_r4,Sigma70_r4_2",798623,799207,-,sigma-70 family RNA polymerase sigma factor,Transcription,Op513,Sigma,N6,OG0006161,2IKQ7,
WP_255219935.1,0.9938,XNR_RS05170,sigA,"Sigma70_r1_2,Sigma70_r2,Sigma70_r3,Sigma70_r4",1247138,1248676,-,RNA polymerase sigma factor,Transcription,Op759,Sigma,N4,OG0000176,2GK3Z,
WP_003951133.1,0.9985,XNR_RS05970,whiG,"Sigma70_r2,Sigma70_r3,Sigma70_r4",1450085,1450924,-,RNA polymerase sigma factor WhiG,Transcription,Op884,Sigma,N4,OG0000114,2GKBK,
WP_003950893.1,,XNR_RS07195,XNR_RS07195,STAS_2,1730635,1730958,-,Belongs to the anti-sigma-factor antagonist family,Signal transduction mechanisms,Op1060,Sigma,,,,
WP_015508257.1,0.9881,XNR_RS27995,XNR_RS27995,"LytTR,Response_reg",6373645,6374409,+,LytTR family DNA-binding domain-containing protein,Signal transduction mechanisms,Op4228,LytTR,N6,OG0001743,2GKK5,
WP_003946626.1,0.9995,XNR_RS28590,XNR_RS28590,"HTH_27,MarR_2",6498158,6498598,+,MarR family winged helix-turn-helix transcriptional regulator,Transcription,Op4311,MarR,unknown,,,
WP_003950854.1,0.9988,XNR_RS07380,XNR_RS07380,"Sigma70_r2,Sigma70_r3,Sigma70_r4",1770516,1771412,-,RNA polymerase sigma factor SigF,Transcription,Op1083,Sigma,N6,OG0000114,2GKBB,
WP_003950826.1,0.9834,XNR_RS07515,XNR_RS07515,"Sigma70_r2,Sigma70_r4_2",1801431,1802078,+,RNA polymerase sigma factor,Transcription,Op1103,Sigma,N6,OG0000160,2GM5V,
WP_015507109.1,,XNR_RS07520,XNR_RS07520,zf-HC2,1802075,1802965,+,Anti-sigma factor,Signal transduction mechanisms,Op1103,Sigma,,,,
WP_003950797.1,0.994,XNR_RS07675,XNR_RS07675,,1839614,1840225,+,RNA polymerase sigma factor,X,Op1125,Sigma,unknown,,,
WP_003950781.1,,XNR_RS07755,rsbW,HATPase_c_2,1853525,1853938,+,anti-sigma regulatory factor,Signal transduction mechanisms,Op1138,Sigma,,,,
WP_008410987.1,0.998,XNR_RS03580,XNR_RS03580,"MarR,MarR_2",849002,849430,-,MarR family transcriptional regulator,Transcription,Op541,MarR,N6,OG0000237,2IG43,
WP_226660343.1,0.9984,XNR_RS07760,sigF,"Sigma70_r2,Sigma70_r3,Sigma70_r4",1853827,1855032,+,RNA polymerase sigma factor SigF,Transcription,Op1139,Sigma,N4,OG0000114,2GKSY,
WP_026048295.1,0.9897,XNR_RS07865,sigH,"Sigma70_r2,Sigma70_r4_2",1878885,1879559,-,sigma-70 family RNA polymerase sigma factor,Transcription,Op1154,Sigma,N4,OG0000160,2GJ02,
WP_015507139.1,0.9812,XNR_RS08220,sigE,"Sigma70_r2,Sigma70_r4_2",1965927,1966736,-,RNA polymerase sigma factor SigE,Transcription,Op1212,Sigma,N4,OG0000160,2GK4C,
WP_003950387.1,,XNR_RS09750,XNR_RS09750,"STAS,STAS_2",2320366,2320734,-,Belongs to the anti-sigma-factor antagonist family,Signal transduction mechanisms,Op1445,Sigma,,,,
WP_030769855.1,0.9981,XNR_RS09755,XNR_RS09755,"Sigma70_r2,Sigma70_r3,Sigma70_r4",2320976,2321962,+,RNA polymerase sigma factor SigF,Transcription,Op1446,Sigma,N6,OG0000114,2GJ28,
WP_003950213.1,0.9906,XNR_RS10635,hrdD,"Sigma70_r1_2,Sigma70_r2,Sigma70_r3,Sigma70_r4",2518287,2519285,-,sigma-70 family RNA polymerase sigma factor,Transcription,Op1581,Sigma,N4,OG0000176,2GK3Z,
WP_003950100.1,,XNR_RS11170,XNR_RS11170,"STAS,STAS_2",2629934,2630308,-,Belongs to the anti-sigma-factor antagonist family,Signal transduction mechanisms,Op1672,Sigma,,,,
WP_003950926.1,0.993,XNR_RS07035,XNR_RS07035,"MarR,MarR_2",1696475,1696987,-,MarR family transcriptional regulator,Transcription,Op1037,MarR,Sal,OG0001982,2GKZA,
WP_008411083.1,0.9901,XNR_RS20000,XNR_RS20000,MarR,4583854,4584408,-,MarR family transcriptional regulator,Transcription,Op3024,MarR,Sal,OG0000237,2HGXY,
WP_015507389.1,,XNR_RS12225,rsbR,"RsbRD_N,STAS",2844810,2845664,+,Anti-anti-sigma regulatory factor (Antagonist of anti-sigma factor),Signal transduction mechanisms,Op1837,Sigma,,,,
WP_003949885.1,,XNR_RS12230,rsbS,STAS,2845661,2846041,+,Anti-anti-sigma regulatory factor (Antagonist of anti-sigma factor),Signal transduction mechanisms,Op1837,Sigma,,,,
WP_003949164.1,0.991,XNR_RS15925,XNR_RS15925,MarR_2,3660781,3661245,+,MarR family transcriptional regulator,Transcription,Op2402,MarR,N6,OG0001130,2GP6A,
WP_003950915.1,0.9862,XNR_RS07090,XNR_RS07090,MarR_2,1706635,1707111,+,MarR family transcriptional regulator,Transcription,Op1043,MarR,N6,OG0001130,2GP6A,
WP_018567872.1,,XNR_RS12235,rsbT,"HATPase_c,HATPase_c_2,Sigma70_r2",2846041,2846457,+,anti-sigma regulatory factor,Signal transduction mechanisms,Op1837,Sigma,,,,
WP_003951507.1,0.9997,XNR_RS04140,XNR_RS04140,"AsnC_trans_reg,HTH_24,HTH_AsnC-type",985722,986219,+,Lrp/AsnC family transcriptional regulator,Transcription,Op621,AsnC,N6,OG0001671,2H7NM,
WP_003950034.1,0.9994,XNR_RS11485,XNR_RS11485,"MarR,MarR_2",2697983,2698420,-,MarR family transcriptional regulator,Transcription,Op1718,MarR,N6,OG0001987,2IFQ9,
WP_003950546.1,0.8648,XNR_RS08940,XNR_RS08940,"AsnC_trans_reg,HTH_24,HTH_AsnC-type",2124267,2124737,+,Lrp/AsnC family transcriptional regulator,Transcription,Op1328,AsnC,N6,OG0001671,2H7NM,
WP_015507554.1,0.9993,XNR_RS15140,XNR_RS15140,"AsnC_trans_reg,HTH_24,HTH_AsnC-type",3468426,3468890,-,Lrp/AsnC family transcriptional regulator,Transcription,Op2275,AsnC,N6,OG0006482,2HVG9,
WP_008406376.1,0.5804,XNR_RS26740,XNR_RS26740,"AsnC_trans_reg,HTH_AsnC-type",6100535,6100993,+,Lrp/AsnC family transcriptional regulator,Transcription,Op4028,AsnC,N4,OG0000022,2GN6I,
WP_010643524.1,,XNR_RS12240,XNR_RS12240,"HATPase_c_2,SpoIIE",2846454,2847524,+,Anti-sigma regulatory factor Ser Thr protein kinase,Signal transduction mechanisms,Op1837,Sigma,,,,
WP_003950210.1,0.9988,XNR_RS10650,XNR_RS10650,"MarR,MarR_2",2520942,2521460,+,MarR family transcriptional regulator,Transcription,Op1584,MarR,N6,OG0001130,2GMV1,
WP_003950833.1,0.9995,XNR_RS07480,XNR_RS07480,"MarR,MarR_2",1792468,1792923,-,MarR family transcriptional regulator,Transcription,Op1097,MarR,N6,OG0000237,2IQNM,
WP_003949661.1,,XNR_RS13405,XNR_RS13405,HATPase_c_2,3077904,3078332,-,anti-sigma regulatory factor,Signal transduction mechanisms,Op2011,Sigma,,,,
WP_003975386.1,,XNR_RS13410,rsbV,STAS,3078620,3078961,-,Belongs to the anti-sigma-factor antagonist family,Signal transduction mechanisms,Op2012,Sigma,,,,
WP_003951151.1,0.997,XNR_RS05890,XNR_RS05890,"AsnC_trans_reg,HTH_AsnC-type",1431258,1431746,+,Lrp/AsnC family transcriptional regulator,Transcription,Op871,AsnC,N6,OG0000022,2GP1P,
WP_003952176.1,0.9243,XNR_RS00835,XNR_RS00835,"MarR,MarR_2",205701,206171,+,MarR family transcriptional regulator,Transcription,Op134,MarR,N6,OG0006202,2IHP0,
WP_008413891.1,0.9917,XNR_RS13665,XNR_RS13665,"Sigma70_r2,Sigma70_r4_2",3136493,3137086,-,SigE family RNA polymerase sigma factor,Transcription,Op2052,Sigma,N6,OG0006298,2GKFQ,
WP_003949427.1,0.9997,XNR_RS14645,XNR_RS14645,"MarR,MarR_2",3358190,3358648,+,MarR family transcriptional regulator,Transcription,Op2202,MarR,N6,OG0002841,2IHUP,
WP_003949495.1,0.9967,XNR_RS14315,sigF,"Sigma70_r2,Sigma70_r3,Sigma70_r4",3279800,3280684,+,RNA polymerase sigma factor SigF,Transcription,Op2149,Sigma,N6,OG0000114,2GJ0P,
WP_003949494.1,0.9969,XNR_RS14320,sigF,"Sigma70_r2,Sigma70_r3,Sigma70_r4",3280916,3281938,+,RNA polymerase sigma factor SigF,Transcription,Op2150,Sigma,N6,OG0000114,2GKSY,
WP_030773551.1,0.9932,XNR_RS14400,sigE,"Sigma70_r2,Sigma70_r4_2",3301733,3302290,-,SigE family RNA polymerase sigma factor,Transcription,Op2163,Sigma,N6,OG0000516,2GP81,
WP_008414415.1,,XNR_RS14455,XNR_RS14455,HATPase_c_2,3314016,3314465,-,Anti-sigma regulatory factor (Ser Thr protein kinase),Signal transduction mechanisms,Op2173,Sigma,,,,
WP_003949386.1,0.5089,XNR_RS14850,sigM,"Sigma70_r2,Sigma70_r4_2",3406217,3406933,+,RNA polymerase sigma factor SigM,Transcription,Op2233,Sigma,N6,OG0000160,2GJMX,
WP_008415796.1,0.9913,XNR_RS17715,XNR_RS17715,MarR_2,4094297,4094851,-,MarR family transcriptional regulator,Transcription,Op2694,MarR,N6,OG0004113,2GNYV,
WP_015507618.1,0.6952,XNR_RS16300,XNR_RS16300,MarR,3730699,3731247,+,MarR family winged helix-turn-helix transcriptional regulator,Transcription,Op2467,MarR,N6,OG0001297,2IKZU,
WP_003949740.1,0.9824,XNR_RS13020,XNR_RS13020,"HTH_20,HTH_5",2993734,2994093,-,metalloregulator ArsR/SmtB family transcription factor,Transcription,Op1944,ArsR,N1,OG0000063,2IM0G,
WP_003948528.1,0.9217,XNR_RS19030,XNR_RS19030,"Acetyltransf_1,MarR_2",4367468,4368367,-,helix-turn-helix domain-containing GNAT family N-acetyltransferase,Transcription,Op2869,MarR,unknown,OG0004011,2GNNG,
WP_003949263.1,0.9909,XNR_RS15440,XNR_RS15440,"MarR,MarR_2",3537970,3538452,+,MarR family transcriptional regulator,Transcription,Op2326,MarR,N6,OG0002063,2IJPR,
WP_015508079.1,0.9802,XNR_RS24780,XNR_RS24780,"AsnC_trans_reg,HTH_AsnC-type",5685605,5686729,+,AsnC family transcriptional regulator,Transcription,Op3736,AsnC,N6,OG0003986,2GVHQ,
WP_010638286.1,0.9812,XNR_RS20305,XNR_RS20305,"GerE,Response_reg",4653671,4654516,+,response regulator transcription factor,Signal transduction mechanisms,Op3068,GerE,N6,OG0000003,2GNMH,
WP_003949097.1,0.9551,XNR_RS16255,XNR_RS16255,"Sigma70_r2,Sigma70_r4_2",3724383,3724892,+,SigE family RNA polymerase sigma factor,Transcription,Op2460,Sigma,N6,OG0000516,2IM6Y,
WP_015507533.1,0.9968,XNR_RS14700,XNR_RS14700,"HTH_1,TniQ",3366104,3368848,-,TniQ family protein,Transcription,Op2211,TniQ,unknown,OG0006477,2GNFI,
WP_015507633.1,0.9918,XNR_RS16640,XNR_RS16640,"HTH_11,WYL",3795919,3796947,-,WYL domain-containing protein,Transcription,Op2517,WYL,Sal,OG0000230,2GJM1,
WP_003949990.1,0.9934,XNR_RS11710,XNR_RS11710,MerR_1,2751202,2751552,+,MerR family transcriptional regulator,Transcription,Op1751,MerR,N6,OG0000031,2IPVB,
WP_003949701.1,0.9901,XNR_RS13210,XNR_RS13210,"GerE,Response_reg",3024864,3025538,-,response regulator transcription factor,Transcription,Op1977,GerE,N6,OG0000003,2IA77,
WP_003949075.1,0.9728,XNR_RS16370,XNR_RS16370,"Sigma70_r2,Sigma70_r4_2",3742899,3744173,-,sigma-70 family RNA polymerase sigma factor,Transcription,Op2476,Sigma,N6,OG0002047,2GJ36,
WP_003952218.1,0.9936,XNR_RS00635,XNR_RS00635,"AsnC_trans_reg,HTH_24",156874,157344,+,Lrp/AsnC family transcriptional regulator,Transcription,Op110,AsnC,N6,OG0001671,2GKYC,
WP_003946851.1,0.9736,XNR_RS27455,XNR_RS27455,"AsnC_trans_reg,HTH_24,HTH_AsnC-type",6254651,6255097,-,Lrp/AsnC family transcriptional regulator,Transcription,Op4142,AsnC,N2,OG0000022,2IFSQ,
WP_003949705.1,0.9982,XNR_RS13190,XNR_RS13190,MarR_2,3021875,3022348,-,MarR family transcriptional regulator,Transcription,Op1974,MarR,Sal,OG0002345,2IHTR,
WP_008404950.1,0.9839,XNR_RS17385,XNR_RS17385,MarR_2,4021837,4022319,+,MarR family transcriptional regulator,Transcription,Op2642,MarR,Sal,OG0002345,2IHTR,
WP_003949519.1,0.9132,XNR_RS14185,XNR_RS14185,"HTH_20,HTH_5",3255721,3256053,-,metalloregulator ArsR/SmtB family transcription factor,Transcription,Op2126,ArsR,N4,OG0003479,2IKK2,
WP_003949265.1,0.8576,XNR_RS15430,XNR_RS15430,MarR_2,3536836,3537357,-,MarR family winged helix-turn-helix transcriptional regulator,Transcription,Op2325,MarR,N2,OG0000237,2IQWY,
WP_003948881.1,0.9963,XNR_RS17300,sigE,"Sigma70_r2,Sigma70_r4_2",4004089,4004628,-,SigE family RNA polymerase sigma factor,Transcription,Op2626,Sigma,N6,OG0000516,2GNBE,
WP_008403603.1,,XNR_RS17485,adsA,"Sigma70_r2,Sigma70_r4_2",4043762,4044568,-,sigma-70 family RNA polymerase sigma factor,Transcription,Op2657,Sigma,,,,Ortholog to bldN in S. coelicolor
WP_165398313.1,0.9827,XNR_RS18855,sigD,"Sigma70_r2,Sigma70_r4,Sigma70_r4_2",4323105,4323770,+,sigma-70 family RNA polymerase sigma factor,Transcription,Op2835,Sigma,N4,OG0003762,2GM8T,
WP_015507781.1,,XNR_RS19540,XNR_RS19540,"Sigma70_r2,Sigma70_r4,Sigma70_r4_2",4483559,4484224,+,RNA polymerase sigma factor,Transcription,Op2951,Sigma,N6,OG0004143,2GN5Y,Antismash regulatory
WP_010638449.1,0.7477,XNR_RS19730,sigG,"NTF2,Sigma70_r2,Sigma70_r4_2,SnoaL_2",4529660,4530784,-,sigma-70 family RNA polymerase sigma factor,Transcription,Op2975,Sigma,N4,OG0003485,2GMRK,
WP_015507795.1,0.996,XNR_RS19800,XNR_RS19800,"Sigma70_r2,Sigma70_r4_2",4542513,4543301,+,SigE family RNA polymerase sigma factor,Transcription,Op2987,Sigma,N6,OG0006511,2GN65,
WP_015507930.1,0.9947,XNR_RS22170,hrdA,"Sigma70_r1_2,Sigma70_r2,Sigma70_r3,Sigma70_r4",5089808,5090881,-,RNA polymerase sigma factor,Transcription,Op3343,Sigma,N4,OG0000176,2GK3Z,
WP_018895464.1,,XNR_RS25810,XNR_RS25810,"RskA,zf-HC2",5911385,5912140,-,"An anti-sigma factor for extracytoplasmic function (ECF) sigma factor SigK. ECF sigma factors are held in an inactive form by an anti-sigma factor until released by regulated intramembrane proteolysis (RIP). RIP occurs when an extracytoplasmic signal triggers a concerted proteolytic cascade to transmit information and elicit cellular responses. The membrane-spanning regulatory substrate protein is first cut extracytoplasmically (site-1 protease, S1P), then within the membrane itself (site-2 protease, S2P, Rip1), while cytoplasmic proteases finish degrading the regulatory protein, liberating the sigma factor",Transcription,Op3895,Sigma,,,,
WP_010636651.1,0.9984,XNR_RS25815,sigK,"Sigma70_r2,Sigma70_r4,Sigma70_r4_2",5912137,5912721,-,sigma-70 family RNA polymerase sigma factor,Transcription,Op3895,Sigma,N6,OG0002612,2GP9D,
WP_015508150.1,0.8718,XNR_RS26190,XNR_RS26190,Sigma70_r2,5990962,5991513,+,sigma-70 family RNA polymerase sigma factor,Transcription,Op3956,Sigma,N6,OG0004154,2IG1U,
WP_003946857.1,0.9976,XNR_RS27425,XNR_RS27425,"Sigma70_r2,Sigma70_r4_2",6247476,6248003,-,SigE family RNA polymerase sigma factor,Transcription,Op4137,Sigma,N6,OG0000516,2GKDD,
WP_015508253.1,,XNR_RS27905,XNR_RS27905,"Sigma70_r2,Sigma70_r4_2",6348969,6349883,-,RNA polymerase sigma-70 factor,Transcription,Op4213,Sigma,N4,OG0000121,2GKBH,Antismash regulatory
WP_010639599.1,,XNR_RS28030,XNR_RS28030,"Sigma70_r2,Sigma70_r4,Sigma70_r4_2",6379780,6380334,-,sigma-70 family RNA polymerase sigma factor,Transcription,Op4233,Sigma,N6,OG0002623,2GIZT,Antismash regulatory
WP_003946493.1,0.9756,XNR_RS29215,Sigma,"Sigma70_r2,Sigma70_r4_2",6754676,6755197,+,RNA polymerase sigma factor,Transcription,Op4395,Sigma,N2,OG0000160,2IJEM,