Experiment,sample_id,strain,project,condition,accession,ReleaseDate,Type,LibraryLayout,Platform,R1,R2,skip,reference_condition
ERX3196625,delPse-2day_p,DEL_pseB4,PRJEB31345,delPse-2day_p,ERR3168677,02/05/2019,public,PAIRED,ILLUMINA,ERR3168677_1_trimmed.fastq.gz,ERR3168677_2_trimmed.fastq.gz,FALSE,delPse-2day_p
ERX3196626,delPse-3day_p,DEL_pseB4,PRJEB31345,delPse-3day_p,ERR3168678,02/05/2019,public,PAIRED,ILLUMINA,ERR3168678_1_trimmed.fastq.gz,ERR3168678_2_trimmed.fastq.gz,FALSE,delPse-2day_p
ERX3196627,delPse-delG-2day_p,DEL_pseB4,PRJEB31345,delPse-delG-2day_p,ERR3168679,02/05/2019,public,PAIRED,ILLUMINA,ERR3168679_1_trimmed.fastq.gz,ERR3168679_2_trimmed.fastq.gz,FALSE,delPse-2day_p
ERX3196628,delPse-delG-3day_p,DEL_pseB4,PRJEB31345,delPse-delG-3day_p,ERR3168680,02/05/2019,public,PAIRED,ILLUMINA,ERR3168680_1_trimmed.fastq.gz,ERR3168680_2_trimmed.fastq.gz,FALSE,delPse-2day_p
ERX3196629,GI-2day_p,DEL_pseB4,PRJEB31345,GI-2day_p,ERR3168681,02/05/2019,public,PAIRED,ILLUMINA,ERR3168681_1_trimmed.fastq.gz,ERR3168681_2_trimmed.fastq.gz,FALSE,delPse-2day_p
ERX3196630,GI-3day_p,DEL_pseB4,PRJEB31345,GI-3day_p,ERR3168682,02/05/2019,public,PAIRED,ILLUMINA,ERR3168682_1_trimmed.fastq.gz,ERR3168682_2_trimmed.fastq.gz,FALSE,delPse-2day_p
ERX3196631,KE-2day_p,DEL_pseB4,PRJEB31345,KE-2day_p,ERR3168683,02/05/2019,public,PAIRED,ILLUMINA,ERR3168683_1_trimmed.fastq.gz,ERR3168683_2_trimmed.fastq.gz,FALSE,delPse-2day_p
ERX3196632,KE-3day_p,DEL_pseB4,PRJEB31345,KE-3day_p,ERR3168684,02/05/2019,public,PAIRED,ILLUMINA,ERR3168684_1_trimmed.fastq.gz,ERR3168684_2_trimmed.fastq.gz,FALSE,delPse-2day_p
ERX3196633,KE-GI-2day_p,DEL_pseB4,PRJEB31345,KE-GI-2day_p,ERR3168685,02/05/2019,public,PAIRED,ILLUMINA,ERR3168685_1_trimmed.fastq.gz,ERR3168685_2_trimmed.fastq.gz,FALSE,delPse-2day_p
ERX3196634,KE-GI-3day_p,DEL_pseB4,PRJEB31345,KE-GI-3day_p,ERR3168686,02/05/2019,public,PAIRED,ILLUMINA,ERR3168686_1_trimmed.fastq.gz,ERR3168686_2_trimmed.fastq.gz,FALSE,delPse-2day_p
ERX3196635,KE-GI-delG-2day_p,DEL_pseB4,PRJEB31345,KE-GI-delG-2day_p,ERR3168687,02/05/2019,public,PAIRED,ILLUMINA,ERR3168687_1_trimmed.fastq.gz,ERR3168687_2_trimmed.fastq.gz,FALSE,delPse-2day_p
ERX3196636,KE-GI-delG-3day_p,DEL_pseB4,PRJEB31345,KE-GI-delG-3day_p,ERR3168688,02/05/2019,public,PAIRED,ILLUMINA,ERR3168688_1_trimmed.fastq.gz,ERR3168688_2_trimmed.fastq.gz,FALSE,delPse-2day_p
ERX3196637,KE-PS-2day_p,DEL_pseB4,PRJEB31345,KE-PS-2day_p,ERR3168689,02/05/2019,public,PAIRED,ILLUMINA,ERR3168689_1_trimmed.fastq.gz,ERR3168689_2_trimmed.fastq.gz,FALSE,delPse-2day_p
ERX3196638,KE-PS-3day_p,DEL_pseB4,PRJEB31345,KE-PS-3day_p,ERR3168690,02/05/2019,public,PAIRED,ILLUMINA,ERR3168690_1_trimmed.fastq.gz,ERR3168690_2_trimmed.fastq.gz,FALSE,delPse-2day_p
ERX3196639,KE-PS-delG-2day_p,DEL_pseB4,PRJEB31345,KE-PS-delG-2day_p,ERR3168691,02/05/2019,public,PAIRED,ILLUMINA,ERR3168691_1_trimmed.fastq.gz,ERR3168691_2_trimmed.fastq.gz,FALSE,delPse-2day_p
ERX3196640,KE-PS-delG-3day_p,DEL_pseB4,PRJEB31345,KE-PS-delG-3day_p,ERR3168692,02/05/2019,public,PAIRED,ILLUMINA,ERR3168692_1_trimmed.fastq.gz,ERR3168692_2_trimmed.fastq.gz,FALSE,delPse-2day_p
ERX3196641,PS-2day_p,DEL_pseB4,PRJEB31345,PS-2day_p,ERR3168693,02/05/2019,public,PAIRED,ILLUMINA,ERR3168693_1_trimmed.fastq.gz,ERR3168693_2_trimmed.fastq.gz,FALSE,delPse-2day_p
ERX3196642,PS-3day_p,DEL_pseB4,PRJEB31345,PS-3day_p,ERR3168694,02/05/2019,public,PAIRED,ILLUMINA,ERR3168694_1_trimmed.fastq.gz,ERR3168694_2_trimmed.fastq.gz,FALSE,delPse-2day_p
SRX7552680,A30_30h_1,A30,PRJNA601093,A30-RspA1/A2,SRR10883644,14/01/2020,public,PAIRED,ILLUMINA,SRR10883644_1.fastq.gz,SRR10883644_2.fastq.gz,FALSE,A30-RspA1/A2
SRX7552681,A30_30h_2,A30,PRJNA601093,A30-RspA1/A2,SRR10883645,14/01/2020,public,PAIRED,ILLUMINA,SRR10883645_1.fastq.gz,SRR10883645_2.fastq.gz,FALSE,A30-RspA1/A2
SRX7552682,deltarspA1_1,A30-deltarspA1,PRJNA601093,delta-rspA1-RspA1/A2,SRR10883646,14/01/2020,public,PAIRED,ILLUMINA,SRR10883646_1.fastq.gz,SRR10883646_2.fastq.gz,FALSE,A30-RspA1/A2
SRX7552683,deltarspA1_2,A30-deltarspA1,PRJNA601093,delta-rspA1-RspA1/A2,SRR10883647,14/01/2020,public,PAIRED,ILLUMINA,SRR10883647_1.fastq.gz,SRR10883647_2.fastq.gz,FALSE,A30-RspA1/A2
SRX10298353,gp_5h_control_1,J1074/R2,PRJNA708335,gp_5h_control,SRR13918880,14/01/2020,public,PAIRED,ILLUMINA,SRR13918880_1.fastq.gz,SRR13918880_2.fastq.gz,FALSE,gp_5h_control
SRX10298354,gp_5h_control_2,J1074/R2,PRJNA708335,gp_5h_control,SRR13918881,14/01/2020,public,PAIRED,ILLUMINA,SRR13918881_1.fastq.gz,SRR13918881_2.fastq.gz,FALSE,gp_5h_control
SRX10298355,gp_5h_control_3,J1074/R2,PRJNA708335,gp_5h_control,SRR13918882,14/01/2020,public,PAIRED,ILLUMINA,SRR13918882_1.fastq.gz,SRR13918882_2.fastq.gz,FALSE,gp_5h_control
SRX10298356,pp_20h_control_1,J1074/R2,PRJNA708335,pp_20h_control,SRR13918883,14/01/2020,public,PAIRED,ILLUMINA,SRR13918883_1.fastq.gz,SRR13918883_2.fastq.gz,FALSE,gp_5h_control
SRX10298357,pp_20h_control_2,J1074/R2,PRJNA708335,pp_20h_control,SRR13918884,14/01/2020,public,PAIRED,ILLUMINA,SRR13918884_1.fastq.gz,SRR13918884_2.fastq.gz,FALSE,gp_5h_control
SRX10298358,pp_20h_control_3,J1074/R2,PRJNA708335,pp_20h_control,SRR13918885,14/01/2020,public,PAIRED,ILLUMINA,SRR13918885_1.fastq.gz,SRR13918885_2.fastq.gz,FALSE,gp_5h_control
SRX10298359,gp_5h_1,J1074/R2,PRJNA708335,gp_5h_L_valanine,SRR13918886,14/01/2020,public,PAIRED,ILLUMINA,SRR13918886_1.fastq.gz,SRR13918886_2.fastq.gz,FALSE,gp_5h_control
SRX10298360,gp_5h_2,J1074/R2,PRJNA708335,gp_5h_L_valanine,SRR13918887,14/01/2020,public,PAIRED,ILLUMINA,SRR13918887_1.fastq.gz,SRR13918887_2.fastq.gz,FALSE,gp_5h_control
SRX10298361,gp_5h_3,J1074/R2,PRJNA708335,gp_5h_L_valanine,SRR13918888,14/01/2020,public,PAIRED,ILLUMINA,SRR13918888_1.fastq.gz,SRR13918888_2.fastq.gz,FALSE,gp_5h_control
SRX10298362,pp_30h_1,J1074/R2,PRJNA708335,pp_30h_L_valanine,SRR13918889,14/01/2020,public,PAIRED,ILLUMINA,SRR13918889_1.fastq.gz,SRR13918889_2.fastq.gz,FALSE,gp_5h_control
SRX10298363,pp_30h_2,J1074/R2,PRJNA708335,pp_30h_L_valanine,SRR13918890,14/01/2020,public,PAIRED,ILLUMINA,SRR13918890_1.fastq.gz,SRR13918890_2.fastq.gz,FALSE,gp_5h_control
SRX10298364,pp_30h_3,J1074/R2,PRJNA708335,pp_30h_L_valanine,SRR13918891,14/01/2020,public,PAIRED,ILLUMINA,SRR13918891_1.fastq.gz,SRR13918891_2.fastq.gz,FALSE,gp_5h_control
SRX10298365,gp_5h_bkdR_1,J1074/R2_Delta-bkdR,PRJNA708335,gp_5h_bkdR_L_valanine,SRR13918892,14/01/2020,public,PAIRED,ILLUMINA,SRR13918892_1.fastq.gz,SRR13918892_2.fastq.gz,FALSE,gp_5h_control
SRX10298366,gp_5h_bkdR_2,J1074/R2_Delta-bkdR,PRJNA708335,gp_5h_bkdR_L_valanine,SRR13918893,14/01/2020,public,PAIRED,ILLUMINA,SRR13918893_1.fastq.gz,SRR13918893_2.fastq.gz,FALSE,gp_5h_control
SRX10298367,gp_5h_bkdR_3,J1074/R2_Delta-bkdR,PRJNA708335,gp_5h_bkdR_L_valanine,SRR13918894,14/01/2020,public,PAIRED,ILLUMINA,SRR13918894_1.fastq.gz,SRR13918894_2.fastq.gz,FALSE,gp_5h_control
SRX10298368,pp_30h_bkdR_1,J1074/R2_Delta-bkdR,PRJNA708335,pp_30h_bkdR_L_valanine,SRR13918895,14/01/2020,public,PAIRED,ILLUMINA,SRR13918895_1.fastq.gz,SRR13918895_2.fastq.gz,FALSE,gp_5h_control
SRX10298369,pp_30h_bkdR_2,J1074/R2_Delta-bkdR,PRJNA708335,pp_30h_bkdR_L_valanine,SRR13918896,14/01/2020,public,PAIRED,ILLUMINA,SRR13918896_1.fastq.gz,SRR13918896_2.fastq.gz,FALSE,gp_5h_control
SRX10298370,pp_30h_bkdR_3,J1074/R2_Delta-bkdR,PRJNA708335,pp_30h_bkdR_L_valanine,SRR13918897,14/01/2020,public,PAIRED,ILLUMINA,SRR13918897_1.fastq.gz,SRR13918897_2.fastq.gz,FALSE,gp_5h_control
SRR25592590,SRR25592590,Del14-4N24 DnybW PkasOP::nybF::tkt,PRJNA1003853,DnybW PkasOP::nybF::tkt_70h,SRR25592590,09/08/2023,public,PAIRED,ILLUMINA,SRR25592590_R1.fastq.gz,SRR25592590_R2.fastq.gz,FALSE,Del14-4N24_12h
SRR25592591,SRR25592591,Del14-4N24 DnybW PkasOP::nybF::tkt,PRJNA1003853,DnybW PkasOP::nybF::tkt_70h,SRR25592591,09/08/2023,public,PAIRED,ILLUMINA,SRR25592591_R1.fastq.gz,SRR25592591_R2.fastq.gz,FALSE,Del14-4N24_12h
SRR25592592,SRR25592592,Del14-4N24 DnybW PkasOP::nybF::tkt,PRJNA1003853,DnybW PkasOP::nybF::tkt_70h,SRR25592592,09/08/2023,public,PAIRED,ILLUMINA,SRR25592592_R1.fastq.gz,SRR25592592_R2.fastq.gz,FALSE,Del14-4N24_12h
SRR25592593,SRR25592593,Del14-4N24 DnybW PkasOP::nybF::tkt,PRJNA1003853,DnybW PkasOP::nybF::tkt_46h,SRR25592593,09/08/2023,public,PAIRED,ILLUMINA,SRR25592593_R1.fastq.gz,SRR25592593_R2.fastq.gz,FALSE,Del14-4N24_12h
SRR25592594,SRR25592594,Del14-4N24 DnybW PkasOP::nybF::tkt,PRJNA1003853,DnybW PkasOP::nybF::tkt_46h,SRR25592594,09/08/2023,public,PAIRED,ILLUMINA,SRR25592594_R1.fastq.gz,SRR25592594_R2.fastq.gz,FALSE,Del14-4N24_12h
SRR25592595,SRR25592595,Del14-4N24 DnybW PkasOP::nybF::tkt,PRJNA1003853,DnybW PkasOP::nybF::tkt_46h,SRR25592595,09/08/2023,public,PAIRED,ILLUMINA,SRR25592595_R1.fastq.gz,SRR25592595_R2.fastq.gz,FALSE,Del14-4N24_12h
SRR25592596,SRR25592596,Del14-4N24 DnybW PkasOP::nybF::tkt,PRJNA1003853,DnybW PkasOP::nybF::tkt_12h,SRR25592596,09/08/2023,public,PAIRED,ILLUMINA,SRR25592596_R1.fastq.gz,SRR25592596_R2.fastq.gz,FALSE,Del14-4N24_12h
SRR25592597,SRR25592597,Del14-4N24 DnybW PkasOP::nybF::tkt,PRJNA1003853,DnybW PkasOP::nybF::tkt_12h,SRR25592597,09/08/2023,public,PAIRED,ILLUMINA,SRR25592597_R1.fastq.gz,SRR25592597_R2.fastq.gz,FALSE,Del14-4N24_12h
SRR25592598,SRR25592598,Del14-4N24 DnybW PkasOP::nybF::tkt,PRJNA1003853,DnybW PkasOP::nybF::tkt_12h,SRR25592598,09/08/2023,public,PAIRED,ILLUMINA,SRR25592598_R1.fastq.gz,SRR25592598_R2.fastq.gz,FALSE,Del14-4N24_12h
SRR25592599,SRR25592599,Del14-4N24 DnybW PkasOP::nybF::zwf2,PRJNA1003853,DnybW PkasOP::nybF::zwf2_70h,SRR25592599,09/08/2023,public,PAIRED,ILLUMINA,SRR25592599_R1.fastq.gz,SRR25592599_R2.fastq.gz,FALSE,Del14-4N24_12h
SRR25592600,SRR25592600,Del14-4N24 DnybW PkasOP::nybF::zwf2,PRJNA1003853,DnybW PkasOP::nybF::zwf2_70h,SRR25592600,09/08/2023,public,PAIRED,ILLUMINA,SRR25592600_R1.fastq.gz,SRR25592600_R2.fastq.gz,FALSE,Del14-4N24_12h
SRR25592601,SRR25592601,Del14-4N24 DnybW PkasOP::nybF::zwf2,PRJNA1003853,DnybW PkasOP::nybF::zwf2_70h,SRR25592601,09/08/2023,public,PAIRED,ILLUMINA,SRR25592601_R1.fastq.gz,SRR25592601_R2.fastq.gz,FALSE,Del14-4N24_12h
SRR25592602,SRR25592602,Del14-4N24 DnybW PkasOP::nybF::zwf2,PRJNA1003853,DnybW PkasOP::nybF::zwf2_46h,SRR25592602,09/08/2023,public,PAIRED,ILLUMINA,SRR25592602_R1.fastq.gz,SRR25592602_R2.fastq.gz,FALSE,Del14-4N24_12h
SRR25592603,SRR25592603,Del14-4N24 DnybW PkasOP::nybF::zwf2,PRJNA1003853,DnybW PkasOP::nybF::zwf2_46h,SRR25592603,09/08/2023,public,PAIRED,ILLUMINA,SRR25592603_R1.fastq.gz,SRR25592603_R2.fastq.gz,FALSE,Del14-4N24_12h
SRR25592604,SRR25592604,Del14-4N24 DnybW PkasOP::nybF::zwf2,PRJNA1003853,DnybW PkasOP::nybF::zwf2_46h,SRR25592604,09/08/2023,public,PAIRED,ILLUMINA,SRR25592604_R1.fastq.gz,SRR25592604_R2.fastq.gz,FALSE,Del14-4N24_12h
SRR25592605,SRR25592605,Del14-4N24 DnybW PkasOP::nybF::zwf2,PRJNA1003853,DnybW PkasOP::nybF::zwf2_12h,SRR25592605,09/08/2023,public,PAIRED,ILLUMINA,SRR25592605_R1.fastq.gz,SRR25592605_R2.fastq.gz,FALSE,Del14-4N24_12h
SRR25592606,SRR25592606,Del14-4N24 DnybW PkasOP::nybF::zwf2,PRJNA1003853,DnybW PkasOP::nybF::zwf2_12h,SRR25592606,09/08/2023,public,PAIRED,ILLUMINA,SRR25592606_R1.fastq.gz,SRR25592606_R2.fastq.gz,FALSE,Del14-4N24_12h
SRR25592607,SRR25592607,Del14-4N24 DnybW PkasOP::nybF::zwf2,PRJNA1003853,DnybW PkasOP::nybF::zwf2_12h,SRR25592607,09/08/2023,public,PAIRED,ILLUMINA,SRR25592607_R1.fastq.gz,SRR25592607_R2.fastq.gz,FALSE,Del14-4N24_12h
SRR25592608,SRR25592608,Del14-4N24 PkasOP::nybF::zwf2,PRJNA1003853,PkasOP::nybF::zwf2_70h,SRR25592608,09/08/2023,public,PAIRED,ILLUMINA,SRR25592608_R1.fastq.gz,SRR25592608_R2.fastq.gz,FALSE,Del14-4N24_12h
SRR25592609,SRR25592609,Del14-4N24 PkasOP::nybF::zwf2,PRJNA1003853,PkasOP::nybF::zwf2_70h,SRR25592609,09/08/2023,public,PAIRED,ILLUMINA,SRR25592609_R1.fastq.gz,SRR25592609_R2.fastq.gz,FALSE,Del14-4N24_12h
SRR25592610,SRR25592610,Del14-4N24 PkasOP::nybF::zwf2,PRJNA1003853,PkasOP::nybF::zwf2_70h,SRR25592610,09/08/2023,public,PAIRED,ILLUMINA,SRR25592610_R1.fastq.gz,SRR25592610_R2.fastq.gz,FALSE,Del14-4N24_12h
SRR25592611,SRR25592611,Del14-4N24 PkasOP::nybF::zwf2,PRJNA1003853,PkasOP::nybF::zwf2_46h,SRR25592611,09/08/2023,public,PAIRED,ILLUMINA,SRR25592611_R1.fastq.gz,SRR25592611_R2.fastq.gz,FALSE,Del14-4N24_12h
SRR25592612,SRR25592612,Del14-4N24 PkasOP::nybF::zwf2,PRJNA1003853,PkasOP::nybF::zwf2_46h,SRR25592612,09/08/2023,public,PAIRED,ILLUMINA,SRR25592612_R1.fastq.gz,SRR25592612_R2.fastq.gz,FALSE,Del14-4N24_12h
SRR25592613,SRR25592613,Del14-4N24 PkasOP::nybF::zwf2,PRJNA1003853,PkasOP::nybF::zwf2_46h,SRR25592613,09/08/2023,public,PAIRED,ILLUMINA,SRR25592613_R1.fastq.gz,SRR25592613_R2.fastq.gz,FALSE,Del14-4N24_12h
SRR25592614,SRR25592614,Del14-4N24 PkasOP::nybF::zwf2,PRJNA1003853,PkasOP::nybF::zwf2_12h,SRR25592614,09/08/2023,public,PAIRED,ILLUMINA,SRR25592614_R1.fastq.gz,SRR25592614_R2.fastq.gz,FALSE,Del14-4N24_12h
SRR25592615,SRR25592615,Del14-4N24 PkasOP::nybF::zwf2,PRJNA1003853,PkasOP::nybF::zwf2_12h,SRR25592615,09/08/2023,public,PAIRED,ILLUMINA,SRR25592615_R1.fastq.gz,SRR25592615_R2.fastq.gz,FALSE,Del14-4N24_12h
SRR25592616,SRR25592616,Del14-4N24 PkasOP::nybF::zwf2,PRJNA1003853,PkasOP::nybF::zwf2_12h,SRR25592616,09/08/2023,public,PAIRED,ILLUMINA,SRR25592616_R1.fastq.gz,SRR25592616_R2.fastq.gz,FALSE,Del14-4N24_12h
SRR25592617,SRR25592617,Del14-4N24 PkasOP::zwf2,PRJNA1003853,PkasOP::zwf2_70h,SRR25592617,09/08/2023,public,PAIRED,ILLUMINA,SRR25592617_R1.fastq.gz,SRR25592617_R2.fastq.gz,FALSE,Del14-4N24_12h
SRR25592618,SRR25592618,Del14-4N24 PkasOP::zwf2,PRJNA1003853,PkasOP::zwf2_70h,SRR25592618,09/08/2023,public,PAIRED,ILLUMINA,SRR25592618_R1.fastq.gz,SRR25592618_R2.fastq.gz,FALSE,Del14-4N24_12h
SRR25592619,SRR25592619,Del14-4N24 PkasOP::zwf2,PRJNA1003853,PkasOP::zwf2_70h,SRR25592619,09/08/2023,public,PAIRED,ILLUMINA,SRR25592619_R1.fastq.gz,SRR25592619_R2.fastq.gz,FALSE,Del14-4N24_12h
SRR25592620,SRR25592620,Del14-4N24 PkasOP::zwf2,PRJNA1003853,PkasOP::zwf2_12h,SRR25592620,09/08/2023,public,PAIRED,ILLUMINA,SRR25592620_R1.fastq.gz,SRR25592620_R2.fastq.gz,FALSE,Del14-4N24_12h
SRR25592621,SRR25592621,Del14-4N24 PkasOP::zwf2,PRJNA1003853,PkasOP::zwf2_12h,SRR25592621,09/08/2023,public,PAIRED,ILLUMINA,SRR25592621_R1.fastq.gz,SRR25592621_R2.fastq.gz,FALSE,Del14-4N24_12h
SRR25592622,SRR25592622,Del14-4N24 PkasOP::zwf2,PRJNA1003853,PkasOP::zwf2_12h,SRR25592622,09/08/2023,public,PAIRED,ILLUMINA,SRR25592622_R1.fastq.gz,SRR25592622_R2.fastq.gz,FALSE,Del14-4N24_12h
SRR25592623,SRR25592623,Del14-4N24,PRJNA1003853,Del14-4N24_70h,SRR25592623,09/08/2023,public,PAIRED,ILLUMINA,SRR25592623_R1.fastq.gz,SRR25592623_R2.fastq.gz,FALSE,Del14-4N24_12h
SRR25592624,SRR25592624,Del14-4N24,PRJNA1003853,Del14-4N24_70h,SRR25592624,09/08/2023,public,PAIRED,ILLUMINA,SRR25592624_R1.fastq.gz,SRR25592624_R2.fastq.gz,FALSE,Del14-4N24_12h
SRR25592625,SRR25592625,Del14-4N24,PRJNA1003853,Del14-4N24_70h,SRR25592625,09/08/2023,public,PAIRED,ILLUMINA,SRR25592625_R1.fastq.gz,SRR25592625_R2.fastq.gz,FALSE,Del14-4N24_12h
SRR25592626,SRR25592626,Del14-4N24,PRJNA1003853,Del14-4N24_12h,SRR25592626,09/08/2023,public,PAIRED,ILLUMINA,SRR25592626_R1.fastq.gz,SRR25592626_R2.fastq.gz,FALSE,Del14-4N24_12h
SRR25592627,SRR25592627,Del14-4N24,PRJNA1003853,Del14-4N24_12h,SRR25592627,09/08/2023,public,PAIRED,ILLUMINA,SRR25592627_R1.fastq.gz,SRR25592627_R2.fastq.gz,FALSE,Del14-4N24_12h
SRR25592628,SRR25592628,Del14-4N24,PRJNA1003853,Del14-4N24_12h,SRR25592628,09/08/2023,public,PAIRED,ILLUMINA,SRR25592628_R1.fastq.gz,SRR25592628_R2.fastq.gz,FALSE,Del14-4N24_12h
303-MSG5,303-MSG5,J1074,PRECISE,MSG 5% NaCl,SRR27453508,20/12/2023,in-house,PAIRED,ILLUMINA,303_R1_001.fastq.gz,303_R2_001.fastq.gz,FALSE,control
301-MSG5,301-MSG5,J1074,PRECISE,MSG 5% NaCl,SRR27453509,20/12/2023,in-house,PAIRED,ILLUMINA,301_R1_001.fastq.gz,301_R2_001.fastq.gz,FALSE,control
651-Glycerol,651-Glycerol,J1074,PRECISE,Glycerol,SRR27453510,20/12/2023,in-house,PAIRED,ILLUMINA,651_R1_001.fastq.gz,651_R2_001.fastq.gz,FALSE,control
160-Xylose,160-Xylose,J1074,PRECISE,Xylose,SRR27453511,20/12/2023,in-house,PAIRED,ILLUMINA,160_R1_001.fastq.gz,160_R2_001.fastq.gz,FALSE,control
650-Glycerol,650-Glycerol,J1074,PRECISE,Glycerol,SRR27453512,20/12/2023,in-house,PAIRED,ILLUMINA,650_R1_001.fastq.gz,650_R2_001.fastq.gz,FALSE,control
646-Proline,646-Proline,J1074,PRECISE,Proline,SRR27453513,20/12/2023,in-house,PAIRED,ILLUMINA,646_R1_001.fastq.gz,646_R2_001.fastq.gz,FALSE,control
644-Proline,644-Proline,J1074,PRECISE,Proline,SRR27453514,20/12/2023,in-house,PAIRED,ILLUMINA,644_R1_001.fastq.gz,644_R2_001.fastq.gz,FALSE,control
604-Ribose,604-Ribose,J1074,PRECISE,Ribose,SRR27453515,20/12/2023,in-house,PAIRED,ILLUMINA,604_R1_001.fastq.gz,604_R2_001.fastq.gz,FALSE,control
602-Ribose,602-Ribose,J1074,PRECISE,Ribose,SRR27453516,20/12/2023,in-house,PAIRED,ILLUMINA,602_R1_001.fastq.gz,602_R2_001.fastq.gz,FALSE,control
601-ISP27NaCl,601-ISP27NaCl,J1074,PRECISE,ISP2 7% NaCl,SRR27453517,20/12/2023,in-house,PAIRED,ILLUMINA,601_R1_001.fastq.gz,601_R2_001.fastq.gz,FALSE,control
599-ISP27NaCl,599-ISP27NaCl,J1074,PRECISE,ISP2 7% NaCl,SRR27453518,20/12/2023,in-house,PAIRED,ILLUMINA,599_R1_001.fastq.gz,599_R2_001.fastq.gz,FALSE,control
383-72hMSG,383-72hMSG,J1074,PRECISE,72h MSG,SRR27453519,20/12/2023,in-house,PAIRED,ILLUMINA,383_R1_001.fastq.gz,383_R2_001.fastq.gz,FALSE,control
598-MSG5NaCl,598-MSG5NaCl,J1074,PRECISE,MSG 5% NaCl,SRR27453520,20/12/2023,in-house,PAIRED,ILLUMINA,598_R1_001.fastq.gz,598_R2_001.fastq.gz,FALSE,control
382-72hMSG,382-72hMSG,J1074,PRECISE,72h MSG,SRR27453521,20/12/2023,in-house,PAIRED,ILLUMINA,382_R1_001.fastq.gz,382_R2_001.fastq.gz,FALSE,control
372-48hMSG,372-48hMSG,J1074,PRECISE,48h MSG,SRR27453522,20/12/2023,in-house,PAIRED,ILLUMINA,372_R1_001.fastq.gz,372_R2_001.fastq.gz,FALSE,control
371-48hMSG,371-48hMSG,J1074,PRECISE,48h MSG,SRR27453523,20/12/2023,in-house,PAIRED,ILLUMINA,371_R1_001.fastq.gz,371_R2_001.fastq.gz,FALSE,control
150-LAlanine,150-LAlanine,J1074,PRECISE,L-Alanine,SRR27453524,20/12/2023,in-house,PAIRED,ILLUMINA,150_R1_001.fastq.gz,150_R2_001.fastq.gz,FALSE,control
370-48hMSG,370-48hMSG,J1074,PRECISE,48h MSG,SRR27453525,20/12/2023,in-house,PAIRED,ILLUMINA,370_R1_001.fastq.gz,370_R2_001.fastq.gz,FALSE,control
366-48hISP2,366-48hISP2,J1074,PRECISE,48h ISP2,SRR27453526,20/12/2023,in-house,PAIRED,ILLUMINA,366_R1_001.fastq.gz,366_R2_001.fastq.gz,FALSE,control
365-48hISP2,365-48hISP2,J1074,PRECISE,48h ISP2,SRR27453527,20/12/2023,in-house,PAIRED,ILLUMINA,365_R1_001.fastq.gz,365_R2_001.fastq.gz,FALSE,control
360-24hMSG,360-24hMSG,J1074,PRECISE,24h MSG,SRR27453528,20/12/2023,in-house,PAIRED,ILLUMINA,360_R1_001.fastq.gz,360_R2_001.fastq.gz,FALSE,control
359-24hMSG,359-24hMSG,J1074,PRECISE,24h MSG,SRR27453529,20/12/2023,in-house,PAIRED,ILLUMINA,359_R1_001.fastq.gz,359_R2_001.fastq.gz,FALSE,control
358-24hMSG,358-24hMSG,J1074,PRECISE,24h MSG,SRR27453530,20/12/2023,in-house,PAIRED,ILLUMINA,358_R1_001.fastq.gz,358_R2_001.fastq.gz,FALSE,control
354-24hISP2,354-24hISP2,J1074,PRECISE,24h ISP2,SRR27453531,20/12/2023,in-house,PAIRED,ILLUMINA,354_R1_001.fastq.gz,354_R2_001.fastq.gz,FALSE,control
353-24hISP2,353-24hISP2,J1074,PRECISE,24h ISP2,SRR27453532,20/12/2023,in-house,PAIRED,ILLUMINA,353_R1_001.fastq.gz,353_R2_001.fastq.gz,FALSE,control
334-DNPM,334-DNPM,J1074,PRECISE,DNPM,SRR27453533,20/12/2023,in-house,PAIRED,ILLUMINA,334_R1_001.fastq.gz,334_R2_001.fastq.gz,FALSE,control
333-DNPM,333-DNPM,J1074,PRECISE,DNPM,SRR27453534,20/12/2023,in-house,PAIRED,ILLUMINA,333_R1_001.fastq.gz,333_R2_001.fastq.gz,FALSE,control
149-LAlanine,149-LAlanine,J1074,PRECISE,L-Alanine,SRR27453535,20/12/2023,in-house,PAIRED,ILLUMINA,149_R1_001.fastq.gz,149_R2_001.fastq.gz,FALSE,control
575-Mannose,575-Mannose,J1074,PRECISE,Mannose,SRR27453536,20/12/2023,in-house,PAIRED,ILLUMINA,575_R1_001.fastq.gz,575_R2_001.fastq.gz,FALSE,control
MSG-2B,MSG-2B,J1074,azenta trial,Monosodium glutamate,SRR27453537,20/12/2023,in-house,PAIRED,ILLUMINA,merged_MSG-2B_R1_001.fastq.gz,merged_MSG-2B_R2_001.fastq.gz,FALSE,Monosodium glutamate
MSG-2A,MSG-2A,J1074,azenta trial,Monosodium glutamate,SRR27453538,20/12/2023,in-house,PAIRED,ILLUMINA,merged_MSG-2A_R1_001.fastq.gz,merged_MSG-2A_R2_001.fastq.gz,FALSE,Monosodium glutamate
MSG-1B,MSG-1B,J1074,azenta trial,Monosodium glutamate,SRR27453539,20/12/2023,in-house,PAIRED,ILLUMINA,merged_MSG-1B_R1_001.fastq.gz,merged_MSG-1B_R2_001.fastq.gz,FALSE,Monosodium glutamate
MSG-1A,MSG-1A,J1074,azenta trial,Monosodium glutamate,SRR27453540,20/12/2023,in-house,PAIRED,ILLUMINA,merged_MSG-1A_R1_001.fastq.gz,merged_MSG-1A_R2_001.fastq.gz,FALSE,Monosodium glutamate
L-galactose-2,L-galactose-2,J1074,azenta trial,L-galactose,SRR27453541,20/12/2023,in-house,PAIRED,ILLUMINA,merged_L-glutamate-2_R1_001.fastq.gz,merged_L-glutamate-2_R2_001.fastq.gz,FALSE,Monosodium glutamate
L-galactose-1,L-galactose-1,J1074,azenta trial,L-galactose,SRR27453542,20/12/2023,in-house,PAIRED,ILLUMINA,merged_L-glutamate-1_R1_001.fastq.gz,merged_L-glutamate-1_R2_001.fastq.gz,FALSE,Monosodium glutamate
Control2-MSG,Control2-MSG,J1074,PRECISE,control,SRR27453543,20/12/2023,in-house,PAIRED,ILLUMINA,Control-2_R1_001.fastq.gz,Control-2_R2_001.fastq.gz,FALSE,control
155-Glucose,155-Glucose,J1074,PRECISE,Glucose,SRR27453544,20/12/2023,in-house,PAIRED,ILLUMINA,155_R1_001.fastq.gz,155_R2_001.fastq.gz,FALSE,control
Control1-MSG,Control1-MSG,J1074,PRECISE,control,SRR27453545,20/12/2023,in-house,PAIRED,ILLUMINA,Control-1_R1_001.fastq.gz,Control-1_R2_001.fastq.gz,FALSE,control
460-Lhistidine,460-Lhistidine,J1074,PRECISE,L-histidine,SRR27453546,20/12/2023,in-house,PAIRED,ILLUMINA,460_R1_001.fastq.gz,460_R2_001.fastq.gz,FALSE,control
459-Lhistidine,459-Lhistidine,J1074,PRECISE,L-histidine,SRR27453547,20/12/2023,in-house,PAIRED,ILLUMINA,459_R1_001.fastq.gz,459_R2_001.fastq.gz,FALSE,control
396-96hMSG,396-96hMSG,J1074,PRECISE,96h MSG,SRR27453548,20/12/2023,in-house,PAIRED,ILLUMINA,396_R1_001.fastq.gz,396_R2_001.fastq.gz,FALSE,control
394-96hMSG,394-96hMSG,J1074,PRECISE,96h MSG,SRR27453549,20/12/2023,in-house,PAIRED,ILLUMINA,394_R1_001.fastq.gz,394_R2_001.fastq.gz,FALSE,control
384-72hMSG,384-72hMSG,J1074,PRECISE,72h MSG,SRR27453550,20/12/2023,in-house,PAIRED,ILLUMINA,384_R1_001.fastq.gz,384_R2_001.fastq.gz,FALSE,control
330-MSGpH6,330-MSGpH6,J1074,PRECISE,MSG pH6,SRR27453551,20/12/2023,in-house,PAIRED,ILLUMINA,330_R1_001.fastq.gz,330_R2_001.fastq.gz,FALSE,control
329-MSGpH6,329-MSGpH6,J1074,PRECISE,MSG pH6,SRR27453552,20/12/2023,in-house,PAIRED,ILLUMINA,329_R1_001.fastq.gz,329_R2_001.fastq.gz,FALSE,control
326-MSG7,326-MSG7,J1074,PRECISE,MSG 7% NaCl,SRR27453553,20/12/2023,in-house,PAIRED,ILLUMINA,326_R1_001.fastq.gz,326_R2_001.fastq.gz,FALSE,control
325-MSG7,325-MSG7,J1074,PRECISE,MSG 7% NaCl,SRR27453554,20/12/2023,in-house,PAIRED,ILLUMINA,325_R1_001.fastq.gz,325_R2_001.fastq.gz,FALSE,control
299-MSG20C,299-MSG20C,J1074,PRECISE,MSG 20C,SRR27453555,20/12/2023,in-house,PAIRED,ILLUMINA,299_R1_001.fastq.gz,299_R2_001.fastq.gz,FALSE,control
298-MSG20C,298-MSG20C,J1074,PRECISE,MSG 20C,SRR27453556,20/12/2023,in-house,PAIRED,ILLUMINA,298_R1_001.fastq.gz,298_R2_001.fastq.gz,FALSE,control
290-Starch,290-Starch,J1074,PRECISE,Starch,SRR27453557,20/12/2023,in-house,PAIRED,ILLUMINA,290_R1_001.fastq.gz,290_R2_001.fastq.gz,FALSE,control
289-Starch,289-Starch,J1074,PRECISE,Starch,SRR27453558,20/12/2023,in-house,PAIRED,ILLUMINA,289_R1_001.fastq.gz,289_R2_001.fastq.gz,FALSE,control
283-Sucrose,283-Sucrose,J1074,PRECISE,Sucrose,SRR27453559,20/12/2023,in-house,PAIRED,ILLUMINA,283_R1_001.fastq.gz,283_R2_001.fastq.gz,FALSE,control
282-Sucrose,282-Sucrose,J1074,PRECISE,Sucrose,SRR27453560,20/12/2023,in-house,PAIRED,ILLUMINA,282_R1_001.fastq.gz,282_R2_001.fastq.gz,FALSE,control
140-Dcellobiose,140-Dcellobiose,J1074,PRECISE,D-cellobiose,SRR27453561,20/12/2023,in-house,PAIRED,ILLUMINA,140_R1_001.fastq.gz,140_R2_001.fastq.gz,FALSE,control
255-Fructose,255-Fructose,J1074,PRECISE,Fructose,SRR27453562,20/12/2023,in-house,PAIRED,ILLUMINA,255_R1_001.fastq.gz,255_R2_001.fastq.gz,FALSE,control
253-Fructose,253-Fructose,J1074,PRECISE,Fructose,SRR27453563,20/12/2023,in-house,PAIRED,ILLUMINA,253_R1_001.fastq.gz,253_R2_001.fastq.gz,FALSE,control
242-Tween80,242-Tween80,J1074,PRECISE,Tween 80,SRR27453564,20/12/2023,in-house,PAIRED,ILLUMINA,242_R1_001.fastq.gz,242_R2_001.fastq.gz,FALSE,control
241-Tween80,241-Tween80,J1074,PRECISE,Tween 80,SRR27453565,20/12/2023,in-house,PAIRED,ILLUMINA,241_R1_001.fastq.gz,241_R2_001.fastq.gz,FALSE,control
211-Lthreonine,211-Lthreonine,J1074,PRECISE,L-threonine,SRR27453566,20/12/2023,in-house,PAIRED,ILLUMINA,211_R1_001.fastq.gz,211_R2_001.fastq.gz,FALSE,control
210-Lthreonine,210-Lthreonine,J1074,PRECISE,L-threonine,SRR27453567,20/12/2023,in-house,PAIRED,ILLUMINA,210_R1_001.fastq.gz,210_R2_001.fastq.gz,FALSE,control
207-Tween20,207-Tween20,J1074,PRECISE,Tween 20,SRR27453568,20/12/2023,in-house,PAIRED,ILLUMINA,207_R1_001.fastq.gz,207_R2_001.fastq.gz,FALSE,control
205-Tween20,205-Tween20,J1074,PRECISE,Tween 20,SRR27453569,20/12/2023,in-house,PAIRED,ILLUMINA,205_R1_001.fastq.gz,205_R2_001.fastq.gz,FALSE,control
184-MSG3,184-MSG3,J1074,PRECISE,MSG 3% NaCl,SRR27453570,20/12/2023,in-house,PAIRED,ILLUMINA,184_R1_001.fastq.gz,184_R2_001.fastq.gz,FALSE,control
182-MSG3,182-MSG3,J1074,PRECISE,MSG 3% NaCl,SRR27453571,20/12/2023,in-house,PAIRED,ILLUMINA,182_R1_001.fastq.gz,182_R2_001.fastq.gz,FALSE,control
138-Dcellobiose,138-Dcellobiose,J1074,PRECISE,D-cellobiose,SRR27453572,20/12/2023,in-house,PAIRED,ILLUMINA,138_R1_001.fastq.gz,138_R2_001.fastq.gz,FALSE,control
180-MSG2,180-MSG2,J1074,PRECISE,MSG 2%NaCl,SRR27453573,20/12/2023,in-house,PAIRED,ILLUMINA,180_R1_001.fastq.gz,180_R2_001.fastq.gz,FALSE,control
179-MSG2,179-MSG2,J1074,PRECISE,MSG 2%NaCl,SRR27453574,20/12/2023,in-house,PAIRED,ILLUMINA,179_R1_001.fastq.gz,179_R2_001.fastq.gz,FALSE,control
174-MSG1,174-MSG1,J1074,PRECISE,MSG 1%NaCl,SRR27453575,20/12/2023,in-house,PAIRED,ILLUMINA,174_R1_001.fastq.gz,174_R2_001.fastq.gz,FALSE,control
173-MSG1,173-MSG1,J1074,PRECISE,MSG 1%NaCl,SRR27453576,20/12/2023,in-house,PAIRED,ILLUMINA,173_R1_001.fastq.gz,173_R2_001.fastq.gz,FALSE,control
171-ISP23,171-ISP23,J1074,PRECISE,ISP2 3% NaCl,SRR27453577,20/12/2023,in-house,PAIRED,ILLUMINA,171_R1_001.fastq.gz,171_R2_001.fastq.gz,FALSE,control
170-ISP23,170-ISP23,J1074,PRECISE,ISP2 3% NaCl,SRR27453578,20/12/2023,in-house,PAIRED,ILLUMINA,170_R1_001.fastq.gz,170_R2_001.fastq.gz,FALSE,control
167-ISP22,167-ISP22,J1074,PRECISE,ISP2 2% NaCl,SRR27453579,20/12/2023,in-house,PAIRED,ILLUMINA,167_R1_001.fastq.gz,167_R2_001.fastq.gz,FALSE,control
165-ISP22,165-ISP22,J1074,PRECISE,ISP2 2% NaCl,SRR27453580,20/12/2023,in-house,PAIRED,ILLUMINA,165_R1_001.fastq.gz,165_R2_001.fastq.gz,FALSE,control
162-ISP21,162-ISP21,J1074,PRECISE,ISP2 1% NaCl,SRR27453581,20/12/2023,in-house,PAIRED,ILLUMINA,162_R1_001.fastq.gz,162_R2_001.fastq.gz,FALSE,control
161-ISP21,161-ISP21,J1074,PRECISE,ISP2 1% NaCl,SRR27453582,20/12/2023,in-house,PAIRED,ILLUMINA,161_R1_001.fastq.gz,161_R2_001.fastq.gz,FALSE,control
596-MSG5NaCl,596-MSG5NaCl,J1074,PRECISE,MSG 5% NaCl,SRR27453583,20/12/2023,in-house,PAIRED,ILLUMINA,596_R1_001.fastq.gz,596_R2_001.fastq.gz,FALSE,control
595-ISP25NaCl,595-ISP25NaCl,J1074,PRECISE,ISP2 5% NaCl,SRR27453584,20/12/2023,in-house,PAIRED,ILLUMINA,595_R1_001.fastq.gz,595_R2_001.fastq.gz,FALSE,control
159-Xylose,159-Xylose,J1074,PRECISE,Xylose,SRR27453585,20/12/2023,in-house,PAIRED,ILLUMINA,159_R1_001.fastq.gz,159_R2_001.fastq.gz,FALSE,control
594-ISP25NaCl,594-ISP25NaCl,J1074,PRECISE,ISP2 5% NaCl,SRR27453586,20/12/2023,in-house,PAIRED,ILLUMINA,594_R1_001.fastq.gz,594_R2_001.fastq.gz,FALSE,control
591-ISP2pH9,591-ISP2pH9,J1074,PRECISE,ISP2 pH 9,SRR27453587,20/12/2023,in-house,PAIRED,ILLUMINA,591_R1_001.fastq.gz,591_R2_001.fastq.gz,FALSE,control
590-ISP2pH9,590-ISP2pH9,J1074,PRECISE,ISP2 pH 9,SRR27453588,20/12/2023,in-house,PAIRED,ILLUMINA,590_R1_001.fastq.gz,590_R2_001.fastq.gz,FALSE,control
589-MSGpH9,589-MSGpH9,J1074,PRECISE,MSG pH 9,SRR27453589,20/12/2023,in-house,PAIRED,ILLUMINA,589_R1_001.fastq.gz,589_R2_001.fastq.gz,FALSE,control
587-MSGpH9,587-MSGpH9,J1074,PRECISE,MSG pH 9,SRR27453590,20/12/2023,in-house,PAIRED,ILLUMINA,587_R1_001.fastq.gz,587_R2_001.fastq.gz,FALSE,control
586-ISP2pH5,586-ISP2pH5,J1074,PRECISE,ISP2 pH 5,SRR27453591,20/12/2023,in-house,PAIRED,ILLUMINA,586_R1_001.fastq.gz,586_R2_001.fastq.gz,FALSE,control
585-ISP2pH5,585-ISP2pH5,J1074,PRECISE,ISP2 pH 5,SRR27453592,20/12/2023,in-house,PAIRED,ILLUMINA,585_R1_001.fastq.gz,585_R2_001.fastq.gz,FALSE,control
583-MSGpH5,583-MSGpH5,J1074,PRECISE,MSG pH 5,SRR27453593,20/12/2023,in-house,PAIRED,ILLUMINA,583_R1_001.fastq.gz,583_R2_001.fastq.gz,FALSE,control
581-MSGpH5,581-MSGpH5,J1074,PRECISE,MSG pH 5,SRR27453594,20/12/2023,in-house,PAIRED,ILLUMINA,581_R1_001.fastq.gz,581_R2_001.fastq.gz,FALSE,control
580-ISP220C,580-ISP220C,J1074,PRECISE,ISP2 20C,SRR27453595,20/12/2023,in-house,PAIRED,ILLUMINA,580_R1_001.fastq.gz,580_R2_001.fastq.gz,FALSE,control
156-Glucose,156-Glucose,J1074,PRECISE,Glucose,SRR27453596,20/12/2023,in-house,PAIRED,ILLUMINA,156_R1_001.fastq.gz,156_R2_001.fastq.gz,FALSE,control
579-ISP220C,579-ISP220C,J1074,PRECISE,ISP2 20C,SRR27453597,20/12/2023,in-house,PAIRED,ILLUMINA,579_R1_001.fastq.gz,579_R2_001.fastq.gz,FALSE,control
30-Asparagine,30-Asparagine,J1074,PRECISE,Asparagine,SRR27453598,20/12/2023,in-house,PAIRED,ILLUMINA,30_R1_001.fastq.gz,30_R2_001.fastq.gz,FALSE,control
576-Mannose,576-Mannose,J1074,PRECISE,Mannose,SRR27453599,20/12/2023,in-house,PAIRED,ILLUMINA,576_R1_001.fastq.gz,576_R2_001.fastq.gz,FALSE,control
29-Asparagine,29-Asparagine,J1074,PRECISE,Asparagine,SRR27453600,20/12/2023,in-house,PAIRED,ILLUMINA,29_R1_001.fastq.gz,29_R2_001.fastq.gz,FALSE,control
16-J1074-RNA-30min-ISP2,16-J1074-RNA-30min-ISP2,J1074,PRECISE,ISP230min,SRR29660750,20/04/2024,in-house,PAIRED,ILLUMINA,16-J1074-RNA-30min-ISP2_R1_001.fastq.gz,16-J1074-RNA-30min-ISP2_R2_001.fastq.gz,FALSE,control
DEL9actrepl3,DEL9actrepl3,DEL9act,Tetiana_del_strains,DEL9act,SRR29660751,20/04/2024,in-house,PAIRED,ILLUMINA,DEL9actrepl3_R1_001.fastq.gz,DEL9actrepl3_R2_001.fastq.gz,FALSE,control
DEL9actrepl2,DEL9actrepl2,DEL9act,Tetiana_del_strains,DEL9act,SRR29660752,20/04/2024,in-house,PAIRED,ILLUMINA,DEL9actrepl2_R1_001.fastq.gz,DEL9actrepl2_R2_001.fastq.gz,FALSE,control
DEL9repl1,DEL9repl1,DEL9,Tetiana_del_strains,DEL9,SRR29660753,20/04/2024,in-house,PAIRED,ILLUMINA,DEL9repl1_R1_001.fastq.gz,DEL9repl1_R2_001.fastq.gz,FALSE,control
DEL9repl2,DEL9repl2,DEL9,Tetiana_del_strains,DEL9,SRR29660754,20/04/2024,in-house,PAIRED,ILLUMINA,DEL9repl2_R1_001.fastq.gz,DEL9repl2_R2_001.fastq.gz,FALSE,control
J1074actrepl1,J1074actrepl1,J1074act,Tetiana_del_strains,J1074act,SRR29660755,20/04/2024,in-house,PAIRED,ILLUMINA,J1074actrepl1_R1_001.fastq.gz,J1074actrepl1_R2_001.fastq.gz,FALSE,control
DEL9actrepl1,DEL9actrepl1,DEL9act,Tetiana_del_strains,DEL9act,SRR29660756,20/04/2024,in-house,PAIRED,ILLUMINA,DEL9actrepl1_R1_001.fastq.gz,DEL9actrepl1_R2_001.fastq.gz,FALSE,control
DEL8repl3,DEL8repl3,DEL8,Tetiana_del_strains,DEL8,SRR29660757,20/04/2024,in-house,PAIRED,ILLUMINA,DEL8repl3_R1_001.fastq.gz,DEL8repl3_R2_001.fastq.gz,FALSE,control
DEL8repl1,DEL8repl1,DEL8,Tetiana_del_strains,DEL8,SRR29660758,20/04/2024,in-house,PAIRED,ILLUMINA,DEL8repl1_R1_001.fastq.gz,DEL8repl1_R2_001.fastq.gz,FALSE,control
DEL8actrepl2,DEL8actrepl2,DEL8act,Tetiana_del_strains,DEL8act,SRR29660759,20/04/2024,in-house,PAIRED,ILLUMINA,DEL8actrepl2_R1_001.fastq.gz,DEL8actrepl2_R2_001.fastq.gz,FALSE,control
DEL8actrepl1,DEL8actrepl1,DEL8act,Tetiana_del_strains,DEL8act,SRR29660760,20/04/2024,in-house,PAIRED,ILLUMINA,DEL8actrepl1_R1_001.fastq.gz,DEL8actrepl1_R2_001.fastq.gz,FALSE,control
DEL8actrepl3,DEL8actrepl3,DEL8act,Tetiana_del_strains,DEL8act,SRR29660761,20/04/2024,in-house,PAIRED,ILLUMINA,DEL8actrepl3_R1_001.fastq.gz,DEL8actrepl3_R2_001.fastq.gz,FALSE,control
DEL8repl2,DEL8repl2,DEL8,Tetiana_del_strains,DEL8,SRR29660762,20/04/2024,in-house,PAIRED,ILLUMINA,DEL8repl2_R1_001.fastq.gz,DEL8repl2_R2_001.fastq.gz,FALSE,control
15-J1074-RNA-30min-ISP2,15-J1074-RNA-30min-ISP2,J1074,PRECISE,ISP230min,SRR29660763,20/04/2024,in-house,PAIRED,ILLUMINA,15-J1074-RNA-30min-ISP2_R1_001.fastq.gz,15-J1074-RNA-30min-ISP2_R2_001.fastq.gz,FALSE,control
DEL7repl3,DEL7repl3,DEL7,Tetiana_del_strains,DEL7,SRR29660764,20/04/2024,in-house,PAIRED,ILLUMINA,DEL7repl3_R1_001.fastq.gz,DEL7repl3_R2_001.fastq.gz,FALSE,control
DEL7repl2,DEL7repl2,DEL7,Tetiana_del_strains,DEL7,SRR29660765,20/04/2024,in-house,PAIRED,ILLUMINA,DEL7repl2_R1_001.fastq.gz,DEL7repl2_R2_001.fastq.gz,FALSE,control
DEL7repl1,DEL7repl1,DEL7,Tetiana_del_strains,DEL7,SRR29660766,20/04/2024,in-house,PAIRED,ILLUMINA,DEL7repl1_R1_001.fastq.gz,DEL7repl1_R2_001.fastq.gz,FALSE,control
DEL7actrepl3,DEL7actrepl3,DEL7act,Tetiana_del_strains,DEL7act,SRR29660767,20/04/2024,in-house,PAIRED,ILLUMINA,DEL7actrepl3_R1_001.fastq.gz,DEL7actrepl3_R2_001.fastq.gz,FALSE,control
DEL7actrepl2,DEL7actrepl2,DEL7act,Tetiana_del_strains,DEL7act,SRR29660768,20/04/2024,in-house,PAIRED,ILLUMINA,DEL7actrepl2_R1_001.fastq.gz,DEL7actrepl2_R2_001.fastq.gz,FALSE,control
DEL7actrepl1,DEL7actrepl1,DEL7act,Tetiana_del_strains,DEL7act,SRR29660769,20/04/2024,in-house,PAIRED,ILLUMINA,DEL7actrepl1_R1_001.fastq.gz,DEL7actrepl1_R2_001.fastq.gz,FALSE,control
DEL6repl3,DEL6repl3,DEL6,Tetiana_del_strains,DEL6,SRR29660770,20/04/2024,in-house,PAIRED,ILLUMINA,DEL6repl3_R1_001.fastq.gz,DEL6repl3_R2_001.fastq.gz,FALSE,control
DEL6repl2,DEL6repl2,DEL6,Tetiana_del_strains,DEL6,SRR29660771,20/04/2024,in-house,PAIRED,ILLUMINA,DEL6repl2_R1_001.fastq.gz,DEL6repl2_R2_001.fastq.gz,FALSE,control
DEL6repl1,DEL6repl1,DEL6,Tetiana_del_strains,DEL6,SRR29660772,20/04/2024,in-house,PAIRED,ILLUMINA,DEL6repl1_R1_001.fastq.gz,DEL6repl1_R2_001.fastq.gz,FALSE,control
DEL6actrepl3,DEL6actrepl3,DEL6act,Tetiana_del_strains,DEL6act,SRR29660773,20/04/2024,in-house,PAIRED,ILLUMINA,DEL6actrepl3_R1_001.fastq.gz,DEL6actrepl3_R2_001.fastq.gz,FALSE,control
14-J1074-RNA-Plate-Filter2A-MS,14-J1074-RNA-Plate-Filter2A-MS,J1074,PRECISE,Plate-filter-2A,SRR29660774,20/04/2024,in-house,PAIRED,ILLUMINA,14-J1074-RNA-Plate-Filter2A-MS_R1_001.fastq.gz,14-J1074-RNA-Plate-Filter2A-MS_R2_001.fastq.gz,FALSE,control
DEL6actrepl2,DEL6actrepl2,DEL6act,Tetiana_del_strains,DEL6act,SRR29660775,20/04/2024,in-house,PAIRED,ILLUMINA,DEL6actrepl2_R1_001.fastq.gz,DEL6actrepl2_R2_001.fastq.gz,FALSE,control
DEL5repl3,DEL5repl3,DEL5,Tetiana_del_strains,DEL5,SRR29660776,20/04/2024,in-house,PAIRED,ILLUMINA,DEL5repl3_R1_001.fastq.gz,DEL5repl3_R2_001.fastq.gz,FALSE,control
DEL5repl1,DEL5repl1,DEL5,Tetiana_del_strains,DEL5,SRR29660777,20/04/2024,in-house,PAIRED,ILLUMINA,DEL5repl1_R1_001.fastq.gz,DEL5repl1_R2_001.fastq.gz,FALSE,control
DEL5actrepl2,DEL5actrepl2,DEL5act,Tetiana_del_strains,DEL5act,SRR29660778,20/04/2024,in-house,PAIRED,ILLUMINA,DEL5actrepl2_R1_001.fastq.gz,DEL5actrepl2_R2_001.fastq.gz,FALSE,control
DEL5actrepl1,DEL5actrepl1,DEL5act,Tetiana_del_strains,DEL5act,SRR29660779,20/04/2024,in-house,PAIRED,ILLUMINA,DEL5actrepl1_R1_001.fastq.gz,DEL5actrepl1_R2_001.fastq.gz,FALSE,control
DEL5actrepl3,DEL5actrepl3,DEL5act,Tetiana_del_strains,DEL5act,SRR29660780,20/04/2024,in-house,PAIRED,ILLUMINA,DEL5actrepl3_R1_001.fastq.gz,DEL5actrepl3_R2_001.fastq.gz,FALSE,control
DEL5repl2,DEL5repl2,DEL5,Tetiana_del_strains,DEL5,SRR29660781,20/04/2024,in-house,PAIRED,ILLUMINA,DEL5repl2_R1_001.fastq.gz,DEL5repl2_R2_001.fastq.gz,FALSE,control
DEL6actrepl1,DEL6actrepl1,DEL6act,Tetiana_del_strains,DEL6act,SRR29660782,20/04/2024,in-house,PAIRED,ILLUMINA,DEL6actrepl1_R1_001.fastq.gz,DEL6actrepl1_R2_001.fastq.gz,FALSE,control
DEL1actrepl1,DEL1actrepl1,DEL1act,Tetiana_del_strains,DEL1act,SRR29660783,20/04/2024,in-house,PAIRED,ILLUMINA,DEL1actrepl1_R1_001.fastq.gz,DEL1actrepl1_R2_001.fastq.gz,FALSE,control
DEL11repl3,DEL11repl3,DEL11,Tetiana_del_strains,DEL11,SRR29660784,20/04/2024,in-house,PAIRED,ILLUMINA,DEL11repl3_R1_001.fastq.gz,DEL11repl3_R2_001.fastq.gz,FALSE,control
13-J1074-RNA-Plate-Filter2A-MS,13-J1074-RNA-Plate-Filter2A-MS,J1074,PRECISE,Plate-filter-2A,SRR29660785,20/04/2024,in-house,PAIRED,ILLUMINA,13-J1074-RNA-Plate-Filter2A-MS_R1_001.fastq.gz,13-J1074-RNA-Plate-Filter2A-MS_R2_001.fastq.gz,FALSE,control
DEL11repl2,DEL11repl2,DEL11,Tetiana_del_strains,DEL11,SRR29660786,20/04/2024,in-house,PAIRED,ILLUMINA,DEL11repl2_R1_001.fastq.gz,DEL11repl2_R2_001.fastq.gz,FALSE,control
DEL11repl1,DEL11repl1,DEL11,Tetiana_del_strains,DEL11,SRR29660787,20/04/2024,in-house,PAIRED,ILLUMINA,DEL11repl1_R1_001.fastq.gz,DEL11repl1_R2_001.fastq.gz,FALSE,control
DEL11actrepl3,DEL11actrepl3,DEL11act,Tetiana_del_strains,DEL11act,SRR29660788,20/04/2024,in-house,PAIRED,ILLUMINA,DEL11actrepl3_R1_001.fastq.gz,DEL11actrepl3_R2_001.fastq.gz,FALSE,control
DEL11actrepl2,DEL11actrepl2,DEL11act,Tetiana_del_strains,DEL11act,SRR29660789,20/04/2024,in-house,PAIRED,ILLUMINA,DEL11actrepl2_R1_001.fastq.gz,DEL11actrepl2_R2_001.fastq.gz,FALSE,control
DEL10repl3,DEL10repl3,DEL10,Tetiana_del_strains,DEL10,SRR29660790,20/04/2024,in-house,PAIRED,ILLUMINA,DEL10repl3_R1_001.fastq.gz,DEL10repl3_R2_001.fastq.gz,FALSE,control
DEL10repl2,DEL10repl2,DEL10,Tetiana_del_strains,DEL10,SRR29660791,20/04/2024,in-house,PAIRED,ILLUMINA,DEL10repl2_R1_001.fastq.gz,DEL10repl2_R2_001.fastq.gz,FALSE,control
17-J1074-RNA-30min-MM-MSG,17-J1074-RNA-30min-MM-MSG,J1074,PRECISE,MM30min,SRR29660792,20/04/2024,in-house,PAIRED,ILLUMINA,17-J1074-RNA-30min-MM-MSG_R1_001.fastq.gz,17-J1074-RNA-30min-MM-MSG_R2_001.fastq.gz,FALSE,control
J1074repl2,J1074repl2,J1074,Tetiana_del_strains,J1074,SRR29660793,20/04/2024,in-house,PAIRED,ILLUMINA,J1074repl2_R1_001.fastq.gz,J1074repl2_R2_001.fastq.gz,FALSE,control
J1074actrepl3,J1074actrepl3,J1074act,Tetiana_del_strains,J1074act,SRR29660794,20/04/2024,in-house,PAIRED,ILLUMINA,J1074actrepl3_R1_001.fastq.gz,J1074actrepl3_R2_001.fastq.gz,FALSE,control
J1074repl1,J1074repl1,J1074,Tetiana_del_strains,J1074,SRR29660795,20/04/2024,in-house,PAIRED,ILLUMINA,J1074repl1_R1_001.fastq.gz,J1074repl1_R2_001.fastq.gz,FALSE,control
J1074repl3,J1074repl3,J1074,Tetiana_del_strains,J1074,SRR29660796,20/04/2024,in-house,PAIRED,ILLUMINA,J1074repl3_R1_001.fastq.gz,J1074repl3_R2_001.fastq.gz,FALSE,control
18-J1074-RNA-30min-MM-MSG,18-J1074-RNA-30min-MM-MSG,J1074,PRECISE,MM30min,SRR29660797,20/04/2024,in-house,PAIRED,ILLUMINA,18-J1074-RNA-30min-MM-MSG_R1_001.fastq.gz,18-J1074-RNA-30min-MM-MSG_R2_001.fastq.gz,FALSE,control
J1074actrepl2,J1074actrepl2,J1074act,Tetiana_del_strains,J1074act,SRR29660798,20/04/2024,in-house,PAIRED,ILLUMINA,J1074actrepl2_R1_001.fastq.gz,J1074actrepl2_R2_001.fastq.gz,FALSE,control
DEL9repl3,DEL9repl3,DEL9,Tetiana_del_strains,DEL9,SRR29660799,20/04/2024,in-house,PAIRED,ILLUMINA,DEL9repl3_R1_001.fastq.gz,DEL9repl3_R2_001.fastq.gz,FALSE,control
DEL10repl1,DEL10repl1,DEL10,Tetiana_del_strains,DEL10,SRR29660800,20/04/2024,in-house,PAIRED,ILLUMINA,DEL10repl1_R1_001.fastq.gz,DEL10repl1_R2_001.fastq.gz,FALSE,control
DEL10actrepl3,DEL10actrepl3,DEL10act,Tetiana_del_strains,DEL10act,SRR29660801,20/04/2024,in-house,PAIRED,ILLUMINA,DEL10actrepl3_R1_001.fastq.gz,DEL10actrepl3_R2_001.fastq.gz,FALSE,control
DEL10actrepl2,DEL10actrepl2,DEL10act,Tetiana_del_strains,DEL10act,SRR29660802,20/04/2024,in-house,PAIRED,ILLUMINA,DEL10actrepl2_R1_001.fastq.gz,DEL10actrepl2_R2_001.fastq.gz,FALSE,control
DEL10actrepl1,DEL10actrepl1,DEL10act,Tetiana_del_strains,DEL10act,SRR29660803,20/04/2024,in-house,PAIRED,ILLUMINA,DEL10actrepl1_R1_001.fastq.gz,DEL10actrepl1_R2_001.fastq.gz,FALSE,control
12-J1074-RNA-Plate-Filter2A-MS,12-J1074-RNA-Plate-Filter2A-MS,J1074,PRECISE,Plate-filter-2A,SRR29660804,20/04/2024,in-house,PAIRED,ILLUMINA,12-J1074-RNA-Plate-Filter2A-MS_R1_001.fastq.gz,12-J1074-RNA-Plate-Filter2A-MS_R2_001.fastq.gz,FALSE,control
Control2,Control2,J1074 wt,Tetiana_del_strains,control,SRR29660805,20/04/2024,in-house,PAIRED,ILLUMINA,Control2_R1_001.fastq.gz,Control2_R2_001.fastq.gz,FALSE,control
Control1,Control1,J1074 wt,Tetiana_del_strains,control,SRR29660806,20/04/2024,in-house,PAIRED,ILLUMINA,Control1_R1_001.fastq.gz,Control1_R2_001.fastq.gz,FALSE,control
9_Plate_B_MS,9_Plate_B_MS,J1074,PRECISE,Plate_B,SRR29660807,20/04/2024,in-house,PAIRED,ILLUMINA,9-J1074-RNA-Plate-B-MS_R1_001.fastq.gz,9-J1074-RNA-Plate-B-MS_R2_001.fastq.gz,FALSE,control
8_Plate_A_MS,8_Plate_A_MS,J1074,PRECISE,Plate_A,SRR29660808,20/04/2024,in-house,PAIRED,ILLUMINA,8-J1074-RNA-Plate-A-MS_R1_001.fastq.gz,8-J1074-RNA-Plate-A-MS_R2_001.fastq.gz,FALSE,control
7_Plate_A_MS,7_Plate_A_MS,J1074,PRECISE,Plate_A,SRR29660809,20/04/2024,in-house,PAIRED,ILLUMINA,7-J1074-RNA-Plate-A-MS_R1_001.fastq.gz,7-J1074-RNA-Plate-A-MS_R2_001.fastq.gz,FALSE,control
5_Arabinose_MM,5_Arabinose_MM,J1074,PRECISE,Arabinose,SRR29660810,20/04/2024,in-house,PAIRED,ILLUMINA,5-J1074-RNA-Arabinose-MM_R1_001.fastq.gz,5-J1074-RNA-Arabinose-MM_R2_001.fastq.gz,FALSE,control
3_Valine_MM,3_Valine_MM,J1074,PRECISE,Valine,SRR29660811,20/04/2024,in-house,PAIRED,ILLUMINA,3-J1074-RNA-Valine-MM_R1_001.fastq.gz,3-J1074-RNA-Valine-MM_R2_001.fastq.gz,FALSE,control
28-J1074-RNA-Cryo-MM,28-J1074-RNA-Cryo-MM,J1074,PRECISE,Batchcontrol,SRR29660812,20/04/2024,in-house,PAIRED,ILLUMINA,28-J1074-RNA-Cryo-MM_R1_001.fastq.gz,28-J1074-RNA-Cryo-MM_R2_001.fastq.gz,FALSE,control
4_Valine_MM,4_Valine_MM,J1074,PRECISE,Valine,SRR29660813,20/04/2024,in-house,PAIRED,ILLUMINA,4-J1074-RNA-Valine-MM_R1_001.fastq.gz,4-J1074-RNA-Valine-MM_R2_001.fastq.gz,FALSE,control
6_Arabinose_MM,6_Arabinose_MM,J1074,PRECISE,Arabinose,SRR29660814,20/04/2024,in-house,PAIRED,ILLUMINA,6-J1074-RNA-Arabinose-MM_R1_001.fastq.gz,6-J1074-RNA-Arabinose-MM_R2_001.fastq.gz,FALSE,control
11-J1074-RNA-Plate-Filter2A-MS,11-J1074-RNA-Plate-Filter2A-MS,J1074,PRECISE,Plate-filter-2A,SRR29660815,20/04/2024,in-house,PAIRED,ILLUMINA,11-J1074-RNA-Plate-Filter2A-MS_R1_001.fastq.gz,11-J1074-RNA-Plate-Filter2A-MS_R2_001.fastq.gz,FALSE,control
27-J1074-RNA-Cryo-MM,27-J1074-RNA-Cryo-MM,J1074,PRECISE,Batchcontrol,SRR29660816,20/04/2024,in-house,PAIRED,ILLUMINA,27-J1074-RNA-Cryo-MM_R1_001.fastq.gz,27-J1074-RNA-Cryo-MM_R2_001.fastq.gz,FALSE,control
26-J1074-RNA-Control-Am2ab,26-J1074-RNA-Control-Am2ab,J1074,PRECISE,Control-Am2ab,SRR29660817,20/04/2024,in-house,PAIRED,ILLUMINA,26-J1074-RNA-Control-Am2ab_R1_001.fastq.gz,26-J1074-RNA-Control-Am2ab_R2_001.fastq.gz,FALSE,control
25-J1074-RNA-Control-Am2ab,25-J1074-RNA-Control-Am2ab,J1074,PRECISE,Control-Am2ab,SRR29660818,20/04/2024,in-house,PAIRED,ILLUMINA,25-J1074-RNA-Control-Am2ab_R1_001.fastq.gz,25-J1074-RNA-Control-Am2ab_R2_001.fastq.gz,FALSE,control
23-J1074-RNA-Control-DNPM,23-J1074-RNA-Control-DNPM,J1074,PRECISE,Control-DNPM,SRR29660819,20/04/2024,in-house,PAIRED,ILLUMINA,23-J1074-RNA-Control-DNPM_R1_001.fastq.gz,23-J1074-RNA-Control-DNPM_R2_001.fastq.gz,FALSE,control
21-J1074-PTA-RNA-PTA-KasOP-Am2ab,21-J1074-PTA-RNA-PTA-KasOP-Am2ab,J1074_PTA,PRECISE,PTA-KasOP-Am2ab,SRR29660820,20/04/2024,in-house,PAIRED,ILLUMINA,21-J1074-PTA-RNA-PTA-KasOP-Am2ab_R1_001.fastq.gz,21-J1074-PTA-RNA-PTA-KasOP-Am2ab_R2_001.fastq.gz,FALSE,control
20-J1074-PTA-RNA-PTA-KasOP-DNPM,20-J1074-PTA-RNA-PTA-KasOP-DNPM,J1074_PTA,PRECISE,PTA-KasOP-DNPM,SRR29660821,20/04/2024,in-house,PAIRED,ILLUMINA,20-J1074-PTA-RNA-PTA-KasOP-DNPM_R1_001.fastq.gz,20-J1074-PTA-RNA-PTA-KasOP-DNPM_R2_001.fastq.gz,FALSE,control
22-J1074-PTA-RNA-PTA-KasOP-Am2ab,22-J1074-PTA-RNA-PTA-KasOP-Am2ab,J1074_PTA,PRECISE,PTA-KasOP-Am2ab,SRR29660822,20/04/2024,in-house,PAIRED,ILLUMINA,22-J1074-PTA-RNA-PTA-KasOP-Am2ab_R1_001.fastq.gz,22-J1074-PTA-RNA-PTA-KasOP-Am2ab_R2_001.fastq.gz,FALSE,control
24-J1074-RNA-Control-DNPM,24-J1074-RNA-Control-DNPM,J1074,PRECISE,Control-DNPM,SRR29660823,20/04/2024,in-house,PAIRED,ILLUMINA,24-J1074-RNA-Control-DNPM_R1_001.fastq.gz,24-J1074-RNA-Control-DNPM_R2_001.fastq.gz,FALSE,control
2_Mannitol_MM,2_Mannitol_MM,J1074,PRECISE,D-mannitol,SRR29660824,20/04/2024,in-house,PAIRED,ILLUMINA,2-J1074-RNA-Mannitol-MM_R1_001.fastq.gz,2-J1074-RNA-Mannitol-MM_R2_001.fastq.gz,FALSE,control
19-J1074-PTA-RNA-PTA-KasOP-DNPM,19-J1074-PTA-RNA-PTA-KasOP-DNPM,J1074_PTA,PRECISE,PTA-KasOP-DNPM,SRR29660825,20/04/2024,in-house,PAIRED,ILLUMINA,19-J1074-PTA-RNA-PTA-KasOP-DNPM_R1_001.fastq.gz,19-J1074-PTA-RNA-PTA-KasOP-DNPM_R2_001.fastq.gz,FALSE,control
10_Plate_B_MS,10_Plate_B_MS,J1074,PRECISE,Plate_B,SRR29660826,20/04/2024,in-house,PAIRED,ILLUMINA,10-J1074-RNA-Plate-B-MS_R1_001.fastq.gz,10-J1074-RNA-Plate-B-MS_R2_001.fastq.gz,FALSE,control
1_Mannitol_MM,1_Mannitol_MM,J1074,PRECISE,D-mannitol,SRR29660827,20/04/2024,in-house,PAIRED,ILLUMINA,1-J1074-RNA-Mannitol-MM_R1_001.fastq.gz,1-J1074-RNA-Mannitol-MM_R2_001.fastq.gz,FALSE,control
SRX1832743,landomycinA1,J074,PRJNA325059,TSB-H2-26,SRR3651157,08/06/2016,public,SINGLE,ILLUMINA,SRR3651157.fastq.gz,,FALSE,TSB-H2-26
SRX1832744,landomycinA2,J074,PRJNA325059,TSBH2-26-act,SRR3651158,08/06/2016,public,SINGLE,ILLUMINA,SRR3651158.fastq.gz,,FALSE,TSB-H2-26
SRX6445017,Glucose2,ZD11,PRJNA553825,ZD11-glucose,SRR9685607,10/07/2019,public,SINGLE,BGISEQ,SRR9685607.fastq.gz,,FALSE,ZD11-glucose
SRX6445016,Glucose1,ZD11,PRJNA553825,ZD11-glucose,SRR9685608,10/07/2019,public,SINGLE,BGISEQ,SRR9685608.fastq.gz,,FALSE,ZD11-glucose
SRX6445015,Soybeanoil2,ZD11,PRJNA553825,ZD11-soybeanoil,SRR9685609,10/07/2019,public,SINGLE,BGISEQ,SRR9685609.fastq.gz,,FALSE,ZD11-glucose
SRX6445014,Soybeanoil1,ZD11,PRJNA553825,ZD11-soybeanoil,SRR9685610,10/07/2019,public,SINGLE,BGISEQ,SRR9685610.fastq.gz,,FALSE,ZD11-glucose
135-Dmannitol,135-Dmannitol,J1074,PRECISE,D-mannitol,Contamination,20/12/2023,in-house,PAIRED,ILLUMINA,135_R1_001.fastq.gz,135_R2_001.fastq.gz,FALSE,control
136-Dmannitol,136-Dmannitol,J1074,PRECISE,D-mannitol,Contamination,20/12/2023,in-house,PAIRED,ILLUMINA,136_R1_001.fastq.gz,136_R2_001.fastq.gz,FALSE,control
145-Glycerol,145-Glycerol,J1074,PRECISE,Glycerol,Contamination,20/12/2023,in-house,PAIRED,ILLUMINA,145_R1_001.fastq.gz,145_R2_001.fastq.gz,FALSE,control
146-Glycerol,146-Glycerol,J1074,PRECISE,Glycerol,Contamination,20/12/2023,in-house,PAIRED,ILLUMINA,146_R1_001.fastq.gz,146_R2_001.fastq.gz,FALSE,control
187-MSG42C,187-MSG42C,J1074,PRECISE,MSG 42C,Contamination,20/12/2023,in-house,PAIRED,ILLUMINA,187_R1_001.fastq.gz,187_R2_001.fastq.gz,FALSE,control
188-MSG42C,188-MSG42C,J1074,PRECISE,MSG 42C,Contamination,20/12/2023,in-house,PAIRED,ILLUMINA,188_R1_001.fastq.gz,188_R2_001.fastq.gz,FALSE,control
194-ISP242C,194-ISP242C,J1074,PRECISE,ISP2 42C,Contamination,20/12/2023,in-house,PAIRED,ILLUMINA,194_R1_001.fastq.gz,194_R2_001.fastq.gz,FALSE,control
196-ISP242C,196-ISP242C,J1074,PRECISE,ISP2 42C,Contamination,20/12/2023,in-house,PAIRED,ILLUMINA,196_R1_001.fastq.gz,196_R2_001.fastq.gz,FALSE,control
198-ISP2pH5,198-ISP2pH5,J1074,PRECISE,ISP2 pH5,Contamination,20/12/2023,in-house,PAIRED,ILLUMINA,198_R1_001.fastq.gz,198_R2_001.fastq.gz,FALSE,control
200-ISP2pH5,200-ISP2pH5,J1074,PRECISE,ISP2 pH5,Contamination,20/12/2023,in-house,PAIRED,ILLUMINA,200_R1_001.fastq.gz,200_R2_001.fastq.gz,FALSE,control
201-MSGpH8,201-MSGpH8,J1074,PRECISE,MSG pH8,Contamination,20/12/2023,in-house,PAIRED,ILLUMINA,201_R1_001.fastq.gz,201_R2_001.fastq.gz,FALSE,control
202-MSGpH8,202-MSGpH8,J1074,PRECISE,MSG pH8,Contamination,20/12/2023,in-house,PAIRED,ILLUMINA,202_R1_001.fastq.gz,202_R2_001.fastq.gz,FALSE,control
231-ISP2pH6,231-ISP2pH6,J1074,PRECISE,ISP2 pH 6,Contamination,20/12/2023,in-house,PAIRED,ILLUMINA,231_R1_001.fastq.gz,231_R2_001.fastq.gz,FALSE,control
232-ISP2pH6,232-ISP2pH6,J1074,PRECISE,ISP2 pH 6,Contamination,20/12/2023,in-house,PAIRED,ILLUMINA,232_R1_001.fastq.gz,232_R2_001.fastq.gz,FALSE,control
234-ISP25,234-ISP25,J1074,PRECISE,ISP2 5% NaCl,Contamination,20/12/2023,in-house,PAIRED,ILLUMINA,234_R1_001.fastq.gz,234_R2_001.fastq.gz,FALSE,control
236-ISP25,236-ISP25,J1074,PRECISE,ISP2 5% NaCl,Contamination,20/12/2023,in-house,PAIRED,ILLUMINA,236_R1_001.fastq.gz,236_R2_001.fastq.gz,FALSE,control
239-ISP27,239-ISP27,J1074,PRECISE,ISP2 7% NaCl,Contamination,20/12/2023,in-house,PAIRED,ILLUMINA,239_R1_001.fastq.gz,239_R2_001.fastq.gz,FALSE,control
240-ISP27,240-ISP27,J1074,PRECISE,ISP2 7% NaCl,Contamination,20/12/2023,in-house,PAIRED,ILLUMINA,240_R1_001.fastq.gz,240_R2_001.fastq.gz,FALSE,control
295-ISP220C,295-ISP220C,J1074,PRECISE,ISP2 20C,Contamination,20/12/2023,in-house,PAIRED,ILLUMINA,295_R1_001.fastq.gz,295_R2_001.fastq.gz,FALSE,control
296-ISP220C,296-ISP220C,J1074,PRECISE,ISP2 20C,Contamination,20/12/2023,in-house,PAIRED,ILLUMINA,296_R1_001.fastq.gz,296_R2_001.fastq.gz,FALSE,control
377-72hIPS2,377-72hIPS2,J1074,PRECISE,72h IPS2,Contamination,20/12/2023,in-house,PAIRED,ILLUMINA,377_R1_001.fastq.gz,377_R2_001.fastq.gz,FALSE,control
378-72hIPS2,378-72hIPS2,J1074,PRECISE,72h IPS2,Contamination,20/12/2023,in-house,PAIRED,ILLUMINA,378_R1_001.fastq.gz,378_R2_001.fastq.gz,FALSE,control
389-96hISP2,389-96hISP2,J1074,PRECISE,96h ISP2,Contamination,20/12/2023,in-house,PAIRED,ILLUMINA,389_R1_001.fastq.gz,389_R2_001.fastq.gz,FALSE,control
390-96hISP2,390-96hISP2,J1074,PRECISE,96h ISP2,Contamination,20/12/2023,in-house,PAIRED,ILLUMINA,390_R1_001.fastq.gz,390_R2_001.fastq.gz,FALSE,control
397-120hISP2,397-120hISP2,J1074,PRECISE,120h ISP2,Contamination,20/12/2023,in-house,PAIRED,ILLUMINA,397_R1_001.fastq.gz,397_R2_001.fastq.gz,FALSE,control
398-120hISP2,398-120hISP2,J1074,PRECISE,120h ISP2,Contamination,20/12/2023,in-house,PAIRED,ILLUMINA,398_R1_001.fastq.gz,398_R2_001.fastq.gz,FALSE,control
406-ISP2pH8,406-ISP2pH8,J1074,PRECISE,ISP2 pH 8,Contamination,20/12/2023,in-house,PAIRED,ILLUMINA,406_R1_001.fastq.gz,406_R2_001.fastq.gz,FALSE,control
407-ISP2pH8,407-ISP2pH8,J1074,PRECISE,ISP2 pH 8,Contamination,20/12/2023,in-house,PAIRED,ILLUMINA,407_R1_001.fastq.gz,407_R2_001.fastq.gz,FALSE,control
411-Mannose,411-Mannose,J1074,PRECISE,Mannose,Contamination,20/12/2023,in-house,PAIRED,ILLUMINA,411_R1_001.fastq.gz,411_R2_001.fastq.gz,FALSE,control
412-Mannose,412-Mannose,J1074,PRECISE,Mannose,Contamination,20/12/2023,in-house,PAIRED,ILLUMINA,412_R1_001.fastq.gz,412_R2_001.fastq.gz,FALSE,control
415-Ribose,415-Ribose,J1074,PRECISE,Ribose,Contamination,20/12/2023,in-house,PAIRED,ILLUMINA,415_R1_001.fastq.gz,415_R2_001.fastq.gz,FALSE,control
416-Ribose,416-Ribose,J1074,PRECISE,Ribose,Contamination,20/12/2023,in-house,PAIRED,ILLUMINA,416_R1_001.fastq.gz,416_R2_001.fastq.gz,FALSE,control
421-Valine,421-Valine,J1074,PRECISE,Valine,Contamination,20/12/2023,in-house,PAIRED,ILLUMINA,421_R1_001.fastq.gz,421_R2_001.fastq.gz,FALSE,control
424-Valine,424-Valine,J1074,PRECISE,Valine,Contamination,20/12/2023,in-house,PAIRED,ILLUMINA,424_R1_001.fastq.gz,424_R2_001.fastq.gz,FALSE,control
425-Proline,425-Proline,J1074,PRECISE,Proline,Contamination,20/12/2023,in-house,PAIRED,ILLUMINA,425_R1_001.fastq.gz,425_R2_001.fastq.gz,FALSE,control
426-Proline,426-Proline,J1074,PRECISE,Proline,Contamination,20/12/2023,in-house,PAIRED,ILLUMINA,426_R1_001.fastq.gz,426_R2_001.fastq.gz,FALSE,control
443-MSGpH9,443-MSGpH9,J1074,PRECISE,MSG pH9,Contamination,20/12/2023,in-house,PAIRED,ILLUMINA,443_R1_001.fastq.gz,443_R2_001.fastq.gz,FALSE,control
450-MSGpH9,450-MSGpH9,J1074,PRECISE,MSG pH9,Contamination,20/12/2023,in-house,PAIRED,ILLUMINA,450_R1_001.fastq.gz,450_R2_001.fastq.gz,FALSE,control
467-Arabinose,467-Arabinose,J1074,PRECISE,Arabinose,Contamination,20/12/2023,in-house,PAIRED,ILLUMINA,467_R1_001.fastq.gz,467_R2_001.fastq.gz,FALSE,control
468-Arabinose,468-Arabinose,J1074,PRECISE,Arabinose,Contamination,20/12/2023,in-house,PAIRED,ILLUMINA,468_R1_001.fastq.gz,468_R2_001.fastq.gz,FALSE,control