	sample_id	strain	project	condition	notes	run	ReleaseDate	Type	sequencing_run	LibraryLayout	Platform	R1	R2	skip	reference_condition	passed_fastqc	passed_contamination_check	passed_reads_mapped_to_CDS	passed_global_correlation	full_name	passed_replicate_correlations
138-Dcellobiose	138-Dcellobiose	J1074	PRECISE	D-cellobiose	sample_id: (carbon source)-(biological replicate id)(technical replicate id)		20/12/2023	in-house	run_03	PAIRED	ILLUMINA	/home/nilmat/reads/streptsd/ready/azenta_run_03/138_R1_001.fastq.gz	/home/nilmat/reads/streptsd/ready/azenta_run_03/138_R2_001.fastq.gz	False	control	True	True	True	True	PRECISE:D-cellobiose	True
140-Dcellobiose	140-Dcellobiose	J1074	PRECISE	D-cellobiose	sample_id: (carbon source)-(biological replicate id)(technical replicate id)		20/12/2023	in-house	run_03	PAIRED	ILLUMINA	/home/nilmat/reads/streptsd/ready/azenta_run_03/140_R1_001.fastq.gz	/home/nilmat/reads/streptsd/ready/azenta_run_03/140_R2_001.fastq.gz	False	control	True	True	True	True	PRECISE:D-cellobiose	True
149-LAlanine	149-LAlanine	J1074	PRECISE	L-Alanine	sample_id: (carbon source)-(biological replicate id)(technical replicate id)		20/12/2023	in-house	run_03	PAIRED	ILLUMINA	/home/nilmat/reads/streptsd/ready/azenta_run_03/149_R1_001.fastq.gz	/home/nilmat/reads/streptsd/ready/azenta_run_03/149_R2_001.fastq.gz	False	control	True	True	True	True	PRECISE:L-Alanine	True
150-LAlanine	150-LAlanine	J1074	PRECISE	L-Alanine	sample_id: (carbon source)-(biological replicate id)(technical replicate id)		20/12/2023	in-house	run_03	PAIRED	ILLUMINA	/home/nilmat/reads/streptsd/ready/azenta_run_03/150_R1_001.fastq.gz	/home/nilmat/reads/streptsd/ready/azenta_run_03/150_R2_001.fastq.gz	False	control	True	True	True	True	PRECISE:L-Alanine	True
155-Glucose	155-Glucose	J1074	PRECISE	Glucose	sample_id: (carbon source)-(biological replicate id)(technical replicate id)		20/12/2023	in-house	run_03	PAIRED	ILLUMINA	/home/nilmat/reads/streptsd/ready/azenta_run_03/155_R1_001.fastq.gz	/home/nilmat/reads/streptsd/ready/azenta_run_03/155_R2_001.fastq.gz	False	control	True	True	True	True	PRECISE:Glucose	True
156-Glucose	156-Glucose	J1074	PRECISE	Glucose	sample_id: (carbon source)-(biological replicate id)(technical replicate id)		20/12/2023	in-house	run_03	PAIRED	ILLUMINA	/home/nilmat/reads/streptsd/ready/azenta_run_03/156_R1_001.fastq.gz	/home/nilmat/reads/streptsd/ready/azenta_run_03/156_R2_001.fastq.gz	False	control	True	True	True	True	PRECISE:Glucose	True
159-Xylose	159-Xylose	J1074	PRECISE	Xylose	sample_id: (carbon source)-(biological replicate id)(technical replicate id)		20/12/2023	in-house	run_03	PAIRED	ILLUMINA	/home/nilmat/reads/streptsd/ready/azenta_run_03/159_R1_001.fastq.gz	/home/nilmat/reads/streptsd/ready/azenta_run_03/159_R2_001.fastq.gz	False	control	True	True	True	True	PRECISE:Xylose	True
160-Xylose	160-Xylose	J1074	PRECISE	Xylose	sample_id: (carbon source)-(biological replicate id)(technical replicate id)		20/12/2023	in-house	run_03	PAIRED	ILLUMINA	/home/nilmat/reads/streptsd/ready/azenta_run_03/160_R1_001.fastq.gz	/home/nilmat/reads/streptsd/ready/azenta_run_03/160_R2_001.fastq.gz	False	control	True	True	True	True	PRECISE:Xylose	True
165-ISP22	165-ISP22	J1074	PRECISE	ISP2 2% NaCl	sample_id: (carbon source)-(biological replicate id)(technical replicate id)		20/12/2023	in-house	run_03	PAIRED	ILLUMINA	/home/nilmat/reads/streptsd/ready/azenta_run_03/165_R1_001.fastq.gz	/home/nilmat/reads/streptsd/ready/azenta_run_03/165_R2_001.fastq.gz	False	control	True	True	True	True	PRECISE:ISP2 2% NaCl	True
167-ISP22	167-ISP22	J1074	PRECISE	ISP2 2% NaCl	sample_id: (carbon source)-(biological replicate id)(technical replicate id)		20/12/2023	in-house	run_03	PAIRED	ILLUMINA	/home/nilmat/reads/streptsd/ready/azenta_run_03/167_R1_001.fastq.gz	/home/nilmat/reads/streptsd/ready/azenta_run_03/167_R2_001.fastq.gz	False	control	True	True	True	True	PRECISE:ISP2 2% NaCl	True
170-ISP23	170-ISP23	J1074	PRECISE	ISP2 3% NaCl	sample_id: (carbon source)-(biological replicate id)(technical replicate id)		20/12/2023	in-house	run_03	PAIRED	ILLUMINA	/home/nilmat/reads/streptsd/ready/azenta_run_03/170_R1_001.fastq.gz	/home/nilmat/reads/streptsd/ready/azenta_run_03/170_R2_001.fastq.gz	False	control	True	True	True	True	PRECISE:ISP2 3% NaCl	True
171-ISP23	171-ISP23	J1074	PRECISE	ISP2 3% NaCl	sample_id: (carbon source)-(biological replicate id)(technical replicate id)		20/12/2023	in-house	run_03	PAIRED	ILLUMINA	/home/nilmat/reads/streptsd/ready/azenta_run_03/171_R1_001.fastq.gz	/home/nilmat/reads/streptsd/ready/azenta_run_03/171_R2_001.fastq.gz	False	control	True	True	True	True	PRECISE:ISP2 3% NaCl	True
173-MSG1	173-MSG1	J1074	PRECISE	MSG 1%NaCl	sample_id: (carbon source)-(biological replicate id)(technical replicate id)		20/12/2023	in-house	run_03	PAIRED	ILLUMINA	/home/nilmat/reads/streptsd/ready/azenta_run_03/173_R1_001.fastq.gz	/home/nilmat/reads/streptsd/ready/azenta_run_03/173_R2_001.fastq.gz	False	control	True	True	True	True	PRECISE:MSG 1%NaCl	True
174-MSG1	174-MSG1	J1074	PRECISE	MSG 1%NaCl	sample_id: (carbon source)-(biological replicate id)(technical replicate id)		20/12/2023	in-house	run_03	PAIRED	ILLUMINA	/home/nilmat/reads/streptsd/ready/azenta_run_03/174_R1_001.fastq.gz	/home/nilmat/reads/streptsd/ready/azenta_run_03/174_R2_001.fastq.gz	False	control	True	True	True	True	PRECISE:MSG 1%NaCl	True
179-MSG2	179-MSG2	J1074	PRECISE	MSG 2%NaCl	sample_id: (carbon source)-(biological replicate id)(technical replicate id)		20/12/2023	in-house	run_03	PAIRED	ILLUMINA	/home/nilmat/reads/streptsd/ready/azenta_run_03/179_R1_001.fastq.gz	/home/nilmat/reads/streptsd/ready/azenta_run_03/179_R2_001.fastq.gz	False	control	True	True	True	True	PRECISE:MSG 2%NaCl	True
180-MSG2	180-MSG2	J1074	PRECISE	MSG 2%NaCl	sample_id: (carbon source)-(biological replicate id)(technical replicate id)		20/12/2023	in-house	run_03	PAIRED	ILLUMINA	/home/nilmat/reads/streptsd/ready/azenta_run_03/180_R1_001.fastq.gz	/home/nilmat/reads/streptsd/ready/azenta_run_03/180_R2_001.fastq.gz	False	control	True	True	True	True	PRECISE:MSG 2%NaCl	True
182-MSG3	182-MSG3	J1074	PRECISE	MSG 3% NaCl	sample_id: (carbon source)-(biological replicate id)(technical replicate id)		20/12/2023	in-house	run_03	PAIRED	ILLUMINA	/home/nilmat/reads/streptsd/ready/azenta_run_03/182_R1_001.fastq.gz	/home/nilmat/reads/streptsd/ready/azenta_run_03/182_R2_001.fastq.gz	False	control	True	True	True	True	PRECISE:MSG 3% NaCl	True
184-MSG3	184-MSG3	J1074	PRECISE	MSG 3% NaCl	sample_id: (carbon source)-(biological replicate id)(technical replicate id)		20/12/2023	in-house	run_03	PAIRED	ILLUMINA	/home/nilmat/reads/streptsd/ready/azenta_run_03/184_R1_001.fastq.gz	/home/nilmat/reads/streptsd/ready/azenta_run_03/184_R2_001.fastq.gz	False	control	True	True	True	True	PRECISE:MSG 3% NaCl	True
205-Tween20	205-Tween20	J1074	PRECISE	Tween 20	sample_id: (carbon source)-(biological replicate id)(technical replicate id)		20/12/2023	in-house	run_03	PAIRED	ILLUMINA	/home/nilmat/reads/streptsd/ready/azenta_run_03/205_R1_001.fastq.gz	/home/nilmat/reads/streptsd/ready/azenta_run_03/205_R2_001.fastq.gz	False	control	True	True	True	True	PRECISE:Tween 20	True
207-Tween20	207-Tween20	J1074	PRECISE	Tween 20	sample_id: (carbon source)-(biological replicate id)(technical replicate id)		20/12/2023	in-house	run_03	PAIRED	ILLUMINA	/home/nilmat/reads/streptsd/ready/azenta_run_03/207_R1_001.fastq.gz	/home/nilmat/reads/streptsd/ready/azenta_run_03/207_R2_001.fastq.gz	False	control	True	True	True	True	PRECISE:Tween 20	True
210-Lthreonine	210-Lthreonine	J1074	PRECISE	L-threonine	sample_id: (carbon source)-(biological replicate id)(technical replicate id)		20/12/2023	in-house	run_03	PAIRED	ILLUMINA	/home/nilmat/reads/streptsd/ready/azenta_run_03/210_R1_001.fastq.gz	/home/nilmat/reads/streptsd/ready/azenta_run_03/210_R2_001.fastq.gz	False	control	True	True	True	True	PRECISE:L-threonine	True
211-Lthreonine	211-Lthreonine	J1074	PRECISE	L-threonine	sample_id: (carbon source)-(biological replicate id)(technical replicate id)		20/12/2023	in-house	run_03	PAIRED	ILLUMINA	/home/nilmat/reads/streptsd/ready/azenta_run_03/211_R1_001.fastq.gz	/home/nilmat/reads/streptsd/ready/azenta_run_03/211_R2_001.fastq.gz	False	control	True	True	True	True	PRECISE:L-threonine	True
241-Tween80	241-Tween80	J1074	PRECISE	Tween 80	sample_id: (carbon source)-(biological replicate id)(technical replicate id)		20/12/2023	in-house	run_03	PAIRED	ILLUMINA	/home/nilmat/reads/streptsd/ready/azenta_run_03/241_R1_001.fastq.gz	/home/nilmat/reads/streptsd/ready/azenta_run_03/241_R2_001.fastq.gz	False	control	True	True	True	True	PRECISE:Tween 80	True
242-Tween80	242-Tween80	J1074	PRECISE	Tween 80	sample_id: (carbon source)-(biological replicate id)(technical replicate id)		20/12/2023	in-house	run_03	PAIRED	ILLUMINA	/home/nilmat/reads/streptsd/ready/azenta_run_03/242_R1_001.fastq.gz	/home/nilmat/reads/streptsd/ready/azenta_run_03/242_R2_001.fastq.gz	False	control	True	True	True	True	PRECISE:Tween 80	True
253-Fructose	253-Fructose	J1074	PRECISE	Fructose	sample_id: (carbon source)-(biological replicate id)(technical replicate id)		20/12/2023	in-house	run_03	PAIRED	ILLUMINA	/home/nilmat/reads/streptsd/ready/azenta_run_03/253_R1_001.fastq.gz	/home/nilmat/reads/streptsd/ready/azenta_run_03/253_R2_001.fastq.gz	False	control	True	True	True	True	PRECISE:Fructose	True
255-Fructose	255-Fructose	J1074	PRECISE	Fructose	sample_id: (carbon source)-(biological replicate id)(technical replicate id)		20/12/2023	in-house	run_03	PAIRED	ILLUMINA	/home/nilmat/reads/streptsd/ready/azenta_run_03/255_R1_001.fastq.gz	/home/nilmat/reads/streptsd/ready/azenta_run_03/255_R2_001.fastq.gz	False	control	True	True	True	True	PRECISE:Fructose	True
282-Sucrose	282-Sucrose	J1074	PRECISE	Sucrose	sample_id: (carbon source)-(biological replicate id)(technical replicate id)		20/12/2023	in-house	run_03	PAIRED	ILLUMINA	/home/nilmat/reads/streptsd/ready/azenta_run_03/282_R1_001.fastq.gz	/home/nilmat/reads/streptsd/ready/azenta_run_03/282_R2_001.fastq.gz	False	control	True	True	True	True	PRECISE:Sucrose	True
283-Sucrose	283-Sucrose	J1074	PRECISE	Sucrose	sample_id: (carbon source)-(biological replicate id)(technical replicate id)		20/12/2023	in-house	run_03	PAIRED	ILLUMINA	/home/nilmat/reads/streptsd/ready/azenta_run_03/283_R1_001.fastq.gz	/home/nilmat/reads/streptsd/ready/azenta_run_03/283_R2_001.fastq.gz	False	control	True	True	True	True	PRECISE:Sucrose	True
289-Starch	289-Starch	J1074	PRECISE	Starch	sample_id: (carbon source)-(biological replicate id)(technical replicate id)		20/12/2023	in-house	run_03	PAIRED	ILLUMINA	/home/nilmat/reads/streptsd/ready/azenta_run_03/289_R1_001.fastq.gz	/home/nilmat/reads/streptsd/ready/azenta_run_03/289_R2_001.fastq.gz	False	control	True	True	True	True	PRECISE:Starch	True
29-Asparagine	29-Asparagine	J1074	PRECISE	Asparagine	sample_id: (carbon source)-(biological replicate id)(technical replicate id)		20/12/2023	in-house	run_03	PAIRED	ILLUMINA	/home/nilmat/reads/streptsd/ready/azenta_run_03/29_R1_001.fastq.gz	/home/nilmat/reads/streptsd/ready/azenta_run_03/29_R2_001.fastq.gz	False	control	True	True	True	True	PRECISE:Asparagine	True
290-Starch	290-Starch	J1074	PRECISE	Starch	sample_id: (carbon source)-(biological replicate id)(technical replicate id)		20/12/2023	in-house	run_03	PAIRED	ILLUMINA	/home/nilmat/reads/streptsd/ready/azenta_run_03/290_R1_001.fastq.gz	/home/nilmat/reads/streptsd/ready/azenta_run_03/290_R2_001.fastq.gz	False	control	True	True	True	True	PRECISE:Starch	True
298-MSG20C	298-MSG20C	J1074	PRECISE	MSG 20C	sample_id: (carbon source)-(biological replicate id)(technical replicate id)		20/12/2023	in-house	run_03	PAIRED	ILLUMINA	/home/nilmat/reads/streptsd/ready/azenta_run_03/298_R1_001.fastq.gz	/home/nilmat/reads/streptsd/ready/azenta_run_03/298_R2_001.fastq.gz	False	control	True	True	True	True	PRECISE:MSG 20C	True
299-MSG20C	299-MSG20C	J1074	PRECISE	MSG 20C	sample_id: (carbon source)-(biological replicate id)(technical replicate id)		20/12/2023	in-house	run_03	PAIRED	ILLUMINA	/home/nilmat/reads/streptsd/ready/azenta_run_03/299_R1_001.fastq.gz	/home/nilmat/reads/streptsd/ready/azenta_run_03/299_R2_001.fastq.gz	False	control	True	True	True	True	PRECISE:MSG 20C	True
30-Asparagine	30-Asparagine	J1074	PRECISE	Asparagine	sample_id: (carbon source)-(biological replicate id)(technical replicate id)		20/12/2023	in-house	run_03	PAIRED	ILLUMINA	/home/nilmat/reads/streptsd/ready/azenta_run_03/30_R1_001.fastq.gz	/home/nilmat/reads/streptsd/ready/azenta_run_03/30_R2_001.fastq.gz	False	control	True	True	True	True	PRECISE:Asparagine	True
301-MSG5	301-MSG5	J1074	PRECISE	MSG 5% NaCl	sample_id: (carbon source)-(biological replicate id)(technical replicate id)		20/12/2023	in-house	run_03	PAIRED	ILLUMINA	/home/nilmat/reads/streptsd/ready/azenta_run_03/301_R1_001.fastq.gz	/home/nilmat/reads/streptsd/ready/azenta_run_03/301_R2_001.fastq.gz	False	control	True	True	True	True	PRECISE:MSG 5% NaCl	True
325-MSG7	325-MSG7	J1074	PRECISE	MSG 7% NaCl	sample_id: (carbon source)-(biological replicate id)(technical replicate id)		20/12/2023	in-house	run_03	PAIRED	ILLUMINA	/home/nilmat/reads/streptsd/ready/azenta_run_03/325_R1_001.fastq.gz	/home/nilmat/reads/streptsd/ready/azenta_run_03/325_R2_001.fastq.gz	False	control	True	True	True	True	PRECISE:MSG 7% NaCl	True
326-MSG7	326-MSG7	J1074	PRECISE	MSG 7% NaCl	sample_id: (carbon source)-(biological replicate id)(technical replicate id)		20/12/2023	in-house	run_03	PAIRED	ILLUMINA	/home/nilmat/reads/streptsd/ready/azenta_run_03/326_R1_001.fastq.gz	/home/nilmat/reads/streptsd/ready/azenta_run_03/326_R2_001.fastq.gz	False	control	True	True	True	True	PRECISE:MSG 7% NaCl	True
329-MSGpH6	329-MSGpH6	J1074	PRECISE	MSG pH6	sample_id: (carbon source)-(biological replicate id)(technical replicate id)		20/12/2023	in-house	run_03	PAIRED	ILLUMINA	/home/nilmat/reads/streptsd/ready/azenta_run_03/329_R1_001.fastq.gz	/home/nilmat/reads/streptsd/ready/azenta_run_03/329_R2_001.fastq.gz	False	control	True	True	True	True	PRECISE:MSG pH6	True
330-MSGpH6	330-MSGpH6	J1074	PRECISE	MSG pH6	sample_id: (carbon source)-(biological replicate id)(technical replicate id)		20/12/2023	in-house	run_03	PAIRED	ILLUMINA	/home/nilmat/reads/streptsd/ready/azenta_run_03/330_R1_001.fastq.gz	/home/nilmat/reads/streptsd/ready/azenta_run_03/330_R2_001.fastq.gz	False	control	True	True	True	True	PRECISE:MSG pH6	True
333-DNPM	333-DNPM	J1074	PRECISE	DNPM	sample_id: (carbon source)-(biological replicate id)(technical replicate id)		20/12/2023	in-house	run_03	PAIRED	ILLUMINA	/home/nilmat/reads/streptsd/ready/azenta_run_03/333_R1_001.fastq.gz	/home/nilmat/reads/streptsd/ready/azenta_run_03/333_R2_001.fastq.gz	False	control	True	True	True	True	PRECISE:DNPM	True
334-DNPM	334-DNPM	J1074	PRECISE	DNPM	sample_id: (carbon source)-(biological replicate id)(technical replicate id)		20/12/2023	in-house	run_03	PAIRED	ILLUMINA	/home/nilmat/reads/streptsd/ready/azenta_run_03/334_R1_001.fastq.gz	/home/nilmat/reads/streptsd/ready/azenta_run_03/334_R2_001.fastq.gz	False	control	True	True	True	True	PRECISE:DNPM	True
353-24hISP2	353-24hISP2	J1074	PRECISE	24h ISP2	sample_id: (carbon source)-(biological replicate id)(technical replicate id)		20/12/2023	in-house	run_03	PAIRED	ILLUMINA	/home/nilmat/reads/streptsd/ready/azenta_run_03/353_R1_001.fastq.gz	/home/nilmat/reads/streptsd/ready/azenta_run_03/353_R2_001.fastq.gz	False	control	True	True	True	True	PRECISE:24h ISP2	True
354-24hISP2	354-24hISP2	J1074	PRECISE	24h ISP2	sample_id: (carbon source)-(biological replicate id)(technical replicate id)		20/12/2023	in-house	run_03	PAIRED	ILLUMINA	/home/nilmat/reads/streptsd/ready/azenta_run_03/354_R1_001.fastq.gz	/home/nilmat/reads/streptsd/ready/azenta_run_03/354_R2_001.fastq.gz	False	control	True	True	True	True	PRECISE:24h ISP2	True
358-24hMSG	358-24hMSG	J1074	PRECISE	24h MSG	sample_id: (carbon source)-(biological replicate id)(technical replicate id)		20/12/2023	in-house	run_03	PAIRED	ILLUMINA	/home/nilmat/reads/streptsd/ready/azenta_run_03/358_R1_001.fastq.gz	/home/nilmat/reads/streptsd/ready/azenta_run_03/358_R2_001.fastq.gz	False	control	True	True	True	True	PRECISE:24h MSG	True
359-24hMSG	359-24hMSG	J1074	PRECISE	24h MSG	sample_id: (carbon source)-(biological replicate id)(technical replicate id)		20/12/2023	in-house	run_03	PAIRED	ILLUMINA	/home/nilmat/reads/streptsd/ready/azenta_run_03/359_R1_001.fastq.gz	/home/nilmat/reads/streptsd/ready/azenta_run_03/359_R2_001.fastq.gz	False	control	True	True	True	True	PRECISE:24h MSG	True
360-24hMSG	360-24hMSG	J1074	PRECISE	24h MSG	sample_id: (carbon source)-(biological replicate id)(technical replicate id)		20/12/2023	in-house	run_03	PAIRED	ILLUMINA	/home/nilmat/reads/streptsd/ready/azenta_run_03/360_R1_001.fastq.gz	/home/nilmat/reads/streptsd/ready/azenta_run_03/360_R2_001.fastq.gz	False	control	True	True	True	True	PRECISE:24h MSG	True
365-48hISP2	365-48hISP2	J1074	PRECISE	48h ISP2	sample_id: (carbon source)-(biological replicate id)(technical replicate id)		20/12/2023	in-house	run_03	PAIRED	ILLUMINA	/home/nilmat/reads/streptsd/ready/azenta_run_03/365_R1_001.fastq.gz	/home/nilmat/reads/streptsd/ready/azenta_run_03/365_R2_001.fastq.gz	False	control	True	True	True	True	PRECISE:48h ISP2	True
366-48hISP2	366-48hISP2	J1074	PRECISE	48h ISP2	sample_id: (carbon source)-(biological replicate id)(technical replicate id)		20/12/2023	in-house	run_03	PAIRED	ILLUMINA	/home/nilmat/reads/streptsd/ready/azenta_run_03/366_R1_001.fastq.gz	/home/nilmat/reads/streptsd/ready/azenta_run_03/366_R2_001.fastq.gz	False	control	True	True	True	True	PRECISE:48h ISP2	True
370-48hMSG	370-48hMSG	J1074	PRECISE	48h MSG	sample_id: (carbon source)-(biological replicate id)(technical replicate id)		20/12/2023	in-house	run_03	PAIRED	ILLUMINA	/home/nilmat/reads/streptsd/ready/azenta_run_03/370_R1_001.fastq.gz	/home/nilmat/reads/streptsd/ready/azenta_run_03/370_R2_001.fastq.gz	False	control	True	True	True	True	PRECISE:48h MSG	True
371-48hMSG	371-48hMSG	J1074	PRECISE	48h MSG	sample_id: (carbon source)-(biological replicate id)(technical replicate id)		20/12/2023	in-house	run_03	PAIRED	ILLUMINA	/home/nilmat/reads/streptsd/ready/azenta_run_03/371_R1_001.fastq.gz	/home/nilmat/reads/streptsd/ready/azenta_run_03/371_R2_001.fastq.gz	False	control	True	True	True	True	PRECISE:48h MSG	True
372-48hMSG	372-48hMSG	J1074	PRECISE	48h MSG	sample_id: (carbon source)-(biological replicate id)(technical replicate id)		20/12/2023	in-house	run_03	PAIRED	ILLUMINA	/home/nilmat/reads/streptsd/ready/azenta_run_03/372_R1_001.fastq.gz	/home/nilmat/reads/streptsd/ready/azenta_run_03/372_R2_001.fastq.gz	False	control	True	True	True	True	PRECISE:48h MSG	True
382-72hMSG	382-72hMSG	J1074	PRECISE	72h MSG	sample_id: (carbon source)-(biological replicate id)(technical replicate id)		20/12/2023	in-house	run_03	PAIRED	ILLUMINA	/home/nilmat/reads/streptsd/ready/azenta_run_03/382_R1_001.fastq.gz	/home/nilmat/reads/streptsd/ready/azenta_run_03/382_R2_001.fastq.gz	False	control	True	True	True	True	PRECISE:72h MSG	True
383-72hMSG	383-72hMSG	J1074	PRECISE	72h MSG	sample_id: (carbon source)-(biological replicate id)(technical replicate id)		20/12/2023	in-house	run_03	PAIRED	ILLUMINA	/home/nilmat/reads/streptsd/ready/azenta_run_03/383_R1_001.fastq.gz	/home/nilmat/reads/streptsd/ready/azenta_run_03/383_R2_001.fastq.gz	False	control	True	True	True	True	PRECISE:72h MSG	True
384-72hMSG	384-72hMSG	J1074	PRECISE	72h MSG	sample_id: (carbon source)-(biological replicate id)(technical replicate id)		20/12/2023	in-house	run_03	PAIRED	ILLUMINA	/home/nilmat/reads/streptsd/ready/azenta_run_03/384_R1_001.fastq.gz	/home/nilmat/reads/streptsd/ready/azenta_run_03/384_R2_001.fastq.gz	False	control	True	True	True	True	PRECISE:72h MSG	True
459-Lhistidine	459-Lhistidine	J1074	PRECISE	L-histidine	sample_id: (carbon source)-(biological replicate id)(technical replicate id)		20/12/2023	in-house	run_03	PAIRED	ILLUMINA	/home/nilmat/reads/streptsd/ready/azenta_run_03/459_R1_001.fastq.gz	/home/nilmat/reads/streptsd/ready/azenta_run_03/459_R2_001.fastq.gz	False	control	True	True	True	True	PRECISE:L-histidine	True
460-Lhistidine	460-Lhistidine	J1074	PRECISE	L-histidine	sample_id: (carbon source)-(biological replicate id)(technical replicate id)		20/12/2023	in-house	run_03	PAIRED	ILLUMINA	/home/nilmat/reads/streptsd/ready/azenta_run_03/460_R1_001.fastq.gz	/home/nilmat/reads/streptsd/ready/azenta_run_03/460_R2_001.fastq.gz	False	control	True	True	True	True	PRECISE:L-histidine	True
Control1-MSG	Control1-MSG	J1074	PRECISE	control	sample_id: (carbon source)-(biological replicate id)(technical replicate id)		20/12/2023	in-house	run_03	PAIRED	ILLUMINA	/home/nilmat/reads/streptsd/ready/azenta_run_03/Control-1_R1_001.fastq.gz	/home/nilmat/reads/streptsd/ready/azenta_run_03/Control-1_R2_001.fastq.gz	False	control	True	True	True	True	PRECISE:control	True
Control2-MSG	Control2-MSG	J1074	PRECISE	control	sample_id: (carbon source)-(biological replicate id)(technical replicate id)		20/12/2023	in-house	run_03	PAIRED	ILLUMINA	/home/nilmat/reads/streptsd/ready/azenta_run_03/Control-2_R1_001.fastq.gz	/home/nilmat/reads/streptsd/ready/azenta_run_03/Control-2_R2_001.fastq.gz	False	control	True	True	True	True	PRECISE:control	True
L-galactose-1	L-galactose-1	J1074	azenta trial	L-galactose	"Samples were mistakenly labelled ""L-glutamate"". L-galactose is the carbon source."		20/12/2023	in-house	run_01_02__merged_azenta	PAIRED	ILLUMINA	/home/nimat/reads/streptsd/ready/merged_L-glutamate-1_R1_001.fastq.gz	/home/nilmat/reads/streptsd/ready/merged_L-glutamate-1_R2_001.fastq.gz	False	Monosodium glutamate	True	True	True	True	azenta trial:L-galactose	True
L-galactose-2	L-galactose-2	J1074	azenta trial	L-galactose	"Samples were mistakenly labelled ""L-glutamate"". L-galactose is the carbon source."		20/12/2023	in-house	run_01_02__merged_azenta	PAIRED	ILLUMINA	/home/nilmat/reads/streptsd/ready/merged_L-glutamate-2_R1_001.fastq.gz	/home/nilmat/reads/streptsd/ready/merged_L-glutamate-2_R2_001.fastq.gz	False	Monosodium glutamate	True	True	True	True	azenta trial:L-galactose	True
MSG-1A	MSG-1A	J1074	azenta trial	Monosodium glutamate	sample_id: (carbon source)-(biological replicate id)(technical replicate id)		20/12/2023	in-house	run_01_02__merged_azenta	PAIRED	ILLUMINA	/home/nilmat/reads/streptsd/ready/merged_MSG-1A_R1_001.fastq.gz	/home/nilmat/reads/streptsd/ready/merged_MSG-1A_R2_001.fastq.gz	False	Monosodium glutamate	True	True	True	True	azenta trial:Monosodium glutamate	True
MSG-1B	MSG-1B	J1074	azenta trial	Monosodium glutamate	sample_id: (carbon source)-(biological replicate id)(technical replicate id)		20/12/2023	in-house	run_01_02__merged_azenta	PAIRED	ILLUMINA	/home/nilmat/reads/streptsd/ready/merged_MSG-1B_R1_001.fastq.gz	/home/nilmat/reads/streptsd/ready/merged_MSG-1B_R2_001.fastq.gz	False	Monosodium glutamate	True	True	True	True	azenta trial:Monosodium glutamate	True
MSG-2A	MSG-2A	J1074	azenta trial	Monosodium glutamate	sample_id: (carbon source)-(biological replicate id)(technical replicate id)		20/12/2023	in-house	run_01_02__merged_azenta	PAIRED	ILLUMINA	/home/nilmat/reads/streptsd/ready/merged_MSG-2A_R1_001.fastq.gz	/home/nilmat/reads/streptsd/ready/merged_MSG-2A_R2_001.fastq.gz	False	Monosodium glutamate	True	True	True	True	azenta trial:Monosodium glutamate	True
MSG-2B	MSG-2B	J1074	azenta trial	Monosodium glutamate	sample_id: (carbon source)-(biological replicate id)(technical replicate id)		20/12/2023	in-house	run_01_02__merged_azenta	PAIRED	ILLUMINA	/home/nilmat/reads/streptsd/ready/merged_MSG-2B_R1_001.fastq.gz	/home/nilmat/reads/streptsd/ready/merged_MSG-2B_R2_001.fastq.gz	False	Monosodium glutamate	True	True	True	True	azenta trial:Monosodium glutamate	True
575-Mannose	575-Mannose	J1074	PRECISE	Mannose	sample_id: (carbon source)-(biological replicate id)(technical replicate id)		20/12/2023	in-house	rerun	PAIRED	ILLUMINA	/home/nilmat/reads/streptsd/ready/azenta_aug2023/575_R1_001.fastq.gz	/home/nilmat/reads/streptsd/ready/azenta_aug2023/575_R2_001.fastq.gz	False	control	True	True	True	True	PRECISE:Mannose	True
576-Mannose	576-Mannose	J1074	PRECISE	Mannose	sample_id: (carbon source)-(biological replicate id)(technical replicate id)		20/12/2023	in-house	rerun	PAIRED	ILLUMINA	/home/nilmat/reads/streptsd/ready/azenta_aug2023/576_R1_001.fastq.gz	/home/nilmat/reads/streptsd/ready/azenta_aug2023/576_R2_001.fastq.gz	False	control	True	True	True	True	PRECISE:Mannose	True
579-ISP220C	579-ISP220C	J1074	PRECISE	ISP2 20C	sample_id: (carbon source)-(biological replicate id)(technical replicate id)		20/12/2023	in-house	rerun	PAIRED	ILLUMINA	/home/nilmat/reads/streptsd/ready/azenta_aug2023/579_R1_001.fastq.gz	/home/nilmat/reads/streptsd/ready/azenta_aug2023/579_R2_001.fastq.gz	False	control	True	True	True	True	PRECISE:ISP2 20C	True
580-ISP220C	580-ISP220C	J1074	PRECISE	ISP2 20C	sample_id: (carbon source)-(biological replicate id)(technical replicate id)		20/12/2023	in-house	rerun	PAIRED	ILLUMINA	/home/nilmat/reads/streptsd/ready/azenta_aug2023/580_R1_001.fastq.gz	/home/nilmat/reads/streptsd/ready/azenta_aug2023/580_R2_001.fastq.gz	False	control	True	True	True	True	PRECISE:ISP2 20C	True
587-MSGpH9	587-MSGpH9	J1074	PRECISE	MSG pH 9	sample_id: (carbon source)-(biological replicate id)(technical replicate id)		20/12/2023	in-house	rerun	PAIRED	ILLUMINA	/home/nilmat/reads/streptsd/ready/azenta_aug2023/587_R1_001.fastq.gz	/home/nilmat/reads/streptsd/ready/azenta_aug2023/587_R2_001.fastq.gz	False	control	True	True	True	True	PRECISE:MSG pH 9	True
589-MSGpH9	589-MSGpH9	J1074	PRECISE	MSG pH 9	sample_id: (carbon source)-(biological replicate id)(technical replicate id)		20/12/2023	in-house	rerun	PAIRED	ILLUMINA	/home/nilmat/reads/streptsd/ready/azenta_aug2023/589_R1_001.fastq.gz	/home/nilmat/reads/streptsd/ready/azenta_aug2023/589_R2_001.fastq.gz	False	control	True	True	True	True	PRECISE:MSG pH 9	True
590-ISP2pH9	590-ISP2pH9	J1074	PRECISE	ISP2 pH 9	sample_id: (carbon source)-(biological replicate id)(technical replicate id)		20/12/2023	in-house	rerun	PAIRED	ILLUMINA	/home/nilmat/reads/streptsd/ready/azenta_aug2023/590_R1_001.fastq.gz	/home/nilmat/reads/streptsd/ready/azenta_aug2023/590_R2_001.fastq.gz	False	control	True	True	True	True	PRECISE:ISP2 pH 9	True
591-ISP2pH9	591-ISP2pH9	J1074	PRECISE	ISP2 pH 9	sample_id: (carbon source)-(biological replicate id)(technical replicate id)		20/12/2023	in-house	rerun	PAIRED	ILLUMINA	/home/nilmat/reads/streptsd/ready/azenta_aug2023/591_R1_001.fastq.gz	/home/nilmat/reads/streptsd/ready/azenta_aug2023/591_R2_001.fastq.gz	False	control	True	True	True	True	PRECISE:ISP2 pH 9	True
594-ISP25NaCl	594-ISP25NaCl	J1074	PRECISE	ISP2 5% NaCl	sample_id: (carbon source)-(biological replicate id)(technical replicate id)		20/12/2023	in-house	rerun	PAIRED	ILLUMINA	/home/nilmat/reads/streptsd/ready/azenta_aug2023/594_R1_001.fastq.gz	/home/nilmat/reads/streptsd/ready/azenta_aug2023/594_R2_001.fastq.gz	False	control	True	True	True	True	PRECISE:ISP2 5% NaCl	True
595-ISP25NaCl	595-ISP25NaCl	J1074	PRECISE	ISP2 5% NaCl	sample_id: (carbon source)-(biological replicate id)(technical replicate id)		20/12/2023	in-house	rerun	PAIRED	ILLUMINA	/home/nilmat/reads/streptsd/ready/azenta_aug2023/595_R1_001.fastq.gz	/home/nilmat/reads/streptsd/ready/azenta_aug2023/595_R2_001.fastq.gz	False	control	True	True	True	True	PRECISE:ISP2 5% NaCl	True
596-MSG5NaCl	596-MSG5NaCl	J1074	PRECISE	MSG 5% NaCl	sample_id: (carbon source)-(biological replicate id)(technical replicate id)		20/12/2023	in-house	rerun	PAIRED	ILLUMINA	/home/nilmat/reads/streptsd/ready/azenta_aug2023/596_R1_001.fastq.gz	/home/nilmat/reads/streptsd/ready/azenta_aug2023/596_R2_001.fastq.gz	False	control	True	True	True	True	PRECISE:MSG 5% NaCl	True
598-MSG5NaCl	598-MSG5NaCl	J1074	PRECISE	MSG 5% NaCl	sample_id: (carbon source)-(biological replicate id)(technical replicate id)		20/12/2023	in-house	rerun	PAIRED	ILLUMINA	/home/nilmat/reads/streptsd/ready/azenta_aug2023/598_R1_001.fastq.gz	/home/nilmat/reads/streptsd/ready/azenta_aug2023/598_R2_001.fastq.gz	False	control	True	True	True	True	PRECISE:MSG 5% NaCl	True
599-ISP27NaCl	599-ISP27NaCl	J1074	PRECISE	ISP2 7% NaCl	sample_id: (carbon source)-(biological replicate id)(technical replicate id)		20/12/2023	in-house	rerun	PAIRED	ILLUMINA	/home/nilmat/reads/streptsd/ready/azenta_aug2023/599_R1_001.fastq.gz	/home/nilmat/reads/streptsd/ready/azenta_aug2023/599_R2_001.fastq.gz	False	control	True	True	True	True	PRECISE:ISP2 7% NaCl	True
601-ISP27NaCl	601-ISP27NaCl	J1074	PRECISE	ISP2 7% NaCl	sample_id: (carbon source)-(biological replicate id)(technical replicate id)		20/12/2023	in-house	rerun	PAIRED	ILLUMINA	/home/nilmat/reads/streptsd/ready/azenta_aug2023/601_R1_001.fastq.gz	/home/nilmat/reads/streptsd/ready/azenta_aug2023/601_R2_001.fastq.gz	False	control	True	True	True	True	PRECISE:ISP2 7% NaCl	True
602-Ribose	602-Ribose	J1074	PRECISE	Ribose	sample_id: (carbon source)-(biological replicate id)(technical replicate id)		20/12/2023	in-house	rerun	PAIRED	ILLUMINA	/home/nilmat/reads/streptsd/ready/azenta_aug2023/602_R1_001.fastq.gz	/home/nilmat/reads/streptsd/ready/azenta_aug2023/602_R2_001.fastq.gz	False	control	True	True	True	True	PRECISE:Ribose	True
604-Ribose	604-Ribose	J1074	PRECISE	Ribose	sample_id: (carbon source)-(biological replicate id)(technical replicate id)		20/12/2023	in-house	rerun	PAIRED	ILLUMINA	/home/nilmat/reads/streptsd/ready/azenta_aug2023/604_R1_001.fastq.gz	/home/nilmat/reads/streptsd/ready/azenta_aug2023/604_R2_001.fastq.gz	False	control	True	True	True	True	PRECISE:Ribose	True
644-Proline	644-Proline	J1074	PRECISE	Proline	sample_id: (carbon source)-(biological replicate id)(technical replicate id)		20/12/2023	in-house	rerun	PAIRED	ILLUMINA	/home/nilmat/reads/streptsd/ready/azenta_aug2023/644_R1_001.fastq.gz	/home/nilmat/reads/streptsd/ready/azenta_aug2023/644_R2_001.fastq.gz	False	control	True	True	True	True	PRECISE:Proline	True
646-Proline	646-Proline	J1074	PRECISE	Proline	sample_id: (carbon source)-(biological replicate id)(technical replicate id)		20/12/2023	in-house	rerun	PAIRED	ILLUMINA	/home/nilmat/reads/streptsd/ready/azenta_aug2023/646_R1_001.fastq.gz	/home/nilmat/reads/streptsd/ready/azenta_aug2023/646_R2_001.fastq.gz	False	control	True	True	True	True	PRECISE:Proline	True
650-Glycerol	650-Glycerol	J1074	PRECISE	Glycerol	sample_id: (carbon source)-(biological replicate id)(technical replicate id)		20/12/2023	in-house	rerun	PAIRED	ILLUMINA	/home/nilmat/reads/streptsd/ready/azenta_aug2023/650_R1_001.fastq.gz	/home/nilmat/reads/streptsd/ready/azenta_aug2023/650_R2_001.fastq.gz	False	control	True	True	True	True	PRECISE:Glycerol	True
651-Glycerol	651-Glycerol	J1074	PRECISE	Glycerol	sample_id: (carbon source)-(biological replicate id)(technical replicate id)		20/12/2023	in-house	rerun	PAIRED	ILLUMINA	/home/nilmat/reads/streptsd/ready/azenta_aug2023/651_R1_001.fastq.gz	/home/nilmat/reads/streptsd/ready/azenta_aug2023/651_R2_001.fastq.gz	False	control	True	True	True	True	PRECISE:Glycerol	True
SRR25592590	SRR25592590	Del14-4N24 DnybW PkasOP::nybF::tkt	PRJNA1003853	DnybW PkasOP::nybF::tkt_70h			09/08/2023	public	PRJNA1003853	PAIRED	ILLUMINA	/home/nilmat/reads/streptsd/ready/external/del14/SRR25592590_R1.fastq.gz	/home/nilmat/reads/streptsd/ready/external/del14/SRR25592590_R2.fastq.gz	False	Del14-4N24_12h	True	True	True	True	PRJNA1003853:DnybW PkasOP::nybF::tkt_70h	True
SRR25592591	SRR25592591	Del14-4N24 DnybW PkasOP::nybF::tkt	PRJNA1003853	DnybW PkasOP::nybF::tkt_70h			09/08/2023	public	PRJNA1003853	PAIRED	ILLUMINA	/home/nilmat/reads/streptsd/ready/external/del14/SRR25592591_R1.fastq.gz	/home/nilmat/reads/streptsd/ready/external/del14/SRR25592591_R2.fastq.gz	False	Del14-4N24_12h	True	True	True	True	PRJNA1003853:DnybW PkasOP::nybF::tkt_70h	True
SRR25592592	SRR25592592	Del14-4N24 DnybW PkasOP::nybF::tkt	PRJNA1003853	DnybW PkasOP::nybF::tkt_70h			09/08/2023	public	PRJNA1003853	PAIRED	ILLUMINA	/home/nilmat/reads/streptsd/ready/external/del14/SRR25592592_R1.fastq.gz	/home/nilmat/reads/streptsd/ready/external/del14/SRR25592592_R2.fastq.gz	False	Del14-4N24_12h	True	True	True	True	PRJNA1003853:DnybW PkasOP::nybF::tkt_70h	True
SRR25592593	SRR25592593	Del14-4N24 DnybW PkasOP::nybF::tkt	PRJNA1003853	DnybW PkasOP::nybF::tkt_46h			09/08/2023	public	PRJNA1003853	PAIRED	ILLUMINA	/home/nilmat/reads/streptsd/ready/external/del14/SRR25592593_R1.fastq.gz	/home/nilmat/reads/streptsd/ready/external/del14/SRR25592593_R2.fastq.gz	False	Del14-4N24_12h	True	True	True	True	PRJNA1003853:DnybW PkasOP::nybF::tkt_46h	True
SRR25592594	SRR25592594	Del14-4N24 DnybW PkasOP::nybF::tkt	PRJNA1003853	DnybW PkasOP::nybF::tkt_46h			09/08/2023	public	PRJNA1003853	PAIRED	ILLUMINA	/home/nilmat/reads/streptsd/ready/external/del14/SRR25592594_R1.fastq.gz	/home/nilmat/reads/streptsd/ready/external/del14/SRR25592594_R2.fastq.gz	False	Del14-4N24_12h	True	True	True	True	PRJNA1003853:DnybW PkasOP::nybF::tkt_46h	True
SRR25592595	SRR25592595	Del14-4N24 DnybW PkasOP::nybF::tkt	PRJNA1003853	DnybW PkasOP::nybF::tkt_46h			09/08/2023	public	PRJNA1003853	PAIRED	ILLUMINA	/home/nilmat/reads/streptsd/ready/external/del14/SRR25592595_R1.fastq.gz	/home/nilmat/reads/streptsd/ready/external/del14/SRR25592595_R2.fastq.gz	False	Del14-4N24_12h	True	True	True	True	PRJNA1003853:DnybW PkasOP::nybF::tkt_46h	True
SRR25592596	SRR25592596	Del14-4N24 DnybW PkasOP::nybF::tkt	PRJNA1003853	DnybW PkasOP::nybF::tkt_12h			09/08/2023	public	PRJNA1003853	PAIRED	ILLUMINA	/home/nilmat/reads/streptsd/ready/external/del14/SRR25592596_R1.fastq.gz	/home/nilmat/reads/streptsd/ready/external/del14/SRR25592596_R2.fastq.gz	False	Del14-4N24_12h	True	True	True	True	PRJNA1003853:DnybW PkasOP::nybF::tkt_12h	True
SRR25592597	SRR25592597	Del14-4N24 DnybW PkasOP::nybF::tkt	PRJNA1003853	DnybW PkasOP::nybF::tkt_12h			09/08/2023	public	PRJNA1003853	PAIRED	ILLUMINA	/home/nilmat/reads/streptsd/ready/external/del14/SRR25592597_R1.fastq.gz	/home/nilmat/reads/streptsd/ready/external/del14/SRR25592597_R2.fastq.gz	False	Del14-4N24_12h	True	True	True	True	PRJNA1003853:DnybW PkasOP::nybF::tkt_12h	True
SRR25592598	SRR25592598	Del14-4N24 DnybW PkasOP::nybF::tkt	PRJNA1003853	DnybW PkasOP::nybF::tkt_12h			09/08/2023	public	PRJNA1003853	PAIRED	ILLUMINA	/home/nilmat/reads/streptsd/ready/external/del14/SRR25592598_R1.fastq.gz	/home/nilmat/reads/streptsd/ready/external/del14/SRR25592598_R2.fastq.gz	False	Del14-4N24_12h	True	True	True	True	PRJNA1003853:DnybW PkasOP::nybF::tkt_12h	True
SRR25592599	SRR25592599	Del14-4N24 DnybW PkasOP::nybF::zwf2	PRJNA1003853	DnybW PkasOP::nybF::zwf2_70h			09/08/2023	public	PRJNA1003853	PAIRED	ILLUMINA	/home/nilmat/reads/streptsd/ready/external/del14/SRR25592599_R1.fastq.gz	/home/nilmat/reads/streptsd/ready/external/del14/SRR25592599_R2.fastq.gz	False	Del14-4N24_12h	True	True	True	True	PRJNA1003853:DnybW PkasOP::nybF::zwf2_70h	True
SRR25592600	SRR25592600	Del14-4N24 DnybW PkasOP::nybF::zwf2	PRJNA1003853	DnybW PkasOP::nybF::zwf2_70h			09/08/2023	public	PRJNA1003853	PAIRED	ILLUMINA	/home/nilmat/reads/streptsd/ready/external/del14/SRR25592600_R1.fastq.gz	/home/nilmat/reads/streptsd/ready/external/del14/SRR25592600_R2.fastq.gz	False	Del14-4N24_12h	True	True	True	True	PRJNA1003853:DnybW PkasOP::nybF::zwf2_70h	True
SRR25592601	SRR25592601	Del14-4N24 DnybW PkasOP::nybF::zwf2	PRJNA1003853	DnybW PkasOP::nybF::zwf2_70h			09/08/2023	public	PRJNA1003853	PAIRED	ILLUMINA	/home/nilmat/reads/streptsd/ready/external/del14/SRR25592601_R1.fastq.gz	/home/nilmat/reads/streptsd/ready/external/del14/SRR25592601_R2.fastq.gz	False	Del14-4N24_12h	True	True	True	True	PRJNA1003853:DnybW PkasOP::nybF::zwf2_70h	True
SRR25592602	SRR25592602	Del14-4N24 DnybW PkasOP::nybF::zwf2	PRJNA1003853	DnybW PkasOP::nybF::zwf2_46h			09/08/2023	public	PRJNA1003853	PAIRED	ILLUMINA	/home/nilmat/reads/streptsd/ready/external/del14/SRR25592602_R1.fastq.gz	/home/nilmat/reads/streptsd/ready/external/del14/SRR25592602_R2.fastq.gz	False	Del14-4N24_12h	True	True	True	True	PRJNA1003853:DnybW PkasOP::nybF::zwf2_46h	True
SRR25592603	SRR25592603	Del14-4N24 DnybW PkasOP::nybF::zwf2	PRJNA1003853	DnybW PkasOP::nybF::zwf2_46h			09/08/2023	public	PRJNA1003853	PAIRED	ILLUMINA	/home/nilmat/reads/streptsd/ready/external/del14/SRR25592603_R1.fastq.gz	/home/nilmat/reads/streptsd/ready/external/del14/SRR25592603_R2.fastq.gz	False	Del14-4N24_12h	True	True	True	True	PRJNA1003853:DnybW PkasOP::nybF::zwf2_46h	True
SRR25592604	SRR25592604	Del14-4N24 DnybW PkasOP::nybF::zwf2	PRJNA1003853	DnybW PkasOP::nybF::zwf2_46h			09/08/2023	public	PRJNA1003853	PAIRED	ILLUMINA	/home/nilmat/reads/streptsd/ready/external/del14/SRR25592604_R1.fastq.gz	/home/nilmat/reads/streptsd/ready/external/del14/SRR25592604_R2.fastq.gz	False	Del14-4N24_12h	True	True	True	True	PRJNA1003853:DnybW PkasOP::nybF::zwf2_46h	True
SRR25592605	SRR25592605	Del14-4N24 DnybW PkasOP::nybF::zwf2	PRJNA1003853	DnybW PkasOP::nybF::zwf2_12h			09/08/2023	public	PRJNA1003853	PAIRED	ILLUMINA	/home/nilmat/reads/streptsd/ready/external/del14/SRR25592605_R1.fastq.gz	/home/nilmat/reads/streptsd/ready/external/del14/SRR25592605_R2.fastq.gz	False	Del14-4N24_12h	True	True	True	True	PRJNA1003853:DnybW PkasOP::nybF::zwf2_12h	True
SRR25592606	SRR25592606	Del14-4N24 DnybW PkasOP::nybF::zwf2	PRJNA1003853	DnybW PkasOP::nybF::zwf2_12h			09/08/2023	public	PRJNA1003853	PAIRED	ILLUMINA	/home/nilmat/reads/streptsd/ready/external/del14/SRR25592606_R1.fastq.gz	/home/nilmat/reads/streptsd/ready/external/del14/SRR25592606_R2.fastq.gz	False	Del14-4N24_12h	True	True	True	True	PRJNA1003853:DnybW PkasOP::nybF::zwf2_12h	True
SRR25592607	SRR25592607	Del14-4N24 DnybW PkasOP::nybF::zwf2	PRJNA1003853	DnybW PkasOP::nybF::zwf2_12h			09/08/2023	public	PRJNA1003853	PAIRED	ILLUMINA	/home/nilmat/reads/streptsd/ready/external/del14/SRR25592607_R1.fastq.gz	/home/nilmat/reads/streptsd/ready/external/del14/SRR25592607_R2.fastq.gz	False	Del14-4N24_12h	True	True	True	True	PRJNA1003853:DnybW PkasOP::nybF::zwf2_12h	True
SRR25592608	SRR25592608	Del14-4N24 PkasOP::nybF::zwf2	PRJNA1003853	PkasOP::nybF::zwf2_70h			09/08/2023	public	PRJNA1003853	PAIRED	ILLUMINA	/home/nilmat/reads/streptsd/ready/external/del14/SRR25592608_R1.fastq.gz	/home/nilmat/reads/streptsd/ready/external/del14/SRR25592608_R2.fastq.gz	False	Del14-4N24_12h	True	True	True	True	PRJNA1003853:PkasOP::nybF::zwf2_70h	True
SRR25592609	SRR25592609	Del14-4N24 PkasOP::nybF::zwf2	PRJNA1003853	PkasOP::nybF::zwf2_70h			09/08/2023	public	PRJNA1003853	PAIRED	ILLUMINA	/home/nilmat/reads/streptsd/ready/external/del14/SRR25592609_R1.fastq.gz	/home/nilmat/reads/streptsd/ready/external/del14/SRR25592609_R2.fastq.gz	False	Del14-4N24_12h	True	True	True	True	PRJNA1003853:PkasOP::nybF::zwf2_70h	True
SRR25592610	SRR25592610	Del14-4N24 PkasOP::nybF::zwf2	PRJNA1003853	PkasOP::nybF::zwf2_70h			09/08/2023	public	PRJNA1003853	PAIRED	ILLUMINA	/home/nilmat/reads/streptsd/ready/external/del14/SRR25592610_R1.fastq.gz	/home/nilmat/reads/streptsd/ready/external/del14/SRR25592610_R2.fastq.gz	False	Del14-4N24_12h	True	True	True	True	PRJNA1003853:PkasOP::nybF::zwf2_70h	True
SRR25592611	SRR25592611	Del14-4N24 PkasOP::nybF::zwf2	PRJNA1003853	PkasOP::nybF::zwf2_46h			09/08/2023	public	PRJNA1003853	PAIRED	ILLUMINA	/home/nilmat/reads/streptsd/ready/external/del14/SRR25592611_R1.fastq.gz	/home/nilmat/reads/streptsd/ready/external/del14/SRR25592611_R2.fastq.gz	False	Del14-4N24_12h	True	True	True	True	PRJNA1003853:PkasOP::nybF::zwf2_46h	True
SRR25592612	SRR25592612	Del14-4N24 PkasOP::nybF::zwf2	PRJNA1003853	PkasOP::nybF::zwf2_46h			09/08/2023	public	PRJNA1003853	PAIRED	ILLUMINA	/home/nilmat/reads/streptsd/ready/external/del14/SRR25592612_R1.fastq.gz	/home/nilmat/reads/streptsd/ready/external/del14/SRR25592612_R2.fastq.gz	False	Del14-4N24_12h	True	True	True	True	PRJNA1003853:PkasOP::nybF::zwf2_46h	True
SRR25592613	SRR25592613	Del14-4N24 PkasOP::nybF::zwf2	PRJNA1003853	PkasOP::nybF::zwf2_46h			09/08/2023	public	PRJNA1003853	PAIRED	ILLUMINA	/home/nilmat/reads/streptsd/ready/external/del14/SRR25592613_R1.fastq.gz	/home/nilmat/reads/streptsd/ready/external/del14/SRR25592613_R2.fastq.gz	False	Del14-4N24_12h	True	True	True	True	PRJNA1003853:PkasOP::nybF::zwf2_46h	True
SRR25592614	SRR25592614	Del14-4N24 PkasOP::nybF::zwf2	PRJNA1003853	PkasOP::nybF::zwf2_12h			09/08/2023	public	PRJNA1003853	PAIRED	ILLUMINA	/home/nilmat/reads/streptsd/ready/external/del14/SRR25592614_R1.fastq.gz	/home/nilmat/reads/streptsd/ready/external/del14/SRR25592614_R2.fastq.gz	False	Del14-4N24_12h	True	True	True	True	PRJNA1003853:PkasOP::nybF::zwf2_12h	True
SRR25592615	SRR25592615	Del14-4N24 PkasOP::nybF::zwf2	PRJNA1003853	PkasOP::nybF::zwf2_12h			09/08/2023	public	PRJNA1003853	PAIRED	ILLUMINA	/home/nilmat/reads/streptsd/ready/external/del14/SRR25592615_R1.fastq.gz	/home/nilmat/reads/streptsd/ready/external/del14/SRR25592615_R2.fastq.gz	False	Del14-4N24_12h	True	True	True	True	PRJNA1003853:PkasOP::nybF::zwf2_12h	True
SRR25592616	SRR25592616	Del14-4N24 PkasOP::nybF::zwf2	PRJNA1003853	PkasOP::nybF::zwf2_12h			09/08/2023	public	PRJNA1003853	PAIRED	ILLUMINA	/home/nilmat/reads/streptsd/ready/external/del14/SRR25592616_R1.fastq.gz	/home/nilmat/reads/streptsd/ready/external/del14/SRR25592616_R2.fastq.gz	False	Del14-4N24_12h	True	True	True	True	PRJNA1003853:PkasOP::nybF::zwf2_12h	True
SRR25592617	SRR25592617	Del14-4N24 PkasOP::zwf2	PRJNA1003853	PkasOP::zwf2_70h			09/08/2023	public	PRJNA1003853	PAIRED	ILLUMINA	/home/nilmat/reads/streptsd/ready/external/del14/SRR25592617_R1.fastq.gz	/home/nilmat/reads/streptsd/ready/external/del14/SRR25592617_R2.fastq.gz	False	Del14-4N24_12h	True	True	True	True	PRJNA1003853:PkasOP::zwf2_70h	True
SRR25592618	SRR25592618	Del14-4N24 PkasOP::zwf2	PRJNA1003853	PkasOP::zwf2_70h			09/08/2023	public	PRJNA1003853	PAIRED	ILLUMINA	/home/nilmat/reads/streptsd/ready/external/del14/SRR25592618_R1.fastq.gz	/home/nilmat/reads/streptsd/ready/external/del14/SRR25592618_R2.fastq.gz	False	Del14-4N24_12h	True	True	True	True	PRJNA1003853:PkasOP::zwf2_70h	True
SRR25592619	SRR25592619	Del14-4N24 PkasOP::zwf2	PRJNA1003853	PkasOP::zwf2_70h			09/08/2023	public	PRJNA1003853	PAIRED	ILLUMINA	/home/nilmat/reads/streptsd/ready/external/del14/SRR25592619_R1.fastq.gz	/home/nilmat/reads/streptsd/ready/external/del14/SRR25592619_R2.fastq.gz	False	Del14-4N24_12h	True	True	True	True	PRJNA1003853:PkasOP::zwf2_70h	True
SRR25592620	SRR25592620	Del14-4N24 PkasOP::zwf2	PRJNA1003853	PkasOP::zwf2_12h			09/08/2023	public	PRJNA1003853	PAIRED	ILLUMINA	/home/nilmat/reads/streptsd/ready/external/del14/SRR25592620_R1.fastq.gz	/home/nilmat/reads/streptsd/ready/external/del14/SRR25592620_R2.fastq.gz	False	Del14-4N24_12h	True	True	True	True	PRJNA1003853:PkasOP::zwf2_12h	True
SRR25592621	SRR25592621	Del14-4N24 PkasOP::zwf2	PRJNA1003853	PkasOP::zwf2_12h			09/08/2023	public	PRJNA1003853	PAIRED	ILLUMINA	/home/nilmat/reads/streptsd/ready/external/del14/SRR25592621_R1.fastq.gz	/home/nilmat/reads/streptsd/ready/external/del14/SRR25592621_R2.fastq.gz	False	Del14-4N24_12h	True	True	True	True	PRJNA1003853:PkasOP::zwf2_12h	True
SRR25592622	SRR25592622	Del14-4N24 PkasOP::zwf2	PRJNA1003853	PkasOP::zwf2_12h			09/08/2023	public	PRJNA1003853	PAIRED	ILLUMINA	/home/nilmat/reads/streptsd/ready/external/del14/SRR25592622_R1.fastq.gz	/home/nilmat/reads/streptsd/ready/external/del14/SRR25592622_R2.fastq.gz	False	Del14-4N24_12h	True	True	True	True	PRJNA1003853:PkasOP::zwf2_12h	True
SRR25592623	SRR25592623	Del14-4N24	PRJNA1003853	Del14-4N24_70h			09/08/2023	public	PRJNA1003853	PAIRED	ILLUMINA	/home/nilmat/reads/streptsd/ready/external/del14/SRR25592623_R1.fastq.gz	/home/nilmat/reads/streptsd/ready/external/del14/SRR25592623_R2.fastq.gz	False	Del14-4N24_12h	True	True	True	True	PRJNA1003853:Del14-4N24_70h	True
SRR25592624	SRR25592624	Del14-4N24	PRJNA1003853	Del14-4N24_70h			09/08/2023	public	PRJNA1003853	PAIRED	ILLUMINA	/home/nilmat/reads/streptsd/ready/external/del14/SRR25592624_R1.fastq.gz	/home/nilmat/reads/streptsd/ready/external/del14/SRR25592624_R2.fastq.gz	False	Del14-4N24_12h	True	True	True	True	PRJNA1003853:Del14-4N24_70h	True
SRR25592625	SRR25592625	Del14-4N24	PRJNA1003853	Del14-4N24_70h			09/08/2023	public	PRJNA1003853	PAIRED	ILLUMINA	/home/nilmat/reads/streptsd/ready/external/del14/SRR25592625_R1.fastq.gz	/home/nilmat/reads/streptsd/ready/external/del14/SRR25592625_R2.fastq.gz	False	Del14-4N24_12h	True	True	True	True	PRJNA1003853:Del14-4N24_70h	True
SRR25592626	SRR25592626	Del14-4N24	PRJNA1003853	Del14-4N24_12h			09/08/2023	public	PRJNA1003853	PAIRED	ILLUMINA	/home/nilmat/reads/streptsd/ready/external/del14/SRR25592626_R1.fastq.gz	/home/nilmat/reads/streptsd/ready/external/del14/SRR25592626_R2.fastq.gz	False	Del14-4N24_12h	True	True	True	True	PRJNA1003853:Del14-4N24_12h	True
SRR25592627	SRR25592627	Del14-4N24	PRJNA1003853	Del14-4N24_12h			09/08/2023	public	PRJNA1003853	PAIRED	ILLUMINA	/home/nilmat/reads/streptsd/ready/external/del14/SRR25592627_R1.fastq.gz	/home/nilmat/reads/streptsd/ready/external/del14/SRR25592627_R2.fastq.gz	False	Del14-4N24_12h	True	True	True	True	PRJNA1003853:Del14-4N24_12h	True
SRR25592628	SRR25592628	Del14-4N24	PRJNA1003853	Del14-4N24_12h			09/08/2023	public	PRJNA1003853	PAIRED	ILLUMINA	/home/nilmat/reads/streptsd/ready/external/del14/SRR25592628_R1.fastq.gz	/home/nilmat/reads/streptsd/ready/external/del14/SRR25592628_R2.fastq.gz	False	Del14-4N24_12h	True	True	True	True	PRJNA1003853:Del14-4N24_12h	True
SRX10298353	gp_5h_control_1	J1074/R2	PRJNA708335	gp_5h_control			14/01/2020	public	PRJNA708335	PAIRED	ILLUMINA	/home/nilmat/reads/streptsd/ready/external/SRR13918880_1.fastq.gz	/home/nilmat/reads/streptsd/ready/external/SRR13918880_2.fastq.gz	False	gp_5h_control	True	True	True	True	PRJNA708335:gp_5h_control	True
SRX10298354	gp_5h_control_2	J1074/R2	PRJNA708335	gp_5h_control			14/01/2020	public	PRJNA708335	PAIRED	ILLUMINA	/home/nilmat/reads/streptsd/ready/external/SRR13918881_1.fastq.gz	/home/nilmat/reads/streptsd/ready/external/SRR13918881_2.fastq.gz	False	gp_5h_control	True	True	True	True	PRJNA708335:gp_5h_control	True
SRX10298355	gp_5h_control_3	J1074/R2	PRJNA708335	gp_5h_control			14/01/2020	public	PRJNA708335	PAIRED	ILLUMINA	/home/nilmat/reads/streptsd/ready/external/SRR13918882_1.fastq.gz	/home/nilmat/reads/streptsd/ready/external/SRR13918882_2.fastq.gz	False	gp_5h_control	True	True	True	True	PRJNA708335:gp_5h_control	True
SRX10298356	pp_20h_control_1	J1074/R2	PRJNA708335	pp_20h_control			14/01/2020	public	PRJNA708335	PAIRED	ILLUMINA	/home/nilmat/reads/streptsd/ready/external/SRR13918883_1.fastq.gz	/home/nilmat/reads/streptsd/ready/external/SRR13918883_2.fastq.gz	False	gp_5h_control	True	True	True	True	PRJNA708335:pp_20h_control	True
SRX10298357	pp_20h_control_2	J1074/R2	PRJNA708335	pp_20h_control			14/01/2020	public	PRJNA708335	PAIRED	ILLUMINA	/home/nilmat/reads/streptsd/ready/external/SRR13918884_1.fastq.gz	/home/nilmat/reads/streptsd/ready/external/SRR13918884_2.fastq.gz	False	gp_5h_control	True	True	True	True	PRJNA708335:pp_20h_control	True
SRX10298358	pp_20h_control_3	J1074/R2	PRJNA708335	pp_20h_control			14/01/2020	public	PRJNA708335	PAIRED	ILLUMINA	/home/nilmat/reads/streptsd/ready/external/SRR13918885_1.fastq.gz	/home/nilmat/reads/streptsd/ready/external/SRR13918885_2.fastq.gz	False	gp_5h_control	True	True	True	True	PRJNA708335:pp_20h_control	True
SRX10298359	gp_5h_1	J1074/R2	PRJNA708335	gp_5h_L_valanine			14/01/2020	public	PRJNA708335	PAIRED	ILLUMINA	/home/nilmat/reads/streptsd/ready/external/SRR13918886_1.fastq.gz	/home/nilmat/reads/streptsd/ready/external/SRR13918886_2.fastq.gz	False	gp_5h_control	True	True	True	True	PRJNA708335:gp_5h_L_valanine	True
SRX10298360	gp_5h_2	J1074/R2	PRJNA708335	gp_5h_L_valanine			14/01/2020	public	PRJNA708335	PAIRED	ILLUMINA	/home/nilmat/reads/streptsd/ready/external/SRR13918887_1.fastq.gz	/home/nilmat/reads/streptsd/ready/external/SRR13918887_2.fastq.gz	False	gp_5h_control	True	True	True	True	PRJNA708335:gp_5h_L_valanine	True
SRX10298361	gp_5h_3	J1074/R2	PRJNA708335	gp_5h_L_valanine			14/01/2020	public	PRJNA708335	PAIRED	ILLUMINA	/home/nilmat/reads/streptsd/ready/external/SRR13918888_1.fastq.gz	/home/nilmat/reads/streptsd/ready/external/SRR13918888_2.fastq.gz	False	gp_5h_control	True	True	True	True	PRJNA708335:gp_5h_L_valanine	True
SRX10298362	pp_30h_1	J1074/R2	PRJNA708335	pp_30h_L_valanine			14/01/2020	public	PRJNA708335	PAIRED	ILLUMINA	/home/nilmat/reads/streptsd/ready/external/SRR13918889_1.fastq.gz	/home/nilmat/reads/streptsd/ready/external/SRR13918889_2.fastq.gz	False	gp_5h_control	True	True	True	True	PRJNA708335:pp_30h_L_valanine	True
SRX10298363	pp_30h_2	J1074/R2	PRJNA708335	pp_30h_L_valanine			14/01/2020	public	PRJNA708335	PAIRED	ILLUMINA	/home/nilmat/reads/streptsd/ready/external/SRR13918890_1.fastq.gz	/home/nilmat/reads/streptsd/ready/external/SRR13918890_2.fastq.gz	False	gp_5h_control	True	True	True	True	PRJNA708335:pp_30h_L_valanine	True
SRX10298364	pp_30h_3	J1074/R2	PRJNA708335	pp_30h_L_valanine			14/01/2020	public	PRJNA708335	PAIRED	ILLUMINA	/home/nilmat/reads/streptsd/ready/external/SRR13918891_1.fastq.gz	/home/nilmat/reads/streptsd/ready/external/SRR13918891_2.fastq.gz	False	gp_5h_control	True	True	True	True	PRJNA708335:pp_30h_L_valanine	True
SRX10298365	gp_5h_bkdR_1	J1074/R2_Delta-bkdR	PRJNA708335	gp_5h_bkdR_L_valanine			14/01/2020	public	PRJNA708335	PAIRED	ILLUMINA	/home/nilmat/reads/streptsd/ready/external/SRR13918892_1.fastq.gz	/home/nilmat/reads/streptsd/ready/external/SRR13918892_2.fastq.gz	False	gp_5h_control	True	True	True	True	PRJNA708335:gp_5h_bkdR_L_valanine	True
SRX10298366	gp_5h_bkdR_2	J1074/R2_Delta-bkdR	PRJNA708335	gp_5h_bkdR_L_valanine			14/01/2020	public	PRJNA708335	PAIRED	ILLUMINA	/home/nilmat/reads/streptsd/ready/external/SRR13918893_1.fastq.gz	/home/nilmat/reads/streptsd/ready/external/SRR13918893_2.fastq.gz	False	gp_5h_control	True	True	True	True	PRJNA708335:gp_5h_bkdR_L_valanine	True
SRX10298367	gp_5h_bkdR_3	J1074/R2_Delta-bkdR	PRJNA708335	gp_5h_bkdR_L_valanine			14/01/2020	public	PRJNA708335	PAIRED	ILLUMINA	/home/nilmat/reads/streptsd/ready/external/SRR13918894_1.fastq.gz	/home/nilmat/reads/streptsd/ready/external/SRR13918894_2.fastq.gz	False	gp_5h_control	True	True	True	True	PRJNA708335:gp_5h_bkdR_L_valanine	True
SRX10298368	pp_30h_bkdR_1	J1074/R2_Delta-bkdR	PRJNA708335	pp_30h_bkdR_L_valanine			14/01/2020	public	PRJNA708335	PAIRED	ILLUMINA	/home/nilmat/reads/streptsd/ready/external/SRR13918895_1.fastq.gz	/home/nilmat/reads/streptsd/ready/external/SRR13918895_2.fastq.gz	False	gp_5h_control	True	True	True	True	PRJNA708335:pp_30h_bkdR_L_valanine	True
SRX10298369	pp_30h_bkdR_2	J1074/R2_Delta-bkdR	PRJNA708335	pp_30h_bkdR_L_valanine			14/01/2020	public	PRJNA708335	PAIRED	ILLUMINA	/home/nilmat/reads/streptsd/ready/external/SRR13918896_1.fastq.gz	/home/nilmat/reads/streptsd/ready/external/SRR13918896_2.fastq.gz	False	gp_5h_control	True	True	True	True	PRJNA708335:pp_30h_bkdR_L_valanine	True
SRX10298370	pp_30h_bkdR_3	J1074/R2_Delta-bkdR	PRJNA708335	pp_30h_bkdR_L_valanine			14/01/2020	public	PRJNA708335	PAIRED	ILLUMINA	/home/nilmat/reads/streptsd/ready/external/SRR13918897_1.fastq.gz	/home/nilmat/reads/streptsd/ready/external/SRR13918897_2.fastq.gz	False	gp_5h_control	True	True	True	True	PRJNA708335:pp_30h_bkdR_L_valanine	True
10_Plate_B_MS	10_Plate_B_MS	J1074	PRECISE	Plate_B	sample_id: (carbon source)-(biological replicate id)(technical replicate id)		20/04/2024	in-house	Nils	PAIRED	ILLUMINA	/home/nilmat/reads/streptsd/ready/azenta_feb2024/10-J1074-RNA-Plate-B-MS_R1_001.fastq.gz	/home/nilmat/reads/streptsd/ready/azenta_feb2024/10-J1074-RNA-Plate-B-MS_R2_001.fastq.gz	False	control	True	True	True	True	PRECISE:Plate_B	True
11-J1074-RNA-Plate-Filter2A-MS	11-J1074-RNA-Plate-Filter2A-MS	J1074	PRECISE	Plate-filter-2A	sample_id: (carbon source)-(biological replicate id)(technical replicate id)		20/04/2024	in-house	Nils	PAIRED	ILLUMINA	/home/nilmat/reads/streptsd/ready/azenta_feb2024/11-J1074-RNA-Plate-Filter2A-MS_R1_001.fastq.gz	/home/nilmat/reads/streptsd/ready/azenta_feb2024/11-J1074-RNA-Plate-Filter2A-MS_R2_001.fastq.gz	False	control	True	True	True	True	PRECISE:Plate-filter-2A	True
12-J1074-RNA-Plate-Filter2A-MS	12-J1074-RNA-Plate-Filter2A-MS	J1074	PRECISE	Plate-filter-2A	sample_id: (carbon source)-(biological replicate id)(technical replicate id)		20/04/2024	in-house	Nils	PAIRED	ILLUMINA	/home/nilmat/reads/streptsd/ready/azenta_feb2024/12-J1074-RNA-Plate-Filter2A-MS_R1_001.fastq.gz	/home/nilmat/reads/streptsd/ready/azenta_feb2024/12-J1074-RNA-Plate-Filter2A-MS_R2_001.fastq.gz	False	control	True	True	True	True	PRECISE:Plate-filter-2A	True
13-J1074-RNA-Plate-Filter2A-MS	13-J1074-RNA-Plate-Filter2A-MS	J1074	PRECISE	Plate-filter-2A	sample_id: (carbon source)-(biological replicate id)(technical replicate id)		20/04/2024	in-house	Nils	PAIRED	ILLUMINA	/home/nilmat/reads/streptsd/ready/azenta_feb2024/13-J1074-RNA-Plate-Filter2A-MS_R1_001.fastq.gz	/home/nilmat/reads/streptsd/ready/azenta_feb2024/13-J1074-RNA-Plate-Filter2A-MS_R2_001.fastq.gz	False	control	True	True	True	True	PRECISE:Plate-filter-2A	True
14-J1074-RNA-Plate-Filter2A-MS	14-J1074-RNA-Plate-Filter2A-MS	J1074	PRECISE	Plate-filter-2A	sample_id: (carbon source)-(biological replicate id)(technical replicate id)		20/04/2024	in-house	Nils	PAIRED	ILLUMINA	/home/nilmat/reads/streptsd/ready/azenta_feb2024/14-J1074-RNA-Plate-Filter2A-MS_R1_001.fastq.gz	/home/nilmat/reads/streptsd/ready/azenta_feb2024/14-J1074-RNA-Plate-Filter2A-MS_R2_001.fastq.gz	False	control	True	True	True	True	PRECISE:Plate-filter-2A	True
1_Mannitol_MM	1_Mannitol_MM	J1074	PRECISE	D-mannitol	sample_id: (carbon source)-(biological replicate id)(technical replicate id)		20/04/2024	in-house	Nils	PAIRED	ILLUMINA	/home/nilmat/reads/streptsd/ready/azenta_feb2024/1-J1074-RNA-Mannitol-MM_R1_001.fastq.gz	/home/nilmat/reads/streptsd/ready/azenta_feb2024/1-J1074-RNA-Mannitol-MM_R2_001.fastq.gz	False	control	True	True	True	True	PRECISE:D-mannitol	True
2_Mannitol_MM	2_Mannitol_MM	J1074	PRECISE	D-mannitol	sample_id: (carbon source)-(biological replicate id)(technical replicate id)		20/04/2024	in-house	Nils	PAIRED	ILLUMINA	/home/nilmat/reads/streptsd/ready/azenta_feb2024/2-J1074-RNA-Mannitol-MM_R1_001.fastq.gz	/home/nilmat/reads/streptsd/ready/azenta_feb2024/2-J1074-RNA-Mannitol-MM_R2_001.fastq.gz	False	control	True	True	True	True	PRECISE:D-mannitol	True
3_Valine_MM	3_Valine_MM	J1074	PRECISE	Valine	sample_id: (carbon source)-(biological replicate id)(technical replicate id)		20/04/2024	in-house	Nils	PAIRED	ILLUMINA	/home/nilmat/reads/streptsd/ready/azenta_feb2024/3-J1074-RNA-Valine-MM_R1_001.fastq.gz	/home/nilmat/reads/streptsd/ready/azenta_feb2024/3-J1074-RNA-Valine-MM_R2_001.fastq.gz	False	control	True	True	True	True	PRECISE:Valine	True
4_Valine_MM	4_Valine_MM	J1074	PRECISE	Valine	sample_id: (carbon source)-(biological replicate id)(technical replicate id)		20/04/2024	in-house	Nils	PAIRED	ILLUMINA	/home/nilmat/reads/streptsd/ready/azenta_feb2024/4-J1074-RNA-Valine-MM_R1_001.fastq.gz	/home/nilmat/reads/streptsd/ready/azenta_feb2024/4-J1074-RNA-Valine-MM_R2_001.fastq.gz	False	control	True	True	True	True	PRECISE:Valine	True
5_Arabinose_MM	5_Arabinose_MM	J1074	PRECISE	Arabinose	sample_id: (carbon source)-(biological replicate id)(technical replicate id)		20/04/2024	in-house	Nils	PAIRED	ILLUMINA	/home/nilmat/reads/streptsd/ready/azenta_feb2024/5-J1074-RNA-Arabinose-MM_R1_001.fastq.gz	/home/nilmat/reads/streptsd/ready/azenta_feb2024/5-J1074-RNA-Arabinose-MM_R2_001.fastq.gz	False	control	True	True	True	True	PRECISE:Arabinose	True
6_Arabinose_MM	6_Arabinose_MM	J1074	PRECISE	Arabinose	sample_id: (carbon source)-(biological replicate id)(technical replicate id)		20/04/2024	in-house	Nils	PAIRED	ILLUMINA	/home/nilmat/reads/streptsd/ready/azenta_feb2024/6-J1074-RNA-Arabinose-MM_R1_001.fastq.gz	/home/nilmat/reads/streptsd/ready/azenta_feb2024/6-J1074-RNA-Arabinose-MM_R2_001.fastq.gz	False	control	True	True	True	True	PRECISE:Arabinose	True
7_Plate_A_MS	7_Plate_A_MS	J1074	PRECISE	Plate_A	sample_id: (carbon source)-(biological replicate id)(technical replicate id)		20/04/2024	in-house	Nils	PAIRED	ILLUMINA	/home/nilmat/reads/streptsd/ready/azenta_feb2024/7-J1074-RNA-Plate-A-MS_R1_001.fastq.gz	/home/nilmat/reads/streptsd/ready/azenta_feb2024/7-J1074-RNA-Plate-A-MS_R2_001.fastq.gz	False	control	True	True	True	True	PRECISE:Plate_A	True
8_Plate_A_MS	8_Plate_A_MS	J1074	PRECISE	Plate_A	sample_id: (carbon source)-(biological replicate id)(technical replicate id)		20/04/2024	in-house	Nils	PAIRED	ILLUMINA	/home/nilmat/reads/streptsd/ready/azenta_feb2024/8-J1074-RNA-Plate-A-MS_R1_001.fastq.gz	/home/nilmat/reads/streptsd/ready/azenta_feb2024/8-J1074-RNA-Plate-A-MS_R2_001.fastq.gz	False	control	True	True	True	True	PRECISE:Plate_A	True
9_Plate_B_MS	9_Plate_B_MS	J1074	PRECISE	Plate_B	sample_id: (carbon source)-(biological replicate id)(technical replicate id)		20/04/2024	in-house	Nils	PAIRED	ILLUMINA	/home/nilmat/reads/streptsd/ready/azenta_feb2024/9-J1074-RNA-Plate-B-MS_R1_001.fastq.gz	/home/nilmat/reads/streptsd/ready/azenta_feb2024/9-J1074-RNA-Plate-B-MS_R2_001.fastq.gz	False	control	True	True	True	True	PRECISE:Plate_B	True
15-J1074-RNA-30min-ISP2	15-J1074-RNA-30min-ISP2	J1074	PRECISE	ISP230min	sample_id:(carbonsource)-(biologicalreplicateid)(technicalreplicateid)		20/04/2024	in-house	Nils	PAIRED	ILLUMINA	/home/nilmat/reads/streptsd/ready/azenta_feb2024/15-J1074-RNA-30min-ISP2_R1_001.fastq.gz	/home/nilmat/reads/streptsd/ready/azenta_feb2024/15-J1074-RNA-30min-ISP2_R2_001.fastq.gz	False	control	True	True	True	True	PRECISE:ISP230min	True
16-J1074-RNA-30min-ISP2	16-J1074-RNA-30min-ISP2	J1074	PRECISE	ISP230min	sample_id:(carbonsource)-(biologicalreplicateid)(technicalreplicateid)		20/04/2024	in-house	Nils	PAIRED	ILLUMINA	/home/nilmat/reads/streptsd/ready/azenta_feb2024/16-J1074-RNA-30min-ISP2_R1_001.fastq.gz	/home/nilmat/reads/streptsd/ready/azenta_feb2024/16-J1074-RNA-30min-ISP2_R2_001.fastq.gz	False	control	True	True	True	True	PRECISE:ISP230min	True
17-J1074-RNA-30min-MM-MSG	17-J1074-RNA-30min-MM-MSG	J1074	PRECISE	MM30min	sample_id:(carbonsource)-(biologicalreplicateid)(technicalreplicateid)		20/04/2024	in-house	Nils	PAIRED	ILLUMINA	/home/nilmat/reads/streptsd/ready/azenta_feb2024/17-J1074-RNA-30min-MM-MSG_R1_001.fastq.gz	/home/nilmat/reads/streptsd/ready/azenta_feb2024/17-J1074-RNA-30min-MM-MSG_R2_001.fastq.gz	False	control	True	True	True	True	PRECISE:MM30min	True
18-J1074-RNA-30min-MM-MSG	18-J1074-RNA-30min-MM-MSG	J1074	PRECISE	MM30min	sample_id:(carbonsource)-(biologicalreplicateid)(technicalreplicateid)		20/04/2024	in-house	Nils	PAIRED	ILLUMINA	/home/nilmat/reads/streptsd/ready/azenta_feb2024/18-J1074-RNA-30min-MM-MSG_R1_001.fastq.gz	/home/nilmat/reads/streptsd/ready/azenta_feb2024/18-J1074-RNA-30min-MM-MSG_R2_001.fastq.gz	False	control	True	True	True	True	PRECISE:MM30min	True
19-J1074-PTA-RNA-PTA-KasOP-DNPM	19-J1074-PTA-RNA-PTA-KasOP-DNPM	J1074_PTA	PRECISE	PTA-KasOP-DNPM	sample_id:(carbonsource)-(biologicalreplicateid)(technicalreplicateid)		20/04/2024	in-house	Nils	PAIRED	ILLUMINA	/home/nilmat/reads/streptsd/ready/azenta_feb2024/19-J1074-PTA-RNA-PTA-KasOP-DNPM_R1_001.fastq.gz	/home/nilmat/reads/streptsd/ready/azenta_feb2024/19-J1074-PTA-RNA-PTA-KasOP-DNPM_R2_001.fastq.gz	False	control	True	True	True	True	PRECISE:PTA-KasOP-DNPM	True
20-J1074-PTA-RNA-PTA-KasOP-DNPM	20-J1074-PTA-RNA-PTA-KasOP-DNPM	J1074_PTA	PRECISE	PTA-KasOP-DNPM	sample_id:(carbonsource)-(biologicalreplicateid)(technicalreplicateid)		20/04/2024	in-house	Nils	PAIRED	ILLUMINA	/home/nilmat/reads/streptsd/ready/azenta_feb2024/20-J1074-PTA-RNA-PTA-KasOP-DNPM_R1_001.fastq.gz	/home/nilmat/reads/streptsd/ready/azenta_feb2024/20-J1074-PTA-RNA-PTA-KasOP-DNPM_R2_001.fastq.gz	False	control	True	True	True	True	PRECISE:PTA-KasOP-DNPM	True
21-J1074-PTA-RNA-PTA-KasOP-Am2ab	21-J1074-PTA-RNA-PTA-KasOP-Am2ab	J1074_PTA	PRECISE	PTA-KasOP-Am2ab	sample_id:(carbonsource)-(biologicalreplicateid)(technicalreplicateid)		20/04/2024	in-house	Nils	PAIRED	ILLUMINA	/home/nilmat/reads/streptsd/ready/azenta_feb2024/21-J1074-PTA-RNA-PTA-KasOP-Am2ab_R1_001.fastq.gz	/home/nilmat/reads/streptsd/ready/azenta_feb2024/21-J1074-PTA-RNA-PTA-KasOP-Am2ab_R2_001.fastq.gz	False	control	True	True	True	True	PRECISE:PTA-KasOP-Am2ab	True
22-J1074-PTA-RNA-PTA-KasOP-Am2ab	22-J1074-PTA-RNA-PTA-KasOP-Am2ab	J1074_PTA	PRECISE	PTA-KasOP-Am2ab	sample_id:(carbonsource)-(biologicalreplicateid)(technicalreplicateid)		20/04/2024	in-house	Nils	PAIRED	ILLUMINA	/home/nilmat/reads/streptsd/ready/azenta_feb2024/22-J1074-PTA-RNA-PTA-KasOP-Am2ab_R1_001.fastq.gz	/home/nilmat/reads/streptsd/ready/azenta_feb2024/22-J1074-PTA-RNA-PTA-KasOP-Am2ab_R2_001.fastq.gz	False	control	True	True	True	True	PRECISE:PTA-KasOP-Am2ab	True
23-J1074-RNA-Control-DNPM	23-J1074-RNA-Control-DNPM	J1074	PRECISE	Control-DNPM	sample_id:(carbonsource)-(biologicalreplicateid)(technicalreplicateid)		20/04/2024	in-house	Nils	PAIRED	ILLUMINA	/home/nilmat/reads/streptsd/ready/azenta_feb2024/23-J1074-RNA-Control-DNPM_R1_001.fastq.gz	/home/nilmat/reads/streptsd/ready/azenta_feb2024/23-J1074-RNA-Control-DNPM_R2_001.fastq.gz	False	control	True	True	True	True	PRECISE:Control-DNPM	True
24-J1074-RNA-Control-DNPM	24-J1074-RNA-Control-DNPM	J1074	PRECISE	Control-DNPM	sample_id:(carbonsource)-(biologicalreplicateid)(technicalreplicateid)		20/04/2024	in-house	Nils	PAIRED	ILLUMINA	/home/nilmat/reads/streptsd/ready/azenta_feb2024/24-J1074-RNA-Control-DNPM_R1_001.fastq.gz	/home/nilmat/reads/streptsd/ready/azenta_feb2024/24-J1074-RNA-Control-DNPM_R2_001.fastq.gz	False	control	True	True	True	True	PRECISE:Control-DNPM	True
25-J1074-RNA-Control-Am2ab	25-J1074-RNA-Control-Am2ab	J1074	PRECISE	Control-Am2ab	sample_id:(carbonsource)-(biologicalreplicateid)(technicalreplicateid)		20/04/2024	in-house	Nils	PAIRED	ILLUMINA	/home/nilmat/reads/streptsd/ready/azenta_feb2024/25-J1074-RNA-Control-Am2ab_R1_001.fastq.gz	/home/nilmat/reads/streptsd/ready/azenta_feb2024/25-J1074-RNA-Control-Am2ab_R2_001.fastq.gz	False	control	True	True	True	True	PRECISE:Control-Am2ab	True
26-J1074-RNA-Control-Am2ab	26-J1074-RNA-Control-Am2ab	J1074	PRECISE	Control-Am2ab	sample_id:(carbonsource)-(biologicalreplicateid)(technicalreplicateid)		20/04/2024	in-house	Nils	PAIRED	ILLUMINA	/home/nilmat/reads/streptsd/ready/azenta_feb2024/26-J1074-RNA-Control-Am2ab_R1_001.fastq.gz	/home/nilmat/reads/streptsd/ready/azenta_feb2024/26-J1074-RNA-Control-Am2ab_R2_001.fastq.gz	False	control	True	True	True	True	PRECISE:Control-Am2ab	True
27-J1074-RNA-Cryo-MM	27-J1074-RNA-Cryo-MM	J1074	PRECISE	Batchcontrol	sample_id:(carbonsource)-(biologicalreplicateid)(technicalreplicateid)		20/04/2024	in-house	Nils	PAIRED	ILLUMINA	/home/nilmat/reads/streptsd/ready/azenta_feb2024/27-J1074-RNA-Cryo-MM_R1_001.fastq.gz	/home/nilmat/reads/streptsd/ready/azenta_feb2024/27-J1074-RNA-Cryo-MM_R2_001.fastq.gz	False	control	True	True	True	True	PRECISE:Batchcontrol	True
28-J1074-RNA-Cryo-MM	28-J1074-RNA-Cryo-MM	J1074	PRECISE	Batchcontrol	sample_id:(carbonsource)-(biologicalreplicateid)(technicalreplicateid)		20/04/2024	in-house	Nils	PAIRED	ILLUMINA	/home/nilmat/reads/streptsd/ready/azenta_feb2024/28-J1074-RNA-Cryo-MM_R1_001.fastq.gz	/home/nilmat/reads/streptsd/ready/azenta_feb2024/28-J1074-RNA-Cryo-MM_R2_001.fastq.gz	False	control	True	True	True	True	PRECISE:Batchcontrol	True
Control1	Control1	J1074 wt	Tetiana_del_strains	control	sample_id: (carbon source)-(biological replicate id)(technical replicate id)				Tetiana	PAIRED	ILLUMINA	/home/nilmat/reads/streptsd/ready/azenta_dec2023/Control1_R1_001.fastq.gz	/home/nilmat/reads/streptsd/ready/azenta_dec2023/Control1_R2_001.fastq.gz	False	control	True	True	True	True	Tetiana_del_strains:control	True
Control2	Control2	J1074 wt	Tetiana_del_strains	control	sample_id: (carbon source)-(biological replicate id)(technical replicate id)				Tetiana	PAIRED	ILLUMINA	/home/nilmat/reads/streptsd/ready/azenta_dec2023/Control2_R1_001.fastq.gz	/home/nilmat/reads/streptsd/ready/azenta_dec2023/Control2_R2_001.fastq.gz	False	control	True	True	True	True	Tetiana_del_strains:control	True
DEL5actrepl1	DEL5actrepl1	DEL5act	Tetiana_del_strains	DEL5act	sample_id: (carbon source)-(biological replicate id)(technical replicate id)				Tetiana	PAIRED	ILLUMINA	/home/nilmat/reads/streptsd/ready/azenta_dec2023/DEL5actrepl1_R1_001.fastq.gz	/home/nilmat/reads/streptsd/ready/azenta_dec2023/DEL5actrepl1_R2_001.fastq.gz	False	control	True	True	True	True	Tetiana_del_strains:DEL5act	True
DEL5actrepl2	DEL5actrepl2	DEL5act	Tetiana_del_strains	DEL5act	sample_id: (carbon source)-(biological replicate id)(technical replicate id)				Tetiana	PAIRED	ILLUMINA	/home/nilmat/reads/streptsd/ready/azenta_dec2023/DEL5actrepl2_R1_001.fastq.gz	/home/nilmat/reads/streptsd/ready/azenta_dec2023/DEL5actrepl2_R2_001.fastq.gz	False	control	True	True	True	True	Tetiana_del_strains:DEL5act	True
DEL5actrepl3	DEL5actrepl3	DEL5act	Tetiana_del_strains	DEL5act	sample_id: (carbon source)-(biological replicate id)(technical replicate id)				Tetiana	PAIRED	ILLUMINA	/home/nilmat/reads/streptsd/ready/azenta_dec2023/DEL5actrepl3_R1_001.fastq.gz	/home/nilmat/reads/streptsd/ready/azenta_dec2023/DEL5actrepl3_R2_001.fastq.gz	False	control	True	True	True	True	Tetiana_del_strains:DEL5act	True
DEL5repl1	DEL5repl1	DEL5	Tetiana_del_strains	DEL5	sample_id: (carbon source)-(biological replicate id)(technical replicate id)				Tetiana	PAIRED	ILLUMINA	/home/nilmat/reads/streptsd/ready/azenta_dec2023/DEL5repl1_R1_001.fastq.gz	/home/nilmat/reads/streptsd/ready/azenta_dec2023/DEL5repl1_R2_001.fastq.gz	False	control	True	True	True	True	Tetiana_del_strains:DEL5	True
DEL5repl2	DEL5repl2	DEL5	Tetiana_del_strains	DEL5	sample_id: (carbon source)-(biological replicate id)(technical replicate id)				Tetiana	PAIRED	ILLUMINA	/home/nilmat/reads/streptsd/ready/azenta_dec2023/DEL5repl2_R1_001.fastq.gz	/home/nilmat/reads/streptsd/ready/azenta_dec2023/DEL5repl2_R2_001.fastq.gz	False	control	True	True	True	True	Tetiana_del_strains:DEL5	True
DEL5repl3	DEL5repl3	DEL5	Tetiana_del_strains	DEL5	sample_id: (carbon source)-(biological replicate id)(technical replicate id)				Tetiana	PAIRED	ILLUMINA	/home/nilmat/reads/streptsd/ready/azenta_dec2023/DEL5repl3_R1_001.fastq.gz	/home/nilmat/reads/streptsd/ready/azenta_dec2023/DEL5repl3_R2_001.fastq.gz	False	control	True	True	True	True	Tetiana_del_strains:DEL5	True
DEL6actrepl1	DEL6actrepl1	DEL6act	Tetiana_del_strains	DEL6act	sample_id: (carbon source)-(biological replicate id)(technical replicate id)				Tetiana	PAIRED	ILLUMINA	/home/nilmat/reads/streptsd/ready/azenta_dec2023/DEL6actrepl1_R1_001.fastq.gz	/home/nilmat/reads/streptsd/ready/azenta_dec2023/DEL6actrepl1_R2_001.fastq.gz	False	control	True	True	True	True	Tetiana_del_strains:DEL6act	True
DEL6actrepl2	DEL6actrepl2	DEL6act	Tetiana_del_strains	DEL6act	sample_id: (carbon source)-(biological replicate id)(technical replicate id)				Tetiana	PAIRED	ILLUMINA	/home/nilmat/reads/streptsd/ready/azenta_dec2023/DEL6actrepl2_R1_001.fastq.gz	/home/nilmat/reads/streptsd/ready/azenta_dec2023/DEL6actrepl2_R2_001.fastq.gz	False	control	True	True	True	True	Tetiana_del_strains:DEL6act	True
DEL6actrepl3	DEL6actrepl3	DEL6act	Tetiana_del_strains	DEL6act	sample_id: (carbon source)-(biological replicate id)(technical replicate id)				Tetiana	PAIRED	ILLUMINA	/home/nilmat/reads/streptsd/ready/azenta_dec2023/DEL6actrepl3_R1_001.fastq.gz	/home/nilmat/reads/streptsd/ready/azenta_dec2023/DEL6actrepl3_R2_001.fastq.gz	False	control	True	True	True	True	Tetiana_del_strains:DEL6act	True
DEL6repl1	DEL6repl1	DEL6	Tetiana_del_strains	DEL6	sample_id: (carbon source)-(biological replicate id)(technical replicate id)				Tetiana	PAIRED	ILLUMINA	/home/nilmat/reads/streptsd/ready/azenta_dec2023/DEL6repl1_R1_001.fastq.gz	/home/nilmat/reads/streptsd/ready/azenta_dec2023/DEL6repl1_R2_001.fastq.gz	False	control	True	True	True	True	Tetiana_del_strains:DEL6	True
DEL6repl2	DEL6repl2	DEL6	Tetiana_del_strains	DEL6	sample_id: (carbon source)-(biological replicate id)(technical replicate id)				Tetiana	PAIRED	ILLUMINA	/home/nilmat/reads/streptsd/ready/azenta_dec2023/DEL6repl2_R1_001.fastq.gz	/home/nilmat/reads/streptsd/ready/azenta_dec2023/DEL6repl2_R2_001.fastq.gz	False	control	True	True	True	True	Tetiana_del_strains:DEL6	True
DEL6repl3	DEL6repl3	DEL6	Tetiana_del_strains	DEL6	sample_id: (carbon source)-(biological replicate id)(technical replicate id)				Tetiana	PAIRED	ILLUMINA	/home/nilmat/reads/streptsd/ready/azenta_dec2023/DEL6repl3_R1_001.fastq.gz	/home/nilmat/reads/streptsd/ready/azenta_dec2023/DEL6repl3_R2_001.fastq.gz	False	control	True	True	True	True	Tetiana_del_strains:DEL6	True
DEL7actrepl1	DEL7actrepl1	DEL7act	Tetiana_del_strains	DEL7act	sample_id: (carbon source)-(biological replicate id)(technical replicate id)				Tetiana	PAIRED	ILLUMINA	/home/nilmat/reads/streptsd/ready/azenta_dec2023/DEL7actrepl1_R1_001.fastq.gz	/home/nilmat/reads/streptsd/ready/azenta_dec2023/DEL7actrepl1_R2_001.fastq.gz	False	control	True	True	True	True	Tetiana_del_strains:DEL7act	True
DEL7actrepl2	DEL7actrepl2	DEL7act	Tetiana_del_strains	DEL7act	sample_id: (carbon source)-(biological replicate id)(technical replicate id)				Tetiana	PAIRED	ILLUMINA	/home/nilmat/reads/streptsd/ready/azenta_dec2023/DEL7actrepl2_R1_001.fastq.gz	/home/nilmat/reads/streptsd/ready/azenta_dec2023/DEL7actrepl2_R2_001.fastq.gz	False	control	True	True	True	True	Tetiana_del_strains:DEL7act	True
DEL7actrepl3	DEL7actrepl3	DEL7act	Tetiana_del_strains	DEL7act	sample_id: (carbon source)-(biological replicate id)(technical replicate id)				Tetiana	PAIRED	ILLUMINA	/home/nilmat/reads/streptsd/ready/azenta_dec2023/DEL7actrepl3_R1_001.fastq.gz	/home/nilmat/reads/streptsd/ready/azenta_dec2023/DEL7actrepl3_R2_001.fastq.gz	False	control	True	True	True	True	Tetiana_del_strains:DEL7act	True
DEL7repl1	DEL7repl1	DEL7	Tetiana_del_strains	DEL7	sample_id: (carbon source)-(biological replicate id)(technical replicate id)				Tetiana	PAIRED	ILLUMINA	/home/nilmat/reads/streptsd/ready/azenta_dec2023/DEL7repl1_R1_001.fastq.gz	/home/nilmat/reads/streptsd/ready/azenta_dec2023/DEL7repl1_R2_001.fastq.gz	False	control	True	True	True	True	Tetiana_del_strains:DEL7	True
DEL7repl2	DEL7repl2	DEL7	Tetiana_del_strains	DEL7	sample_id: (carbon source)-(biological replicate id)(technical replicate id)				Tetiana	PAIRED	ILLUMINA	/home/nilmat/reads/streptsd/ready/azenta_dec2023/DEL7repl2_R1_001.fastq.gz	/home/nilmat/reads/streptsd/ready/azenta_dec2023/DEL7repl2_R2_001.fastq.gz	False	control	True	True	True	True	Tetiana_del_strains:DEL7	True
DEL7repl3	DEL7repl3	DEL7	Tetiana_del_strains	DEL7	sample_id: (carbon source)-(biological replicate id)(technical replicate id)				Tetiana	PAIRED	ILLUMINA	/home/nilmat/reads/streptsd/ready/azenta_dec2023/DEL7repl3_R1_001.fastq.gz	/home/nilmat/reads/streptsd/ready/azenta_dec2023/DEL7repl3_R2_001.fastq.gz	False	control	True	True	True	True	Tetiana_del_strains:DEL7	True
DEL8actrepl1	DEL8actrepl1	DEL8act	Tetiana_del_strains	DEL8act	sample_id: (carbon source)-(biological replicate id)(technical replicate id)				Tetiana	PAIRED	ILLUMINA	/home/nilmat/reads/streptsd/ready/azenta_dec2023/DEL8actrepl1_R1_001.fastq.gz	/home/nilmat/reads/streptsd/ready/azenta_dec2023/DEL8actrepl1_R2_001.fastq.gz	False	control	True	True	True	True	Tetiana_del_strains:DEL8act	True
DEL8actrepl2	DEL8actrepl2	DEL8act	Tetiana_del_strains	DEL8act	sample_id: (carbon source)-(biological replicate id)(technical replicate id)				Tetiana	PAIRED	ILLUMINA	/home/nilmat/reads/streptsd/ready/azenta_dec2023/DEL8actrepl2_R1_001.fastq.gz	/home/nilmat/reads/streptsd/ready/azenta_dec2023/DEL8actrepl2_R2_001.fastq.gz	False	control	True	True	True	True	Tetiana_del_strains:DEL8act	True
DEL8actrepl3	DEL8actrepl3	DEL8act	Tetiana_del_strains	DEL8act	sample_id: (carbon source)-(biological replicate id)(technical replicate id)				Tetiana	PAIRED	ILLUMINA	/home/nilmat/reads/streptsd/ready/azenta_dec2023/DEL8actrepl3_R1_001.fastq.gz	/home/nilmat/reads/streptsd/ready/azenta_dec2023/DEL8actrepl3_R2_001.fastq.gz	False	control	True	True	True	True	Tetiana_del_strains:DEL8act	True
DEL10actrepl1	DEL10actrepl1	DEL10act	Tetiana_del_strains	DEL10act	sample_id: (carbon source)-(biological replicate id)(technical replicate id)				Tetiana	PAIRED	ILLUMINA	/home/nilmat/reads/streptsd/ready/azenta_dec2023/DEL10actrepl1_R1_001.fastq.gz	/home/nilmat/reads/streptsd/ready/azenta_dec2023/DEL10actrepl1_R2_001.fastq.gz	False	control	True	True	True	True	Tetiana_del_strains:DEL10act	True
DEL10actrepl2	DEL10actrepl2	DEL10act	Tetiana_del_strains	DEL10act	sample_id: (carbon source)-(biological replicate id)(technical replicate id)				Tetiana	PAIRED	ILLUMINA	/home/nilmat/reads/streptsd/ready/azenta_dec2023/DEL10actrepl2_R1_001.fastq.gz	/home/nilmat/reads/streptsd/ready/azenta_dec2023/DEL10actrepl2_R2_001.fastq.gz	False	control	True	True	True	True	Tetiana_del_strains:DEL10act	True
DEL10actrepl3	DEL10actrepl3	DEL10act	Tetiana_del_strains	DEL10act	sample_id: (carbon source)-(biological replicate id)(technical replicate id)				Tetiana	PAIRED	ILLUMINA	/home/nilmat/reads/streptsd/ready/azenta_dec2023/DEL10actrepl3_R1_001.fastq.gz	/home/nilmat/reads/streptsd/ready/azenta_dec2023/DEL10actrepl3_R2_001.fastq.gz	False	control	True	True	True	True	Tetiana_del_strains:DEL10act	True
DEL8repl1	DEL8repl1	DEL8	Tetiana_del_strains	DEL8	sample_id: (carbon source)-(biological replicate id)(technical replicate id)				Tetiana	PAIRED	ILLUMINA	/home/nilmat/reads/streptsd/ready/azenta_dec2023/DEL8repl1_R1_001.fastq.gz	/home/nilmat/reads/streptsd/ready/azenta_dec2023/DEL8repl1_R2_001.fastq.gz	False	control	True	True	True	True	Tetiana_del_strains:DEL8	True
DEL8repl2	DEL8repl2	DEL8	Tetiana_del_strains	DEL8	sample_id: (carbon source)-(biological replicate id)(technical replicate id)				Tetiana	PAIRED	ILLUMINA	/home/nilmat/reads/streptsd/ready/azenta_dec2023/DEL8repl2_R1_001.fastq.gz	/home/nilmat/reads/streptsd/ready/azenta_dec2023/DEL8repl2_R2_001.fastq.gz	False	control	True	True	True	True	Tetiana_del_strains:DEL8	True
DEL8repl3	DEL8repl3	DEL8	Tetiana_del_strains	DEL8	sample_id: (carbon source)-(biological replicate id)(technical replicate id)				Tetiana	PAIRED	ILLUMINA	/home/nilmat/reads/streptsd/ready/azenta_dec2023/DEL8repl3_R1_001.fastq.gz	/home/nilmat/reads/streptsd/ready/azenta_dec2023/DEL8repl3_R2_001.fastq.gz	False	control	True	True	True	True	Tetiana_del_strains:DEL8	True
DEL9actrepl1	DEL9actrepl1	DEL9act	Tetiana_del_strains	DEL9act	sample_id: (carbon source)-(biological replicate id)(technical replicate id)				Tetiana	PAIRED	ILLUMINA	/home/nilmat/reads/streptsd/ready/azenta_dec2023/DEL9actrepl1_R1_001.fastq.gz	/home/nilmat/reads/streptsd/ready/azenta_dec2023/DEL9actrepl1_R2_001.fastq.gz	False	control	True	True	True	True	Tetiana_del_strains:DEL9act	True
DEL9actrepl2	DEL9actrepl2	DEL9act	Tetiana_del_strains	DEL9act	sample_id: (carbon source)-(biological replicate id)(technical replicate id)				Tetiana	PAIRED	ILLUMINA	/home/nilmat/reads/streptsd/ready/azenta_dec2023/DEL9actrepl2_R1_001.fastq.gz	/home/nilmat/reads/streptsd/ready/azenta_dec2023/DEL9actrepl2_R2_001.fastq.gz	False	control	True	True	True	True	Tetiana_del_strains:DEL9act	True
DEL9actrepl3	DEL9actrepl3	DEL9act	Tetiana_del_strains	DEL9act	sample_id: (carbon source)-(biological replicate id)(technical replicate id)				Tetiana	PAIRED	ILLUMINA	/home/nilmat/reads/streptsd/ready/azenta_dec2023/DEL9actrepl3_R1_001.fastq.gz	/home/nilmat/reads/streptsd/ready/azenta_dec2023/DEL9actrepl3_R2_001.fastq.gz	False	control	True	True	True	True	Tetiana_del_strains:DEL9act	True
DEL9repl1	DEL9repl1	DEL9	Tetiana_del_strains	DEL9	sample_id: (carbon source)-(biological replicate id)(technical replicate id)				Tetiana	PAIRED	ILLUMINA	/home/nilmat/reads/streptsd/ready/azenta_dec2023/DEL9repl1_R1_001.fastq.gz	/home/nilmat/reads/streptsd/ready/azenta_dec2023/DEL9repl1_R2_001.fastq.gz	False	control	True	True	True	True	Tetiana_del_strains:DEL9	True
DEL9repl2	DEL9repl2	DEL9	Tetiana_del_strains	DEL9	sample_id: (carbon source)-(biological replicate id)(technical replicate id)				Tetiana	PAIRED	ILLUMINA	/home/nilmat/reads/streptsd/ready/azenta_dec2023/DEL9repl2_R1_001.fastq.gz	/home/nilmat/reads/streptsd/ready/azenta_dec2023/DEL9repl2_R2_001.fastq.gz	False	control	True	True	True	True	Tetiana_del_strains:DEL9	True
DEL9repl3	DEL9repl3	DEL9	Tetiana_del_strains	DEL9	sample_id: (carbon source)-(biological replicate id)(technical replicate id)				Tetiana	PAIRED	ILLUMINA	/home/nilmat/reads/streptsd/ready/azenta_dec2023/DEL9repl3_R1_001.fastq.gz	/home/nilmat/reads/streptsd/ready/azenta_dec2023/DEL9repl3_R2_001.fastq.gz	False	control	True	True	True	True	Tetiana_del_strains:DEL9	True
DEL10repl1	DEL10repl1	DEL10	Tetiana_del_strains	DEL10	sample_id: (carbon source)-(biological replicate id)(technical replicate id)				Tetiana	PAIRED	ILLUMINA	/home/nilmat/reads/streptsd/ready/azenta_dec2023/DEL10repl1_R1_001.fastq.gz	/home/nilmat/reads/streptsd/ready/azenta_dec2023/DEL10repl1_R2_001.fastq.gz	False	control	True	True	True	True	Tetiana_del_strains:DEL10	True
DEL10repl2	DEL10repl2	DEL10	Tetiana_del_strains	DEL10	sample_id: (carbon source)-(biological replicate id)(technical replicate id)				Tetiana	PAIRED	ILLUMINA	/home/nilmat/reads/streptsd/ready/azenta_dec2023/DEL10repl2_R1_001.fastq.gz	/home/nilmat/reads/streptsd/ready/azenta_dec2023/DEL10repl2_R2_001.fastq.gz	False	control	True	True	True	True	Tetiana_del_strains:DEL10	True
DEL10repl3	DEL10repl3	DEL10	Tetiana_del_strains	DEL10	sample_id: (carbon source)-(biological replicate id)(technical replicate id)				Tetiana	PAIRED	ILLUMINA	/home/nilmat/reads/streptsd/ready/azenta_dec2023/DEL10repl3_R1_001.fastq.gz	/home/nilmat/reads/streptsd/ready/azenta_dec2023/DEL10repl3_R2_001.fastq.gz	False	control	True	True	True	True	Tetiana_del_strains:DEL10	True
DEL11actrepl2	DEL11actrepl2	DEL11act	Tetiana_del_strains	DEL11act	sample_id: (carbon source)-(biological replicate id)(technical replicate id)				Tetiana	PAIRED	ILLUMINA	/home/nilmat/reads/streptsd/ready/azenta_dec2023/DEL11actrepl2_R1_001.fastq.gz	/home/nilmat/reads/streptsd/ready/azenta_dec2023/DEL11actrepl2_R2_001.fastq.gz	False	control	True	True	True	True	Tetiana_del_strains:DEL11act	True
DEL11actrepl3	DEL11actrepl3	DEL11act	Tetiana_del_strains	DEL11act	sample_id: (carbon source)-(biological replicate id)(technical replicate id)				Tetiana	PAIRED	ILLUMINA	/home/nilmat/reads/streptsd/ready/azenta_dec2023/DEL11actrepl3_R1_001.fastq.gz	/home/nilmat/reads/streptsd/ready/azenta_dec2023/DEL11actrepl3_R2_001.fastq.gz	False	control	True	True	True	True	Tetiana_del_strains:DEL11act	True
DEL11repl1	DEL11repl1	DEL11	Tetiana_del_strains	DEL11	sample_id: (carbon source)-(biological replicate id)(technical replicate id)				Tetiana	PAIRED	ILLUMINA	/home/nilmat/reads/streptsd/ready/azenta_dec2023/DEL11repl1_R1_001.fastq.gz	/home/nilmat/reads/streptsd/ready/azenta_dec2023/DEL11repl1_R2_001.fastq.gz	False	control	True	True	True	True	Tetiana_del_strains:DEL11	True
DEL11repl2	DEL11repl2	DEL11	Tetiana_del_strains	DEL11	sample_id: (carbon source)-(biological replicate id)(technical replicate id)				Tetiana	PAIRED	ILLUMINA	/home/nilmat/reads/streptsd/ready/azenta_dec2023/DEL11repl2_R1_001.fastq.gz	/home/nilmat/reads/streptsd/ready/azenta_dec2023/DEL11repl2_R2_001.fastq.gz	False	control	True	True	True	True	Tetiana_del_strains:DEL11	True
DEL11repl3	DEL11repl3	DEL11	Tetiana_del_strains	DEL11	sample_id: (carbon source)-(biological replicate id)(technical replicate id)				Tetiana	PAIRED	ILLUMINA	/home/nilmat/reads/streptsd/ready/azenta_dec2023/DEL11repl3_R1_001.fastq.gz	/home/nilmat/reads/streptsd/ready/azenta_dec2023/DEL11repl3_R2_001.fastq.gz	False	control	True	True	True	True	Tetiana_del_strains:DEL11	True
J1074actrepl1	J1074actrepl1	J1074act	Tetiana_del_strains	J1074act	sample_id: (carbon source)-(biological replicate id)(technical replicate id)				Tetiana	PAIRED	ILLUMINA	/home/nilmat/reads/streptsd/ready/azenta_dec2023/J1074actrepl1_R1_001.fastq.gz	/home/nilmat/reads/streptsd/ready/azenta_dec2023/J1074actrepl1_R2_001.fastq.gz	False	control	True	True	True	True	Tetiana_del_strains:J1074act	True
J1074actrepl2	J1074actrepl2	J1074act	Tetiana_del_strains	J1074act	sample_id: (carbon source)-(biological replicate id)(technical replicate id)				Tetiana	PAIRED	ILLUMINA	/home/nilmat/reads/streptsd/ready/azenta_dec2023/J1074actrepl2_R1_001.fastq.gz	/home/nilmat/reads/streptsd/ready/azenta_dec2023/J1074actrepl2_R2_001.fastq.gz	False	control	True	True	True	True	Tetiana_del_strains:J1074act	True
J1074actrepl3	J1074actrepl3	J1074act	Tetiana_del_strains	J1074act	sample_id: (carbon source)-(biological replicate id)(technical replicate id)				Tetiana	PAIRED	ILLUMINA	/home/nilmat/reads/streptsd/ready/azenta_dec2023/J1074actrepl3_R1_001.fastq.gz	/home/nilmat/reads/streptsd/ready/azenta_dec2023/J1074actrepl3_R2_001.fastq.gz	False	control	True	True	True	True	Tetiana_del_strains:J1074act	True
J1074repl1	J1074repl1	J1074	Tetiana_del_strains	J1074	sample_id: (carbon source)-(biological replicate id)(technical replicate id)				Tetiana	PAIRED	ILLUMINA	/home/nilmat/reads/streptsd/ready/azenta_dec2023/J1074repl1_R1_001.fastq.gz	/home/nilmat/reads/streptsd/ready/azenta_dec2023/J1074repl1_R2_001.fastq.gz	False	control	True	True	True	True	Tetiana_del_strains:J1074	True
J1074repl2	J1074repl2	J1074	Tetiana_del_strains	J1074	sample_id: (carbon source)-(biological replicate id)(technical replicate id)				Tetiana	PAIRED	ILLUMINA	/home/nilmat/reads/streptsd/ready/azenta_dec2023/J1074repl2_R1_001.fastq.gz	/home/nilmat/reads/streptsd/ready/azenta_dec2023/J1074repl2_R2_001.fastq.gz	False	control	True	True	True	True	Tetiana_del_strains:J1074	True
J1074repl3	J1074repl3	J1074	Tetiana_del_strains	J1074	sample_id: (carbon source)-(biological replicate id)(technical replicate id)				Tetiana	PAIRED	ILLUMINA	/home/nilmat/reads/streptsd/ready/azenta_dec2023/J1074repl3_R1_001.fastq.gz	/home/nilmat/reads/streptsd/ready/azenta_dec2023/J1074repl3_R2_001.fastq.gz	False	control	True	True	True	True	Tetiana_del_strains:J1074	True
