experiment	sample_id	strain	project	condition	notes	run	ReleaseDate	Type	sequencing_run	LibraryLayout	Platform	R1	R2	skip	reference_condition	passed_fastqc	passed_contamination_check	passed_reads_mapped_to_CDS	passed_global_correlation	full_name	passed_replicate_correlations
Control1-MSG	Control1-MSG	J1074	Control	control	sample_id: (carbon source)-(biological replicate id)(technical replicate id)		20/12/2023	in-house	run_03	PAIRED	ILLUMINA	/home/nilmat/reads/streptsd/ready/azenta_run_03/Control-1_R1_001.fastq.gz	/home/nilmat/reads/streptsd/ready/azenta_run_03/Control-1_R2_001.fastq.gz	FALSE	control	TRUE	TRUE	TRUE	TRUE	PRECISE:control	TRUE
Control2-MSG	Control2-MSG	J1074	Control	control	sample_id: (carbon source)-(biological replicate id)(technical replicate id)		20/12/2023	in-house	run_03	PAIRED	ILLUMINA	/home/nilmat/reads/streptsd/ready/azenta_run_03/Control-2_R1_001.fastq.gz	/home/nilmat/reads/streptsd/ready/azenta_run_03/Control-2_R2_001.fastq.gz	FALSE	control	TRUE	TRUE	TRUE	TRUE	PRECISE:control	TRUE
27-J1074-RNA-Cryo-MM	27-J1074-RNA-Cryo-MM	J1074	Batchcontrol	Batchcontrol	sample_id:(carbonsource)-(biologicalreplicateid)(technicalreplicateid)		20/04/2024	in-house	Nils	PAIRED	ILLUMINA	/home/nilmat/reads/streptsd/ready/azenta_feb2024/27-J1074-RNA-Cryo-MM_R1_001.fastq.gz	/home/nilmat/reads/streptsd/ready/azenta_feb2024/27-J1074-RNA-Cryo-MM_R2_001.fastq.gz	FALSE	control	TRUE	TRUE	TRUE	TRUE	PRECISE:Batchcontrol	TRUE
28-J1074-RNA-Cryo-MM	28-J1074-RNA-Cryo-MM	J1074	Batchcontrol	Batchcontrol	sample_id:(carbonsource)-(biologicalreplicateid)(technicalreplicateid)		20/04/2024	in-house	Nils	PAIRED	ILLUMINA	/home/nilmat/reads/streptsd/ready/azenta_feb2024/28-J1074-RNA-Cryo-MM_R1_001.fastq.gz	/home/nilmat/reads/streptsd/ready/azenta_feb2024/28-J1074-RNA-Cryo-MM_R2_001.fastq.gz	FALSE	control	TRUE	TRUE	TRUE	TRUE	PRECISE:Batchcontrol	TRUE
7_Plate_A_MS	7_Plate_A_MS	J1074	Solid culture	Plate_A	sample_id: (carbon source)-(biological replicate id)(technical replicate id)		20/04/2024	in-house	Nils	PAIRED	ILLUMINA	/home/nilmat/reads/streptsd/ready/azenta_feb2024/7-J1074-RNA-Plate-A-MS_R1_001.fastq.gz	/home/nilmat/reads/streptsd/ready/azenta_feb2024/7-J1074-RNA-Plate-A-MS_R2_001.fastq.gz	FALSE	control	TRUE	TRUE	TRUE	TRUE	PRECISE:Plate_A	TRUE
8_Plate_A_MS	8_Plate_A_MS	J1074	Solid culture	Plate_A	sample_id: (carbon source)-(biological replicate id)(technical replicate id)		20/04/2024	in-house	Nils	PAIRED	ILLUMINA	/home/nilmat/reads/streptsd/ready/azenta_feb2024/8-J1074-RNA-Plate-A-MS_R1_001.fastq.gz	/home/nilmat/reads/streptsd/ready/azenta_feb2024/8-J1074-RNA-Plate-A-MS_R2_001.fastq.gz	FALSE	control	TRUE	TRUE	TRUE	TRUE	PRECISE:Plate_A	TRUE
10_Plate_B_MS	10_Plate_B_MS	J1074	Solid culture	Plate_B	sample_id: (carbon source)-(biological replicate id)(technical replicate id)		20/04/2024	in-house	Nils	PAIRED	ILLUMINA	/home/nilmat/reads/streptsd/ready/azenta_feb2024/10-J1074-RNA-Plate-B-MS_R1_001.fastq.gz	/home/nilmat/reads/streptsd/ready/azenta_feb2024/10-J1074-RNA-Plate-B-MS_R2_001.fastq.gz	FALSE	control	TRUE	TRUE	TRUE	TRUE	PRECISE:Plate_B	TRUE
9_Plate_B_MS	9_Plate_B_MS	J1074	Solid culture	Plate_B	sample_id: (carbon source)-(biological replicate id)(technical replicate id)		20/04/2024	in-house	Nils	PAIRED	ILLUMINA	/home/nilmat/reads/streptsd/ready/azenta_feb2024/9-J1074-RNA-Plate-B-MS_R1_001.fastq.gz	/home/nilmat/reads/streptsd/ready/azenta_feb2024/9-J1074-RNA-Plate-B-MS_R2_001.fastq.gz	FALSE	control	TRUE	TRUE	TRUE	TRUE	PRECISE:Plate_B	TRUE
11-J1074-RNA-Plate-Filter2A-MS	11-J1074-RNA-Plate-Filter2A-MS	J1074	Solid culture	Plate-filter-2A	sample_id: (carbon source)-(biological replicate id)(technical replicate id)		20/04/2024	in-house	Nils	PAIRED	ILLUMINA	/home/nilmat/reads/streptsd/ready/azenta_feb2024/11-J1074-RNA-Plate-Filter2A-MS_R1_001.fastq.gz	/home/nilmat/reads/streptsd/ready/azenta_feb2024/11-J1074-RNA-Plate-Filter2A-MS_R2_001.fastq.gz	FALSE	control	TRUE	TRUE	TRUE	TRUE	PRECISE:Plate-filter-2A	TRUE
12-J1074-RNA-Plate-Filter2A-MS	12-J1074-RNA-Plate-Filter2A-MS	J1074	Solid culture	Plate-filter-2A	sample_id: (carbon source)-(biological replicate id)(technical replicate id)		20/04/2024	in-house	Nils	PAIRED	ILLUMINA	/home/nilmat/reads/streptsd/ready/azenta_feb2024/12-J1074-RNA-Plate-Filter2A-MS_R1_001.fastq.gz	/home/nilmat/reads/streptsd/ready/azenta_feb2024/12-J1074-RNA-Plate-Filter2A-MS_R2_001.fastq.gz	FALSE	control	TRUE	TRUE	TRUE	TRUE	PRECISE:Plate-filter-2A	TRUE
13-J1074-RNA-Plate-Filter2A-MS	13-J1074-RNA-Plate-Filter2A-MS	J1074	Solid culture	Plate-filter-2A	sample_id: (carbon source)-(biological replicate id)(technical replicate id)		20/04/2024	in-house	Nils	PAIRED	ILLUMINA	/home/nilmat/reads/streptsd/ready/azenta_feb2024/13-J1074-RNA-Plate-Filter2A-MS_R1_001.fastq.gz	/home/nilmat/reads/streptsd/ready/azenta_feb2024/13-J1074-RNA-Plate-Filter2A-MS_R2_001.fastq.gz	FALSE	control	TRUE	TRUE	TRUE	TRUE	PRECISE:Plate-filter-2A	TRUE
14-J1074-RNA-Plate-Filter2A-MS	14-J1074-RNA-Plate-Filter2A-MS	J1074	Solid culture	Plate-filter-2A	sample_id: (carbon source)-(biological replicate id)(technical replicate id)		20/04/2024	in-house	Nils	PAIRED	ILLUMINA	/home/nilmat/reads/streptsd/ready/azenta_feb2024/14-J1074-RNA-Plate-Filter2A-MS_R1_001.fastq.gz	/home/nilmat/reads/streptsd/ready/azenta_feb2024/14-J1074-RNA-Plate-Filter2A-MS_R2_001.fastq.gz	FALSE	control	TRUE	TRUE	TRUE	TRUE	PRECISE:Plate-filter-2A	TRUE
17-J1074-RNA-30min-MM-MSG	17-J1074-RNA-30min-MM-MSG	J1074	Time course MSG	MM30min	sample_id:(carbonsource)-(biologicalreplicateid)(technicalreplicateid)		20/04/2024	in-house	Nils	PAIRED	ILLUMINA	/home/nilmat/reads/streptsd/ready/azenta_feb2024/17-J1074-RNA-30min-MM-MSG_R1_001.fastq.gz	/home/nilmat/reads/streptsd/ready/azenta_feb2024/17-J1074-RNA-30min-MM-MSG_R2_001.fastq.gz	FALSE	control	TRUE	TRUE	TRUE	TRUE	PRECISE:MM30min	TRUE
18-J1074-RNA-30min-MM-MSG	18-J1074-RNA-30min-MM-MSG	J1074	Time course MSG	MM30min	sample_id:(carbonsource)-(biologicalreplicateid)(technicalreplicateid)		20/04/2024	in-house	Nils	PAIRED	ILLUMINA	/home/nilmat/reads/streptsd/ready/azenta_feb2024/18-J1074-RNA-30min-MM-MSG_R1_001.fastq.gz	/home/nilmat/reads/streptsd/ready/azenta_feb2024/18-J1074-RNA-30min-MM-MSG_R2_001.fastq.gz	FALSE	control	TRUE	TRUE	TRUE	TRUE	PRECISE:MM30min	TRUE
358-24hMSG	358-24hMSG	J1074	Time course MSG	24h MSG	sample_id: (carbon source)-(biological replicate id)(technical replicate id)		20/12/2023	in-house	run_03	PAIRED	ILLUMINA	/home/nilmat/reads/streptsd/ready/azenta_run_03/358_R1_001.fastq.gz	/home/nilmat/reads/streptsd/ready/azenta_run_03/358_R2_001.fastq.gz	FALSE	control	TRUE	TRUE	TRUE	TRUE	PRECISE:24h MSG	TRUE
359-24hMSG	359-24hMSG	J1074	Time course MSG	24h MSG	sample_id: (carbon source)-(biological replicate id)(technical replicate id)		20/12/2023	in-house	run_03	PAIRED	ILLUMINA	/home/nilmat/reads/streptsd/ready/azenta_run_03/359_R1_001.fastq.gz	/home/nilmat/reads/streptsd/ready/azenta_run_03/359_R2_001.fastq.gz	FALSE	control	TRUE	TRUE	TRUE	TRUE	PRECISE:24h MSG	TRUE
360-24hMSG	360-24hMSG	J1074	Time course MSG	24h MSG	sample_id: (carbon source)-(biological replicate id)(technical replicate id)		20/12/2023	in-house	run_03	PAIRED	ILLUMINA	/home/nilmat/reads/streptsd/ready/azenta_run_03/360_R1_001.fastq.gz	/home/nilmat/reads/streptsd/ready/azenta_run_03/360_R2_001.fastq.gz	FALSE	control	TRUE	TRUE	TRUE	TRUE	PRECISE:24h MSG	TRUE
370-48hMSG	370-48hMSG	J1074	Time course MSG	48h MSG	sample_id: (carbon source)-(biological replicate id)(technical replicate id)		20/12/2023	in-house	run_03	PAIRED	ILLUMINA	/home/nilmat/reads/streptsd/ready/azenta_run_03/370_R1_001.fastq.gz	/home/nilmat/reads/streptsd/ready/azenta_run_03/370_R2_001.fastq.gz	FALSE	control	TRUE	TRUE	TRUE	TRUE	PRECISE:48h MSG	TRUE
371-48hMSG	371-48hMSG	J1074	Time course MSG	48h MSG	sample_id: (carbon source)-(biological replicate id)(technical replicate id)		20/12/2023	in-house	run_03	PAIRED	ILLUMINA	/home/nilmat/reads/streptsd/ready/azenta_run_03/371_R1_001.fastq.gz	/home/nilmat/reads/streptsd/ready/azenta_run_03/371_R2_001.fastq.gz	FALSE	control	TRUE	TRUE	TRUE	TRUE	PRECISE:48h MSG	TRUE
372-48hMSG	372-48hMSG	J1074	Time course MSG	48h MSG	sample_id: (carbon source)-(biological replicate id)(technical replicate id)		20/12/2023	in-house	run_03	PAIRED	ILLUMINA	/home/nilmat/reads/streptsd/ready/azenta_run_03/372_R1_001.fastq.gz	/home/nilmat/reads/streptsd/ready/azenta_run_03/372_R2_001.fastq.gz	FALSE	control	TRUE	TRUE	TRUE	TRUE	PRECISE:48h MSG	TRUE
382-72hMSG	382-72hMSG	J1074	Time course MSG	72h MSG	sample_id: (carbon source)-(biological replicate id)(technical replicate id)		20/12/2023	in-house	run_03	PAIRED	ILLUMINA	/home/nilmat/reads/streptsd/ready/azenta_run_03/382_R1_001.fastq.gz	/home/nilmat/reads/streptsd/ready/azenta_run_03/382_R2_001.fastq.gz	FALSE	control	TRUE	TRUE	TRUE	TRUE	PRECISE:72h MSG	TRUE
383-72hMSG	383-72hMSG	J1074	Time course MSG	72h MSG	sample_id: (carbon source)-(biological replicate id)(technical replicate id)		20/12/2023	in-house	run_03	PAIRED	ILLUMINA	/home/nilmat/reads/streptsd/ready/azenta_run_03/383_R1_001.fastq.gz	/home/nilmat/reads/streptsd/ready/azenta_run_03/383_R2_001.fastq.gz	FALSE	control	TRUE	TRUE	TRUE	TRUE	PRECISE:72h MSG	TRUE
384-72hMSG	384-72hMSG	J1074	Time course MSG	72h MSG	sample_id: (carbon source)-(biological replicate id)(technical replicate id)		20/12/2023	in-house	run_03	PAIRED	ILLUMINA	/home/nilmat/reads/streptsd/ready/azenta_run_03/384_R1_001.fastq.gz	/home/nilmat/reads/streptsd/ready/azenta_run_03/384_R2_001.fastq.gz	FALSE	control	TRUE	TRUE	TRUE	TRUE	PRECISE:72h MSG	TRUE
15-J1074-RNA-30min-ISP2	15-J1074-RNA-30min-ISP2	J1074	Time course ISP2	ISP230min	sample_id:(carbonsource)-(biologicalreplicateid)(technicalreplicateid)		20/04/2024	in-house	Nils	PAIRED	ILLUMINA	/home/nilmat/reads/streptsd/ready/azenta_feb2024/15-J1074-RNA-30min-ISP2_R1_001.fastq.gz	/home/nilmat/reads/streptsd/ready/azenta_feb2024/15-J1074-RNA-30min-ISP2_R2_001.fastq.gz	FALSE	control	TRUE	TRUE	TRUE	TRUE	PRECISE:ISP230min	TRUE
16-J1074-RNA-30min-ISP2	16-J1074-RNA-30min-ISP2	J1074	Time course ISP2	ISP230min	sample_id:(carbonsource)-(biologicalreplicateid)(technicalreplicateid)		20/04/2024	in-house	Nils	PAIRED	ILLUMINA	/home/nilmat/reads/streptsd/ready/azenta_feb2024/16-J1074-RNA-30min-ISP2_R1_001.fastq.gz	/home/nilmat/reads/streptsd/ready/azenta_feb2024/16-J1074-RNA-30min-ISP2_R2_001.fastq.gz	FALSE	control	TRUE	TRUE	TRUE	TRUE	PRECISE:ISP230min	TRUE
353-24hISP2	353-24hISP2	J1074	Time course ISP2	24h ISP2	sample_id: (carbon source)-(biological replicate id)(technical replicate id)		20/12/2023	in-house	run_03	PAIRED	ILLUMINA	/home/nilmat/reads/streptsd/ready/azenta_run_03/353_R1_001.fastq.gz	/home/nilmat/reads/streptsd/ready/azenta_run_03/353_R2_001.fastq.gz	FALSE	control	TRUE	TRUE	TRUE	TRUE	PRECISE:24h ISP2	TRUE
354-24hISP2	354-24hISP2	J1074	Time course ISP2	24h ISP2	sample_id: (carbon source)-(biological replicate id)(technical replicate id)		20/12/2023	in-house	run_03	PAIRED	ILLUMINA	/home/nilmat/reads/streptsd/ready/azenta_run_03/354_R1_001.fastq.gz	/home/nilmat/reads/streptsd/ready/azenta_run_03/354_R2_001.fastq.gz	FALSE	control	TRUE	TRUE	TRUE	TRUE	PRECISE:24h ISP2	TRUE
365-48hISP2	365-48hISP2	J1074	Time course ISP2	48h ISP2	sample_id: (carbon source)-(biological replicate id)(technical replicate id)		20/12/2023	in-house	run_03	PAIRED	ILLUMINA	/home/nilmat/reads/streptsd/ready/azenta_run_03/365_R1_001.fastq.gz	/home/nilmat/reads/streptsd/ready/azenta_run_03/365_R2_001.fastq.gz	FALSE	control	TRUE	TRUE	TRUE	TRUE	PRECISE:48h ISP2	TRUE
366-48hISP2	366-48hISP2	J1074	Time course ISP2	48h ISP2	sample_id: (carbon source)-(biological replicate id)(technical replicate id)		20/12/2023	in-house	run_03	PAIRED	ILLUMINA	/home/nilmat/reads/streptsd/ready/azenta_run_03/366_R1_001.fastq.gz	/home/nilmat/reads/streptsd/ready/azenta_run_03/366_R2_001.fastq.gz	FALSE	control	TRUE	TRUE	TRUE	TRUE	PRECISE:48h ISP2	TRUE
5_Arabinose_MM	5_Arabinose_MM	J1074	Nutrient source	Arabinose	sample_id: (carbon source)-(biological replicate id)(technical replicate id)		20/04/2024	in-house	Nils	PAIRED	ILLUMINA	/home/nilmat/reads/streptsd/ready/azenta_feb2024/5-J1074-RNA-Arabinose-MM_R1_001.fastq.gz	/home/nilmat/reads/streptsd/ready/azenta_feb2024/5-J1074-RNA-Arabinose-MM_R2_001.fastq.gz	FALSE	control	TRUE	TRUE	TRUE	TRUE	PRECISE:Arabinose	TRUE
6_Arabinose_MM	6_Arabinose_MM	J1074	Nutrient source	Arabinose	sample_id: (carbon source)-(biological replicate id)(technical replicate id)		20/04/2024	in-house	Nils	PAIRED	ILLUMINA	/home/nilmat/reads/streptsd/ready/azenta_feb2024/6-J1074-RNA-Arabinose-MM_R1_001.fastq.gz	/home/nilmat/reads/streptsd/ready/azenta_feb2024/6-J1074-RNA-Arabinose-MM_R2_001.fastq.gz	FALSE	control	TRUE	TRUE	TRUE	TRUE	PRECISE:Arabinose	TRUE
29-Asparagine	29-Asparagine	J1074	Nutrient source	Asparagine	sample_id: (carbon source)-(biological replicate id)(technical replicate id)		20/12/2023	in-house	run_03	PAIRED	ILLUMINA	/home/nilmat/reads/streptsd/ready/azenta_run_03/29_R1_001.fastq.gz	/home/nilmat/reads/streptsd/ready/azenta_run_03/29_R2_001.fastq.gz	FALSE	control	TRUE	TRUE	TRUE	TRUE	PRECISE:Asparagine	TRUE
30-Asparagine	30-Asparagine	J1074	Nutrient source	Asparagine	sample_id: (carbon source)-(biological replicate id)(technical replicate id)		20/12/2023	in-house	run_03	PAIRED	ILLUMINA	/home/nilmat/reads/streptsd/ready/azenta_run_03/30_R1_001.fastq.gz	/home/nilmat/reads/streptsd/ready/azenta_run_03/30_R2_001.fastq.gz	FALSE	control	TRUE	TRUE	TRUE	TRUE	PRECISE:Asparagine	TRUE
138-Dcellobiose	138-Dcellobiose	J1074	Nutrient source	D-cellobiose	sample_id: (carbon source)-(biological replicate id)(technical replicate id)		20/12/2023	in-house	run_03	PAIRED	ILLUMINA	/home/nilmat/reads/streptsd/ready/azenta_run_03/138_R1_001.fastq.gz	/home/nilmat/reads/streptsd/ready/azenta_run_03/138_R2_001.fastq.gz	FALSE	control	TRUE	TRUE	TRUE	TRUE	PRECISE:D-cellobiose	TRUE
140-Dcellobiose	140-Dcellobiose	J1074	Nutrient source	D-cellobiose	sample_id: (carbon source)-(biological replicate id)(technical replicate id)		20/12/2023	in-house	run_03	PAIRED	ILLUMINA	/home/nilmat/reads/streptsd/ready/azenta_run_03/140_R1_001.fastq.gz	/home/nilmat/reads/streptsd/ready/azenta_run_03/140_R2_001.fastq.gz	FALSE	control	TRUE	TRUE	TRUE	TRUE	PRECISE:D-cellobiose	TRUE
1_Mannitol_MM	1_Mannitol_MM	J1074	Nutrient source	D-mannitol	sample_id: (carbon source)-(biological replicate id)(technical replicate id)		20/04/2024	in-house	Nils	PAIRED	ILLUMINA	/home/nilmat/reads/streptsd/ready/azenta_feb2024/1-J1074-RNA-Mannitol-MM_R1_001.fastq.gz	/home/nilmat/reads/streptsd/ready/azenta_feb2024/1-J1074-RNA-Mannitol-MM_R2_001.fastq.gz	FALSE	control	TRUE	TRUE	TRUE	TRUE	PRECISE:D-mannitol	TRUE
2_Mannitol_MM	2_Mannitol_MM	J1074	Nutrient source	D-mannitol	sample_id: (carbon source)-(biological replicate id)(technical replicate id)		20/04/2024	in-house	Nils	PAIRED	ILLUMINA	/home/nilmat/reads/streptsd/ready/azenta_feb2024/2-J1074-RNA-Mannitol-MM_R1_001.fastq.gz	/home/nilmat/reads/streptsd/ready/azenta_feb2024/2-J1074-RNA-Mannitol-MM_R2_001.fastq.gz	FALSE	control	TRUE	TRUE	TRUE	TRUE	PRECISE:D-mannitol	TRUE
333-DNPM	333-DNPM	J1074	Nutrient source	DNPM	sample_id: (carbon source)-(biological replicate id)(technical replicate id)		20/12/2023	in-house	run_03	PAIRED	ILLUMINA	/home/nilmat/reads/streptsd/ready/azenta_run_03/333_R1_001.fastq.gz	/home/nilmat/reads/streptsd/ready/azenta_run_03/333_R2_001.fastq.gz	FALSE	control	TRUE	TRUE	TRUE	TRUE	PRECISE:DNPM	TRUE
334-DNPM	334-DNPM	J1074	Nutrient source	DNPM	sample_id: (carbon source)-(biological replicate id)(technical replicate id)		20/12/2023	in-house	run_03	PAIRED	ILLUMINA	/home/nilmat/reads/streptsd/ready/azenta_run_03/334_R1_001.fastq.gz	/home/nilmat/reads/streptsd/ready/azenta_run_03/334_R2_001.fastq.gz	FALSE	control	TRUE	TRUE	TRUE	TRUE	PRECISE:DNPM	TRUE
253-Fructose	253-Fructose	J1074	Nutrient source	Fructose	sample_id: (carbon source)-(biological replicate id)(technical replicate id)		20/12/2023	in-house	run_03	PAIRED	ILLUMINA	/home/nilmat/reads/streptsd/ready/azenta_run_03/253_R1_001.fastq.gz	/home/nilmat/reads/streptsd/ready/azenta_run_03/253_R2_001.fastq.gz	FALSE	control	TRUE	TRUE	TRUE	TRUE	PRECISE:Fructose	TRUE
255-Fructose	255-Fructose	J1074	Nutrient source	Fructose	sample_id: (carbon source)-(biological replicate id)(technical replicate id)		20/12/2023	in-house	run_03	PAIRED	ILLUMINA	/home/nilmat/reads/streptsd/ready/azenta_run_03/255_R1_001.fastq.gz	/home/nilmat/reads/streptsd/ready/azenta_run_03/255_R2_001.fastq.gz	FALSE	control	TRUE	TRUE	TRUE	TRUE	PRECISE:Fructose	TRUE
155-Glucose	155-Glucose	J1074	Nutrient source	Glucose	sample_id: (carbon source)-(biological replicate id)(technical replicate id)		20/12/2023	in-house	run_03	PAIRED	ILLUMINA	/home/nilmat/reads/streptsd/ready/azenta_run_03/155_R1_001.fastq.gz	/home/nilmat/reads/streptsd/ready/azenta_run_03/155_R2_001.fastq.gz	FALSE	control	TRUE	TRUE	TRUE	TRUE	PRECISE:Glucose	TRUE
156-Glucose	156-Glucose	J1074	Nutrient source	Glucose	sample_id: (carbon source)-(biological replicate id)(technical replicate id)		20/12/2023	in-house	run_03	PAIRED	ILLUMINA	/home/nilmat/reads/streptsd/ready/azenta_run_03/156_R1_001.fastq.gz	/home/nilmat/reads/streptsd/ready/azenta_run_03/156_R2_001.fastq.gz	FALSE	control	TRUE	TRUE	TRUE	TRUE	PRECISE:Glucose	TRUE
650-Glycerol	650-Glycerol	J1074	Nutrient source	Glycerol	sample_id: (carbon source)-(biological replicate id)(technical replicate id)		20/12/2023	in-house	rerun	PAIRED	ILLUMINA	/home/nilmat/reads/streptsd/ready/azenta_aug2023/650_R1_001.fastq.gz	/home/nilmat/reads/streptsd/ready/azenta_aug2023/650_R2_001.fastq.gz	FALSE	control	TRUE	TRUE	TRUE	TRUE	PRECISE:Glycerol	TRUE
651-Glycerol	651-Glycerol	J1074	Nutrient source	Glycerol	sample_id: (carbon source)-(biological replicate id)(technical replicate id)		20/12/2023	in-house	rerun	PAIRED	ILLUMINA	/home/nilmat/reads/streptsd/ready/azenta_aug2023/651_R1_001.fastq.gz	/home/nilmat/reads/streptsd/ready/azenta_aug2023/651_R2_001.fastq.gz	FALSE	control	TRUE	TRUE	TRUE	TRUE	PRECISE:Glycerol	TRUE
149-LAlanine	149-LAlanine	J1074	Nutrient source	L-Alanine	sample_id: (carbon source)-(biological replicate id)(technical replicate id)		20/12/2023	in-house	run_03	PAIRED	ILLUMINA	/home/nilmat/reads/streptsd/ready/azenta_run_03/149_R1_001.fastq.gz	/home/nilmat/reads/streptsd/ready/azenta_run_03/149_R2_001.fastq.gz	FALSE	control	TRUE	TRUE	TRUE	TRUE	PRECISE:L-Alanine	TRUE
150-LAlanine	150-LAlanine	J1074	Nutrient source	L-Alanine	sample_id: (carbon source)-(biological replicate id)(technical replicate id)		20/12/2023	in-house	run_03	PAIRED	ILLUMINA	/home/nilmat/reads/streptsd/ready/azenta_run_03/150_R1_001.fastq.gz	/home/nilmat/reads/streptsd/ready/azenta_run_03/150_R2_001.fastq.gz	FALSE	control	TRUE	TRUE	TRUE	TRUE	PRECISE:L-Alanine	TRUE
L-galactose-1	L-galactose-1	J1074	Nutrient source	L-galactose	"Samples were mistakenly labelled ""L-glutamate"". L-galactose is the carbon source."		20/12/2023	in-house	run_01_02__merged_azenta	PAIRED	ILLUMINA	/home/nimat/reads/streptsd/ready/merged_L-glutamate-1_R1_001.fastq.gz	/home/nilmat/reads/streptsd/ready/merged_L-glutamate-1_R2_001.fastq.gz	FALSE	Monosodium glutamate	TRUE	TRUE	TRUE	TRUE	azenta trial:L-galactose	TRUE
L-galactose-2	L-galactose-2	J1074	Nutrient source	L-galactose	"Samples were mistakenly labelled ""L-glutamate"". L-galactose is the carbon source."		20/12/2023	in-house	run_01_02__merged_azenta	PAIRED	ILLUMINA	/home/nilmat/reads/streptsd/ready/merged_L-glutamate-2_R1_001.fastq.gz	/home/nilmat/reads/streptsd/ready/merged_L-glutamate-2_R2_001.fastq.gz	FALSE	Monosodium glutamate	TRUE	TRUE	TRUE	TRUE	azenta trial:L-galactose	TRUE
459-Lhistidine	459-Lhistidine	J1074	Nutrient source	L-histidine	sample_id: (carbon source)-(biological replicate id)(technical replicate id)		20/12/2023	in-house	run_03	PAIRED	ILLUMINA	/home/nilmat/reads/streptsd/ready/azenta_run_03/459_R1_001.fastq.gz	/home/nilmat/reads/streptsd/ready/azenta_run_03/459_R2_001.fastq.gz	FALSE	control	TRUE	TRUE	TRUE	TRUE	PRECISE:L-histidine	TRUE
460-Lhistidine	460-Lhistidine	J1074	Nutrient source	L-histidine	sample_id: (carbon source)-(biological replicate id)(technical replicate id)		20/12/2023	in-house	run_03	PAIRED	ILLUMINA	/home/nilmat/reads/streptsd/ready/azenta_run_03/460_R1_001.fastq.gz	/home/nilmat/reads/streptsd/ready/azenta_run_03/460_R2_001.fastq.gz	FALSE	control	TRUE	TRUE	TRUE	TRUE	PRECISE:L-histidine	TRUE
210-Lthreonine	210-Lthreonine	J1074	Nutrient source	L-threonine	sample_id: (carbon source)-(biological replicate id)(technical replicate id)		20/12/2023	in-house	run_03	PAIRED	ILLUMINA	/home/nilmat/reads/streptsd/ready/azenta_run_03/210_R1_001.fastq.gz	/home/nilmat/reads/streptsd/ready/azenta_run_03/210_R2_001.fastq.gz	FALSE	control	TRUE	TRUE	TRUE	TRUE	PRECISE:L-threonine	TRUE
211-Lthreonine	211-Lthreonine	J1074	Nutrient source	L-threonine	sample_id: (carbon source)-(biological replicate id)(technical replicate id)		20/12/2023	in-house	run_03	PAIRED	ILLUMINA	/home/nilmat/reads/streptsd/ready/azenta_run_03/211_R1_001.fastq.gz	/home/nilmat/reads/streptsd/ready/azenta_run_03/211_R2_001.fastq.gz	FALSE	control	TRUE	TRUE	TRUE	TRUE	PRECISE:L-threonine	TRUE
MSG-1A	MSG-1A	J1074	Nutrient source	Monosodium glutamate	sample_id: (carbon source)-(biological replicate id)(technical replicate id)		20/12/2023	in-house	run_01_02__merged_azenta	PAIRED	ILLUMINA	/home/nilmat/reads/streptsd/ready/merged_MSG-1A_R1_001.fastq.gz	/home/nilmat/reads/streptsd/ready/merged_MSG-1A_R2_001.fastq.gz	FALSE	Monosodium glutamate	TRUE	TRUE	TRUE	TRUE	azenta trial:Monosodium glutamate	TRUE
MSG-1B	MSG-1B	J1074	Nutrient source	Monosodium glutamate	sample_id: (carbon source)-(biological replicate id)(technical replicate id)		20/12/2023	in-house	run_01_02__merged_azenta	PAIRED	ILLUMINA	/home/nilmat/reads/streptsd/ready/merged_MSG-1B_R1_001.fastq.gz	/home/nilmat/reads/streptsd/ready/merged_MSG-1B_R2_001.fastq.gz	FALSE	Monosodium glutamate	TRUE	TRUE	TRUE	TRUE	azenta trial:Monosodium glutamate	TRUE
MSG-2A	MSG-2A	J1074	Nutrient source	Monosodium glutamate	sample_id: (carbon source)-(biological replicate id)(technical replicate id)		20/12/2023	in-house	run_01_02__merged_azenta	PAIRED	ILLUMINA	/home/nilmat/reads/streptsd/ready/merged_MSG-2A_R1_001.fastq.gz	/home/nilmat/reads/streptsd/ready/merged_MSG-2A_R2_001.fastq.gz	FALSE	Monosodium glutamate	TRUE	TRUE	TRUE	TRUE	azenta trial:Monosodium glutamate	TRUE
MSG-2B	MSG-2B	J1074	Nutrient source	Monosodium glutamate	sample_id: (carbon source)-(biological replicate id)(technical replicate id)		20/12/2023	in-house	run_01_02__merged_azenta	PAIRED	ILLUMINA	/home/nilmat/reads/streptsd/ready/merged_MSG-2B_R1_001.fastq.gz	/home/nilmat/reads/streptsd/ready/merged_MSG-2B_R2_001.fastq.gz	FALSE	Monosodium glutamate	TRUE	TRUE	TRUE	TRUE	azenta trial:Monosodium glutamate	TRUE
575-Mannose	575-Mannose	J1074	Nutrient source	Mannose	sample_id: (carbon source)-(biological replicate id)(technical replicate id)		20/12/2023	in-house	rerun	PAIRED	ILLUMINA	/home/nilmat/reads/streptsd/ready/azenta_aug2023/575_R1_001.fastq.gz	/home/nilmat/reads/streptsd/ready/azenta_aug2023/575_R2_001.fastq.gz	FALSE	control	TRUE	TRUE	TRUE	TRUE	PRECISE:Mannose	TRUE
576-Mannose	576-Mannose	J1074	Nutrient source	Mannose	sample_id: (carbon source)-(biological replicate id)(technical replicate id)		20/12/2023	in-house	rerun	PAIRED	ILLUMINA	/home/nilmat/reads/streptsd/ready/azenta_aug2023/576_R1_001.fastq.gz	/home/nilmat/reads/streptsd/ready/azenta_aug2023/576_R2_001.fastq.gz	FALSE	control	TRUE	TRUE	TRUE	TRUE	PRECISE:Mannose	TRUE
644-Proline	644-Proline	J1074	Nutrient source	Proline	sample_id: (carbon source)-(biological replicate id)(technical replicate id)		20/12/2023	in-house	rerun	PAIRED	ILLUMINA	/home/nilmat/reads/streptsd/ready/azenta_aug2023/644_R1_001.fastq.gz	/home/nilmat/reads/streptsd/ready/azenta_aug2023/644_R2_001.fastq.gz	FALSE	control	TRUE	TRUE	TRUE	TRUE	PRECISE:Proline	TRUE
646-Proline	646-Proline	J1074	Nutrient source	Proline	sample_id: (carbon source)-(biological replicate id)(technical replicate id)		20/12/2023	in-house	rerun	PAIRED	ILLUMINA	/home/nilmat/reads/streptsd/ready/azenta_aug2023/646_R1_001.fastq.gz	/home/nilmat/reads/streptsd/ready/azenta_aug2023/646_R2_001.fastq.gz	FALSE	control	TRUE	TRUE	TRUE	TRUE	PRECISE:Proline	TRUE
602-Ribose	602-Ribose	J1074	Nutrient source	Ribose	sample_id: (carbon source)-(biological replicate id)(technical replicate id)		20/12/2023	in-house	rerun	PAIRED	ILLUMINA	/home/nilmat/reads/streptsd/ready/azenta_aug2023/602_R1_001.fastq.gz	/home/nilmat/reads/streptsd/ready/azenta_aug2023/602_R2_001.fastq.gz	FALSE	control	TRUE	TRUE	TRUE	TRUE	PRECISE:Ribose	TRUE
604-Ribose	604-Ribose	J1074	Nutrient source	Ribose	sample_id: (carbon source)-(biological replicate id)(technical replicate id)		20/12/2023	in-house	rerun	PAIRED	ILLUMINA	/home/nilmat/reads/streptsd/ready/azenta_aug2023/604_R1_001.fastq.gz	/home/nilmat/reads/streptsd/ready/azenta_aug2023/604_R2_001.fastq.gz	FALSE	control	TRUE	TRUE	TRUE	TRUE	PRECISE:Ribose	TRUE
289-Starch	289-Starch	J1074	Nutrient source	Starch	sample_id: (carbon source)-(biological replicate id)(technical replicate id)		20/12/2023	in-house	run_03	PAIRED	ILLUMINA	/home/nilmat/reads/streptsd/ready/azenta_run_03/289_R1_001.fastq.gz	/home/nilmat/reads/streptsd/ready/azenta_run_03/289_R2_001.fastq.gz	FALSE	control	TRUE	TRUE	TRUE	TRUE	PRECISE:Starch	TRUE
290-Starch	290-Starch	J1074	Nutrient source	Starch	sample_id: (carbon source)-(biological replicate id)(technical replicate id)		20/12/2023	in-house	run_03	PAIRED	ILLUMINA	/home/nilmat/reads/streptsd/ready/azenta_run_03/290_R1_001.fastq.gz	/home/nilmat/reads/streptsd/ready/azenta_run_03/290_R2_001.fastq.gz	FALSE	control	TRUE	TRUE	TRUE	TRUE	PRECISE:Starch	TRUE
282-Sucrose	282-Sucrose	J1074	Nutrient source	Sucrose	sample_id: (carbon source)-(biological replicate id)(technical replicate id)		20/12/2023	in-house	run_03	PAIRED	ILLUMINA	/home/nilmat/reads/streptsd/ready/azenta_run_03/282_R1_001.fastq.gz	/home/nilmat/reads/streptsd/ready/azenta_run_03/282_R2_001.fastq.gz	FALSE	control	TRUE	TRUE	TRUE	TRUE	PRECISE:Sucrose	TRUE
283-Sucrose	283-Sucrose	J1074	Nutrient source	Sucrose	sample_id: (carbon source)-(biological replicate id)(technical replicate id)		20/12/2023	in-house	run_03	PAIRED	ILLUMINA	/home/nilmat/reads/streptsd/ready/azenta_run_03/283_R1_001.fastq.gz	/home/nilmat/reads/streptsd/ready/azenta_run_03/283_R2_001.fastq.gz	FALSE	control	TRUE	TRUE	TRUE	TRUE	PRECISE:Sucrose	TRUE
205-Tween20	205-Tween20	J1074	Nutrient source	Tween 20	sample_id: (carbon source)-(biological replicate id)(technical replicate id)		20/12/2023	in-house	run_03	PAIRED	ILLUMINA	/home/nilmat/reads/streptsd/ready/azenta_run_03/205_R1_001.fastq.gz	/home/nilmat/reads/streptsd/ready/azenta_run_03/205_R2_001.fastq.gz	FALSE	control	TRUE	TRUE	TRUE	TRUE	PRECISE:Tween 20	TRUE
207-Tween20	207-Tween20	J1074	Nutrient source	Tween 20	sample_id: (carbon source)-(biological replicate id)(technical replicate id)		20/12/2023	in-house	run_03	PAIRED	ILLUMINA	/home/nilmat/reads/streptsd/ready/azenta_run_03/207_R1_001.fastq.gz	/home/nilmat/reads/streptsd/ready/azenta_run_03/207_R2_001.fastq.gz	FALSE	control	TRUE	TRUE	TRUE	TRUE	PRECISE:Tween 20	TRUE
241-Tween80	241-Tween80	J1074	Nutrient source	Tween 80	sample_id: (carbon source)-(biological replicate id)(technical replicate id)		20/12/2023	in-house	run_03	PAIRED	ILLUMINA	/home/nilmat/reads/streptsd/ready/azenta_run_03/241_R1_001.fastq.gz	/home/nilmat/reads/streptsd/ready/azenta_run_03/241_R2_001.fastq.gz	FALSE	control	TRUE	TRUE	TRUE	TRUE	PRECISE:Tween 80	TRUE
242-Tween80	242-Tween80	J1074	Nutrient source	Tween 80	sample_id: (carbon source)-(biological replicate id)(technical replicate id)		20/12/2023	in-house	run_03	PAIRED	ILLUMINA	/home/nilmat/reads/streptsd/ready/azenta_run_03/242_R1_001.fastq.gz	/home/nilmat/reads/streptsd/ready/azenta_run_03/242_R2_001.fastq.gz	FALSE	control	TRUE	TRUE	TRUE	TRUE	PRECISE:Tween 80	TRUE
3_Valine_MM	3_Valine_MM	J1074	Nutrient source	Valine	sample_id: (carbon source)-(biological replicate id)(technical replicate id)		20/04/2024	in-house	Nils	PAIRED	ILLUMINA	/home/nilmat/reads/streptsd/ready/azenta_feb2024/3-J1074-RNA-Valine-MM_R1_001.fastq.gz	/home/nilmat/reads/streptsd/ready/azenta_feb2024/3-J1074-RNA-Valine-MM_R2_001.fastq.gz	FALSE	control	TRUE	TRUE	TRUE	TRUE	PRECISE:Valine	TRUE
4_Valine_MM	4_Valine_MM	J1074	Nutrient source	Valine	sample_id: (carbon source)-(biological replicate id)(technical replicate id)		20/04/2024	in-house	Nils	PAIRED	ILLUMINA	/home/nilmat/reads/streptsd/ready/azenta_feb2024/4-J1074-RNA-Valine-MM_R1_001.fastq.gz	/home/nilmat/reads/streptsd/ready/azenta_feb2024/4-J1074-RNA-Valine-MM_R2_001.fastq.gz	FALSE	control	TRUE	TRUE	TRUE	TRUE	PRECISE:Valine	TRUE
159-Xylose	159-Xylose	J1074	Nutrient source	Xylose	sample_id: (carbon source)-(biological replicate id)(technical replicate id)		20/12/2023	in-house	run_03	PAIRED	ILLUMINA	/home/nilmat/reads/streptsd/ready/azenta_run_03/159_R1_001.fastq.gz	/home/nilmat/reads/streptsd/ready/azenta_run_03/159_R2_001.fastq.gz	FALSE	control	TRUE	TRUE	TRUE	TRUE	PRECISE:Xylose	TRUE
160-Xylose	160-Xylose	J1074	Nutrient source	Xylose	sample_id: (carbon source)-(biological replicate id)(technical replicate id)		20/12/2023	in-house	run_03	PAIRED	ILLUMINA	/home/nilmat/reads/streptsd/ready/azenta_run_03/160_R1_001.fastq.gz	/home/nilmat/reads/streptsd/ready/azenta_run_03/160_R2_001.fastq.gz	FALSE	control	TRUE	TRUE	TRUE	TRUE	PRECISE:Xylose	TRUE
579-ISP220C	579-ISP220C	J1074	Cold shock	ISP2 20C	sample_id: (carbon source)-(biological replicate id)(technical replicate id)		20/12/2023	in-house	rerun	PAIRED	ILLUMINA	/home/nilmat/reads/streptsd/ready/azenta_aug2023/579_R1_001.fastq.gz	/home/nilmat/reads/streptsd/ready/azenta_aug2023/579_R2_001.fastq.gz	FALSE	control	TRUE	TRUE	TRUE	TRUE	PRECISE:ISP2 20C	TRUE
580-ISP220C	580-ISP220C	J1074	Cold shock	ISP2 20C	sample_id: (carbon source)-(biological replicate id)(technical replicate id)		20/12/2023	in-house	rerun	PAIRED	ILLUMINA	/home/nilmat/reads/streptsd/ready/azenta_aug2023/580_R1_001.fastq.gz	/home/nilmat/reads/streptsd/ready/azenta_aug2023/580_R2_001.fastq.gz	FALSE	control	TRUE	TRUE	TRUE	TRUE	PRECISE:ISP2 20C	TRUE
298-MSG20C	298-MSG20C	J1074	Cold shock	MSG 20C	sample_id: (carbon source)-(biological replicate id)(technical replicate id)		20/12/2023	in-house	run_03	PAIRED	ILLUMINA	/home/nilmat/reads/streptsd/ready/azenta_run_03/298_R1_001.fastq.gz	/home/nilmat/reads/streptsd/ready/azenta_run_03/298_R2_001.fastq.gz	FALSE	control	TRUE	TRUE	TRUE	TRUE	PRECISE:MSG 20C	TRUE
299-MSG20C	299-MSG20C	J1074	Cold shock	MSG 20C	sample_id: (carbon source)-(biological replicate id)(technical replicate id)		20/12/2023	in-house	run_03	PAIRED	ILLUMINA	/home/nilmat/reads/streptsd/ready/azenta_run_03/299_R1_001.fastq.gz	/home/nilmat/reads/streptsd/ready/azenta_run_03/299_R2_001.fastq.gz	FALSE	control	TRUE	TRUE	TRUE	TRUE	PRECISE:MSG 20C	TRUE
165-ISP22	165-ISP22	J1074	Salinity ISP2	ISP2 2% NaCl	sample_id: (carbon source)-(biological replicate id)(technical replicate id)		20/12/2023	in-house	run_03	PAIRED	ILLUMINA	/home/nilmat/reads/streptsd/ready/azenta_run_03/165_R1_001.fastq.gz	/home/nilmat/reads/streptsd/ready/azenta_run_03/165_R2_001.fastq.gz	FALSE	control	TRUE	TRUE	TRUE	TRUE	PRECISE:ISP2 2% NaCl	TRUE
167-ISP22	167-ISP22	J1074	Salinity ISP2	ISP2 2% NaCl	sample_id: (carbon source)-(biological replicate id)(technical replicate id)		20/12/2023	in-house	run_03	PAIRED	ILLUMINA	/home/nilmat/reads/streptsd/ready/azenta_run_03/167_R1_001.fastq.gz	/home/nilmat/reads/streptsd/ready/azenta_run_03/167_R2_001.fastq.gz	FALSE	control	TRUE	TRUE	TRUE	TRUE	PRECISE:ISP2 2% NaCl	TRUE
170-ISP23	170-ISP23	J1074	Salinity ISP2	ISP2 3% NaCl	sample_id: (carbon source)-(biological replicate id)(technical replicate id)		20/12/2023	in-house	run_03	PAIRED	ILLUMINA	/home/nilmat/reads/streptsd/ready/azenta_run_03/170_R1_001.fastq.gz	/home/nilmat/reads/streptsd/ready/azenta_run_03/170_R2_001.fastq.gz	FALSE	control	TRUE	TRUE	TRUE	TRUE	PRECISE:ISP2 3% NaCl	TRUE
171-ISP23	171-ISP23	J1074	Salinity ISP2	ISP2 3% NaCl	sample_id: (carbon source)-(biological replicate id)(technical replicate id)		20/12/2023	in-house	run_03	PAIRED	ILLUMINA	/home/nilmat/reads/streptsd/ready/azenta_run_03/171_R1_001.fastq.gz	/home/nilmat/reads/streptsd/ready/azenta_run_03/171_R2_001.fastq.gz	FALSE	control	TRUE	TRUE	TRUE	TRUE	PRECISE:ISP2 3% NaCl	TRUE
594-ISP25NaCl	594-ISP25NaCl	J1074	Salinity ISP2	ISP2 5% NaCl	sample_id: (carbon source)-(biological replicate id)(technical replicate id)		20/12/2023	in-house	rerun	PAIRED	ILLUMINA	/home/nilmat/reads/streptsd/ready/azenta_aug2023/594_R1_001.fastq.gz	/home/nilmat/reads/streptsd/ready/azenta_aug2023/594_R2_001.fastq.gz	FALSE	control	TRUE	TRUE	TRUE	TRUE	PRECISE:ISP2 5% NaCl	TRUE
595-ISP25NaCl	595-ISP25NaCl	J1074	Salinity ISP2	ISP2 5% NaCl	sample_id: (carbon source)-(biological replicate id)(technical replicate id)		20/12/2023	in-house	rerun	PAIRED	ILLUMINA	/home/nilmat/reads/streptsd/ready/azenta_aug2023/595_R1_001.fastq.gz	/home/nilmat/reads/streptsd/ready/azenta_aug2023/595_R2_001.fastq.gz	FALSE	control	TRUE	TRUE	TRUE	TRUE	PRECISE:ISP2 5% NaCl	TRUE
599-ISP27NaCl	599-ISP27NaCl	J1074	Salinity ISP2	ISP2 7% NaCl	sample_id: (carbon source)-(biological replicate id)(technical replicate id)		20/12/2023	in-house	rerun	PAIRED	ILLUMINA	/home/nilmat/reads/streptsd/ready/azenta_aug2023/599_R1_001.fastq.gz	/home/nilmat/reads/streptsd/ready/azenta_aug2023/599_R2_001.fastq.gz	FALSE	control	TRUE	TRUE	TRUE	TRUE	PRECISE:ISP2 7% NaCl	TRUE
601-ISP27NaCl	601-ISP27NaCl	J1074	Salinity ISP2	ISP2 7% NaCl	sample_id: (carbon source)-(biological replicate id)(technical replicate id)		20/12/2023	in-house	rerun	PAIRED	ILLUMINA	/home/nilmat/reads/streptsd/ready/azenta_aug2023/601_R1_001.fastq.gz	/home/nilmat/reads/streptsd/ready/azenta_aug2023/601_R2_001.fastq.gz	FALSE	control	TRUE	TRUE	TRUE	TRUE	PRECISE:ISP2 7% NaCl	TRUE
173-MSG1	173-MSG1	J1074	Salinity MSG	MSG 1%NaCl	sample_id: (carbon source)-(biological replicate id)(technical replicate id)		20/12/2023	in-house	run_03	PAIRED	ILLUMINA	/home/nilmat/reads/streptsd/ready/azenta_run_03/173_R1_001.fastq.gz	/home/nilmat/reads/streptsd/ready/azenta_run_03/173_R2_001.fastq.gz	FALSE	control	TRUE	TRUE	TRUE	TRUE	PRECISE:MSG 1%NaCl	TRUE
174-MSG1	174-MSG1	J1074	Salinity MSG	MSG 1%NaCl	sample_id: (carbon source)-(biological replicate id)(technical replicate id)		20/12/2023	in-house	run_03	PAIRED	ILLUMINA	/home/nilmat/reads/streptsd/ready/azenta_run_03/174_R1_001.fastq.gz	/home/nilmat/reads/streptsd/ready/azenta_run_03/174_R2_001.fastq.gz	FALSE	control	TRUE	TRUE	TRUE	TRUE	PRECISE:MSG 1%NaCl	TRUE
179-MSG2	179-MSG2	J1074	Salinity MSG	MSG 2%NaCl	sample_id: (carbon source)-(biological replicate id)(technical replicate id)		20/12/2023	in-house	run_03	PAIRED	ILLUMINA	/home/nilmat/reads/streptsd/ready/azenta_run_03/179_R1_001.fastq.gz	/home/nilmat/reads/streptsd/ready/azenta_run_03/179_R2_001.fastq.gz	FALSE	control	TRUE	TRUE	TRUE	TRUE	PRECISE:MSG 2%NaCl	TRUE
180-MSG2	180-MSG2	J1074	Salinity MSG	MSG 2%NaCl	sample_id: (carbon source)-(biological replicate id)(technical replicate id)		20/12/2023	in-house	run_03	PAIRED	ILLUMINA	/home/nilmat/reads/streptsd/ready/azenta_run_03/180_R1_001.fastq.gz	/home/nilmat/reads/streptsd/ready/azenta_run_03/180_R2_001.fastq.gz	FALSE	control	TRUE	TRUE	TRUE	TRUE	PRECISE:MSG 2%NaCl	TRUE
182-MSG3	182-MSG3	J1074	Salinity MSG	MSG 3% NaCl	sample_id: (carbon source)-(biological replicate id)(technical replicate id)		20/12/2023	in-house	run_03	PAIRED	ILLUMINA	/home/nilmat/reads/streptsd/ready/azenta_run_03/182_R1_001.fastq.gz	/home/nilmat/reads/streptsd/ready/azenta_run_03/182_R2_001.fastq.gz	FALSE	control	TRUE	TRUE	TRUE	TRUE	PRECISE:MSG 3% NaCl	TRUE
184-MSG3	184-MSG3	J1074	Salinity MSG	MSG 3% NaCl	sample_id: (carbon source)-(biological replicate id)(technical replicate id)		20/12/2023	in-house	run_03	PAIRED	ILLUMINA	/home/nilmat/reads/streptsd/ready/azenta_run_03/184_R1_001.fastq.gz	/home/nilmat/reads/streptsd/ready/azenta_run_03/184_R2_001.fastq.gz	FALSE	control	TRUE	TRUE	TRUE	TRUE	PRECISE:MSG 3% NaCl	TRUE
301-MSG5	301-MSG5	J1074	Salinity MSG	MSG 5% NaCl	sample_id: (carbon source)-(biological replicate id)(technical replicate id)		20/12/2023	in-house	run_03	PAIRED	ILLUMINA	/home/nilmat/reads/streptsd/ready/azenta_run_03/301_R1_001.fastq.gz	/home/nilmat/reads/streptsd/ready/azenta_run_03/301_R2_001.fastq.gz	FALSE	control	TRUE	TRUE	TRUE	TRUE	PRECISE:MSG 5% NaCl	TRUE
596-MSG5NaCl	596-MSG5NaCl	J1074	Salinity MSG	MSG 5% NaCl	sample_id: (carbon source)-(biological replicate id)(technical replicate id)		20/12/2023	in-house	rerun	PAIRED	ILLUMINA	/home/nilmat/reads/streptsd/ready/azenta_aug2023/596_R1_001.fastq.gz	/home/nilmat/reads/streptsd/ready/azenta_aug2023/596_R2_001.fastq.gz	FALSE	control	TRUE	TRUE	TRUE	TRUE	PRECISE:MSG 5% NaCl	TRUE
598-MSG5NaCl	598-MSG5NaCl	J1074	Salinity MSG	MSG 5% NaCl	sample_id: (carbon source)-(biological replicate id)(technical replicate id)		20/12/2023	in-house	rerun	PAIRED	ILLUMINA	/home/nilmat/reads/streptsd/ready/azenta_aug2023/598_R1_001.fastq.gz	/home/nilmat/reads/streptsd/ready/azenta_aug2023/598_R2_001.fastq.gz	FALSE	control	TRUE	TRUE	TRUE	TRUE	PRECISE:MSG 5% NaCl	TRUE
325-MSG7	325-MSG7	J1074	Salinity MSG	MSG 7% NaCl	sample_id: (carbon source)-(biological replicate id)(technical replicate id)		20/12/2023	in-house	run_03	PAIRED	ILLUMINA	/home/nilmat/reads/streptsd/ready/azenta_run_03/325_R1_001.fastq.gz	/home/nilmat/reads/streptsd/ready/azenta_run_03/325_R2_001.fastq.gz	FALSE	control	TRUE	TRUE	TRUE	TRUE	PRECISE:MSG 7% NaCl	TRUE
326-MSG7	326-MSG7	J1074	Salinity MSG	MSG 7% NaCl	sample_id: (carbon source)-(biological replicate id)(technical replicate id)		20/12/2023	in-house	run_03	PAIRED	ILLUMINA	/home/nilmat/reads/streptsd/ready/azenta_run_03/326_R1_001.fastq.gz	/home/nilmat/reads/streptsd/ready/azenta_run_03/326_R2_001.fastq.gz	FALSE	control	TRUE	TRUE	TRUE	TRUE	PRECISE:MSG 7% NaCl	TRUE
590-ISP2pH9	590-ISP2pH9	J1074	pH ISP2	ISP2 pH 9	sample_id: (carbon source)-(biological replicate id)(technical replicate id)		20/12/2023	in-house	rerun	PAIRED	ILLUMINA	/home/nilmat/reads/streptsd/ready/azenta_aug2023/590_R1_001.fastq.gz	/home/nilmat/reads/streptsd/ready/azenta_aug2023/590_R2_001.fastq.gz	FALSE	control	TRUE	TRUE	TRUE	TRUE	PRECISE:ISP2 pH 9	TRUE
591-ISP2pH9	591-ISP2pH9	J1074	pH ISP2	ISP2 pH 9	sample_id: (carbon source)-(biological replicate id)(technical replicate id)		20/12/2023	in-house	rerun	PAIRED	ILLUMINA	/home/nilmat/reads/streptsd/ready/azenta_aug2023/591_R1_001.fastq.gz	/home/nilmat/reads/streptsd/ready/azenta_aug2023/591_R2_001.fastq.gz	FALSE	control	TRUE	TRUE	TRUE	TRUE	PRECISE:ISP2 pH 9	TRUE
587-MSGpH9	587-MSGpH9	J1074	pH MSG	MSG pH 9	sample_id: (carbon source)-(biological replicate id)(technical replicate id)		20/12/2023	in-house	rerun	PAIRED	ILLUMINA	/home/nilmat/reads/streptsd/ready/azenta_aug2023/587_R1_001.fastq.gz	/home/nilmat/reads/streptsd/ready/azenta_aug2023/587_R2_001.fastq.gz	FALSE	control	TRUE	TRUE	TRUE	TRUE	PRECISE:MSG pH 9	TRUE
589-MSGpH9	589-MSGpH9	J1074	pH MSG	MSG pH 9	sample_id: (carbon source)-(biological replicate id)(technical replicate id)		20/12/2023	in-house	rerun	PAIRED	ILLUMINA	/home/nilmat/reads/streptsd/ready/azenta_aug2023/589_R1_001.fastq.gz	/home/nilmat/reads/streptsd/ready/azenta_aug2023/589_R2_001.fastq.gz	FALSE	control	TRUE	TRUE	TRUE	TRUE	PRECISE:MSG pH 9	TRUE
329-MSGpH6	329-MSGpH6	J1074	pH MSG	MSG pH6	sample_id: (carbon source)-(biological replicate id)(technical replicate id)		20/12/2023	in-house	run_03	PAIRED	ILLUMINA	/home/nilmat/reads/streptsd/ready/azenta_run_03/329_R1_001.fastq.gz	/home/nilmat/reads/streptsd/ready/azenta_run_03/329_R2_001.fastq.gz	FALSE	control	TRUE	TRUE	TRUE	TRUE	PRECISE:MSG pH6	TRUE
330-MSGpH6	330-MSGpH6	J1074	pH MSG	MSG pH6	sample_id: (carbon source)-(biological replicate id)(technical replicate id)		20/12/2023	in-house	run_03	PAIRED	ILLUMINA	/home/nilmat/reads/streptsd/ready/azenta_run_03/330_R1_001.fastq.gz	/home/nilmat/reads/streptsd/ready/azenta_run_03/330_R2_001.fastq.gz	FALSE	control	TRUE	TRUE	TRUE	TRUE	PRECISE:MSG pH6	TRUE
25-J1074-RNA-Control-Am2ab	25-J1074-RNA-Control-Am2ab	J1074	Heterologous Am2ab	Control-Am2ab	sample_id:(carbonsource)-(biologicalreplicateid)(technicalreplicateid)		20/04/2024	in-house	Nils	PAIRED	ILLUMINA	/home/nilmat/reads/streptsd/ready/azenta_feb2024/25-J1074-RNA-Control-Am2ab_R1_001.fastq.gz	/home/nilmat/reads/streptsd/ready/azenta_feb2024/25-J1074-RNA-Control-Am2ab_R2_001.fastq.gz	FALSE	control	TRUE	TRUE	TRUE	TRUE	PRECISE:Control-Am2ab	TRUE
26-J1074-RNA-Control-Am2ab	26-J1074-RNA-Control-Am2ab	J1074	Heterologous Am2ab	Control-Am2ab	sample_id:(carbonsource)-(biologicalreplicateid)(technicalreplicateid)		20/04/2024	in-house	Nils	PAIRED	ILLUMINA	/home/nilmat/reads/streptsd/ready/azenta_feb2024/26-J1074-RNA-Control-Am2ab_R1_001.fastq.gz	/home/nilmat/reads/streptsd/ready/azenta_feb2024/26-J1074-RNA-Control-Am2ab_R2_001.fastq.gz	FALSE	control	TRUE	TRUE	TRUE	TRUE	PRECISE:Control-Am2ab	TRUE
23-J1074-RNA-Control-DNPM	23-J1074-RNA-Control-DNPM	J1074	Heterologous DNPM	Control-DNPM	sample_id:(carbonsource)-(biologicalreplicateid)(technicalreplicateid)		20/04/2024	in-house	Nils	PAIRED	ILLUMINA	/home/nilmat/reads/streptsd/ready/azenta_feb2024/23-J1074-RNA-Control-DNPM_R1_001.fastq.gz	/home/nilmat/reads/streptsd/ready/azenta_feb2024/23-J1074-RNA-Control-DNPM_R2_001.fastq.gz	FALSE	control	TRUE	TRUE	TRUE	TRUE	PRECISE:Control-DNPM	TRUE
24-J1074-RNA-Control-DNPM	24-J1074-RNA-Control-DNPM	J1074	Heterologous DNPM	Control-DNPM	sample_id:(carbonsource)-(biologicalreplicateid)(technicalreplicateid)		20/04/2024	in-house	Nils	PAIRED	ILLUMINA	/home/nilmat/reads/streptsd/ready/azenta_feb2024/24-J1074-RNA-Control-DNPM_R1_001.fastq.gz	/home/nilmat/reads/streptsd/ready/azenta_feb2024/24-J1074-RNA-Control-DNPM_R2_001.fastq.gz	FALSE	control	TRUE	TRUE	TRUE	TRUE	PRECISE:Control-DNPM	TRUE
21-J1074-PTA-RNA-PTA-KasOP-Am2ab	21-J1074-PTA-RNA-PTA-KasOP-Am2ab	J1074_PTA	Heterologous Am2ab	PTA-KasOP-Am2ab	sample_id:(carbonsource)-(biologicalreplicateid)(technicalreplicateid)		20/04/2024	in-house	Nils	PAIRED	ILLUMINA	/home/nilmat/reads/streptsd/ready/azenta_feb2024/21-J1074-PTA-RNA-PTA-KasOP-Am2ab_R1_001.fastq.gz	/home/nilmat/reads/streptsd/ready/azenta_feb2024/21-J1074-PTA-RNA-PTA-KasOP-Am2ab_R2_001.fastq.gz	FALSE	control	TRUE	TRUE	TRUE	TRUE	PRECISE:PTA-KasOP-Am2ab	TRUE
22-J1074-PTA-RNA-PTA-KasOP-Am2ab	22-J1074-PTA-RNA-PTA-KasOP-Am2ab	J1074_PTA	Heterologous Am2ab	PTA-KasOP-Am2ab	sample_id:(carbonsource)-(biologicalreplicateid)(technicalreplicateid)		20/04/2024	in-house	Nils	PAIRED	ILLUMINA	/home/nilmat/reads/streptsd/ready/azenta_feb2024/22-J1074-PTA-RNA-PTA-KasOP-Am2ab_R1_001.fastq.gz	/home/nilmat/reads/streptsd/ready/azenta_feb2024/22-J1074-PTA-RNA-PTA-KasOP-Am2ab_R2_001.fastq.gz	FALSE	control	TRUE	TRUE	TRUE	TRUE	PRECISE:PTA-KasOP-Am2ab	TRUE
19-J1074-PTA-RNA-PTA-KasOP-DNPM	19-J1074-PTA-RNA-PTA-KasOP-DNPM	J1074_PTA	Heterologous DNPM	PTA-KasOP-DNPM	sample_id:(carbonsource)-(biologicalreplicateid)(technicalreplicateid)		20/04/2024	in-house	Nils	PAIRED	ILLUMINA	/home/nilmat/reads/streptsd/ready/azenta_feb2024/19-J1074-PTA-RNA-PTA-KasOP-DNPM_R1_001.fastq.gz	/home/nilmat/reads/streptsd/ready/azenta_feb2024/19-J1074-PTA-RNA-PTA-KasOP-DNPM_R2_001.fastq.gz	FALSE	control	TRUE	TRUE	TRUE	TRUE	PRECISE:PTA-KasOP-DNPM	TRUE
20-J1074-PTA-RNA-PTA-KasOP-DNPM	20-J1074-PTA-RNA-PTA-KasOP-DNPM	J1074_PTA	Heterologous DNPM	PTA-KasOP-DNPM	sample_id:(carbonsource)-(biologicalreplicateid)(technicalreplicateid)		20/04/2024	in-house	Nils	PAIRED	ILLUMINA	/home/nilmat/reads/streptsd/ready/azenta_feb2024/20-J1074-PTA-RNA-PTA-KasOP-DNPM_R1_001.fastq.gz	/home/nilmat/reads/streptsd/ready/azenta_feb2024/20-J1074-PTA-RNA-PTA-KasOP-DNPM_R2_001.fastq.gz	FALSE	control	TRUE	TRUE	TRUE	TRUE	PRECISE:PTA-KasOP-DNPM	TRUE
Control1	Control1	J1074 wt	BGC deletion/heterologous expression	control	sample_id: (carbon source)-(biological replicate id)(technical replicate id)		20/04/2024	in-house	Tetiana	PAIRED	ILLUMINA	/home/nilmat/reads/streptsd/ready/azenta_dec2023/Control1_R1_001.fastq.gz	/home/nilmat/reads/streptsd/ready/azenta_dec2023/Control1_R2_001.fastq.gz	FALSE	control	TRUE	TRUE	TRUE	TRUE	Tetiana_del_strains:control	TRUE
Control2	Control2	J1074 wt	BGC deletion/heterologous expression	control	sample_id: (carbon source)-(biological replicate id)(technical replicate id)		20/04/2024	in-house	Tetiana	PAIRED	ILLUMINA	/home/nilmat/reads/streptsd/ready/azenta_dec2023/Control2_R1_001.fastq.gz	/home/nilmat/reads/streptsd/ready/azenta_dec2023/Control2_R2_001.fastq.gz	FALSE	control	TRUE	TRUE	TRUE	TRUE	Tetiana_del_strains:control	TRUE
J1074repl1	J1074repl1	J1074	BGC deletion/heterologous expression	J1074	sample_id: (carbon source)-(biological replicate id)(technical replicate id)		20/04/2024	in-house	Tetiana	PAIRED	ILLUMINA	/home/nilmat/reads/streptsd/ready/azenta_dec2023/J1074repl1_R1_001.fastq.gz	/home/nilmat/reads/streptsd/ready/azenta_dec2023/J1074repl1_R2_001.fastq.gz	FALSE	control	TRUE	TRUE	TRUE	TRUE	Tetiana_del_strains:J1074	TRUE
J1074repl2	J1074repl2	J1074	BGC deletion/heterologous expression	J1074	sample_id: (carbon source)-(biological replicate id)(technical replicate id)		20/04/2024	in-house	Tetiana	PAIRED	ILLUMINA	/home/nilmat/reads/streptsd/ready/azenta_dec2023/J1074repl2_R1_001.fastq.gz	/home/nilmat/reads/streptsd/ready/azenta_dec2023/J1074repl2_R2_001.fastq.gz	FALSE	control	TRUE	TRUE	TRUE	TRUE	Tetiana_del_strains:J1074	TRUE
J1074repl3	J1074repl3	J1074	BGC deletion/heterologous expression	J1074	sample_id: (carbon source)-(biological replicate id)(technical replicate id)		20/04/2024	in-house	Tetiana	PAIRED	ILLUMINA	/home/nilmat/reads/streptsd/ready/azenta_dec2023/J1074repl3_R1_001.fastq.gz	/home/nilmat/reads/streptsd/ready/azenta_dec2023/J1074repl3_R2_001.fastq.gz	FALSE	control	TRUE	TRUE	TRUE	TRUE	Tetiana_del_strains:J1074	TRUE
J1074actrepl1	J1074actrepl1	J1074act	BGC deletion/heterologous expression	J1074act	sample_id: (carbon source)-(biological replicate id)(technical replicate id)		20/04/2024	in-house	Tetiana	PAIRED	ILLUMINA	/home/nilmat/reads/streptsd/ready/azenta_dec2023/J1074actrepl1_R1_001.fastq.gz	/home/nilmat/reads/streptsd/ready/azenta_dec2023/J1074actrepl1_R2_001.fastq.gz	FALSE	control	TRUE	TRUE	TRUE	TRUE	Tetiana_del_strains:J1074act	TRUE
J1074actrepl2	J1074actrepl2	J1074act	BGC deletion/heterologous expression	J1074act	sample_id: (carbon source)-(biological replicate id)(technical replicate id)		20/04/2024	in-house	Tetiana	PAIRED	ILLUMINA	/home/nilmat/reads/streptsd/ready/azenta_dec2023/J1074actrepl2_R1_001.fastq.gz	/home/nilmat/reads/streptsd/ready/azenta_dec2023/J1074actrepl2_R2_001.fastq.gz	FALSE	control	TRUE	TRUE	TRUE	TRUE	Tetiana_del_strains:J1074act	TRUE
J1074actrepl3	J1074actrepl3	J1074act	BGC deletion/heterologous expression	J1074act	sample_id: (carbon source)-(biological replicate id)(technical replicate id)		20/04/2024	in-house	Tetiana	PAIRED	ILLUMINA	/home/nilmat/reads/streptsd/ready/azenta_dec2023/J1074actrepl3_R1_001.fastq.gz	/home/nilmat/reads/streptsd/ready/azenta_dec2023/J1074actrepl3_R2_001.fastq.gz	FALSE	control	TRUE	TRUE	TRUE	TRUE	Tetiana_del_strains:J1074act	TRUE
DEL5repl1	DEL5repl1	DEL5	BGC deletion/heterologous expression	DEL5	sample_id: (carbon source)-(biological replicate id)(technical replicate id)		20/04/2024	in-house	Tetiana	PAIRED	ILLUMINA	/home/nilmat/reads/streptsd/ready/azenta_dec2023/DEL5repl1_R1_001.fastq.gz	/home/nilmat/reads/streptsd/ready/azenta_dec2023/DEL5repl1_R2_001.fastq.gz	FALSE	control	TRUE	TRUE	TRUE	TRUE	Tetiana_del_strains:DEL5	TRUE
DEL5repl2	DEL5repl2	DEL5	BGC deletion/heterologous expression	DEL5	sample_id: (carbon source)-(biological replicate id)(technical replicate id)		20/04/2024	in-house	Tetiana	PAIRED	ILLUMINA	/home/nilmat/reads/streptsd/ready/azenta_dec2023/DEL5repl2_R1_001.fastq.gz	/home/nilmat/reads/streptsd/ready/azenta_dec2023/DEL5repl2_R2_001.fastq.gz	FALSE	control	TRUE	TRUE	TRUE	TRUE	Tetiana_del_strains:DEL5	TRUE
DEL5repl3	DEL5repl3	DEL5	BGC deletion/heterologous expression	DEL5	sample_id: (carbon source)-(biological replicate id)(technical replicate id)		20/04/2024	in-house	Tetiana	PAIRED	ILLUMINA	/home/nilmat/reads/streptsd/ready/azenta_dec2023/DEL5repl3_R1_001.fastq.gz	/home/nilmat/reads/streptsd/ready/azenta_dec2023/DEL5repl3_R2_001.fastq.gz	FALSE	control	TRUE	TRUE	TRUE	TRUE	Tetiana_del_strains:DEL5	TRUE
DEL5actrepl1	DEL5actrepl1	DEL5act	BGC deletion/heterologous expression	DEL5act	sample_id: (carbon source)-(biological replicate id)(technical replicate id)		20/04/2024	in-house	Tetiana	PAIRED	ILLUMINA	/home/nilmat/reads/streptsd/ready/azenta_dec2023/DEL5actrepl1_R1_001.fastq.gz	/home/nilmat/reads/streptsd/ready/azenta_dec2023/DEL5actrepl1_R2_001.fastq.gz	FALSE	control	TRUE	TRUE	TRUE	TRUE	Tetiana_del_strains:DEL5act	TRUE
DEL5actrepl2	DEL5actrepl2	DEL5act	BGC deletion/heterologous expression	DEL5act	sample_id: (carbon source)-(biological replicate id)(technical replicate id)		20/04/2024	in-house	Tetiana	PAIRED	ILLUMINA	/home/nilmat/reads/streptsd/ready/azenta_dec2023/DEL5actrepl2_R1_001.fastq.gz	/home/nilmat/reads/streptsd/ready/azenta_dec2023/DEL5actrepl2_R2_001.fastq.gz	FALSE	control	TRUE	TRUE	TRUE	TRUE	Tetiana_del_strains:DEL5act	TRUE
DEL5actrepl3	DEL5actrepl3	DEL5act	BGC deletion/heterologous expression	DEL5act	sample_id: (carbon source)-(biological replicate id)(technical replicate id)		20/04/2024	in-house	Tetiana	PAIRED	ILLUMINA	/home/nilmat/reads/streptsd/ready/azenta_dec2023/DEL5actrepl3_R1_001.fastq.gz	/home/nilmat/reads/streptsd/ready/azenta_dec2023/DEL5actrepl3_R2_001.fastq.gz	FALSE	control	TRUE	TRUE	TRUE	TRUE	Tetiana_del_strains:DEL5act	TRUE
DEL6repl1	DEL6repl1	DEL6	BGC deletion/heterologous expression	DEL6	sample_id: (carbon source)-(biological replicate id)(technical replicate id)		20/04/2024	in-house	Tetiana	PAIRED	ILLUMINA	/home/nilmat/reads/streptsd/ready/azenta_dec2023/DEL6repl1_R1_001.fastq.gz	/home/nilmat/reads/streptsd/ready/azenta_dec2023/DEL6repl1_R2_001.fastq.gz	FALSE	control	TRUE	TRUE	TRUE	TRUE	Tetiana_del_strains:DEL6	TRUE
DEL6repl2	DEL6repl2	DEL6	BGC deletion/heterologous expression	DEL6	sample_id: (carbon source)-(biological replicate id)(technical replicate id)		20/04/2024	in-house	Tetiana	PAIRED	ILLUMINA	/home/nilmat/reads/streptsd/ready/azenta_dec2023/DEL6repl2_R1_001.fastq.gz	/home/nilmat/reads/streptsd/ready/azenta_dec2023/DEL6repl2_R2_001.fastq.gz	FALSE	control	TRUE	TRUE	TRUE	TRUE	Tetiana_del_strains:DEL6	TRUE
DEL6repl3	DEL6repl3	DEL6	BGC deletion/heterologous expression	DEL6	sample_id: (carbon source)-(biological replicate id)(technical replicate id)		20/04/2024	in-house	Tetiana	PAIRED	ILLUMINA	/home/nilmat/reads/streptsd/ready/azenta_dec2023/DEL6repl3_R1_001.fastq.gz	/home/nilmat/reads/streptsd/ready/azenta_dec2023/DEL6repl3_R2_001.fastq.gz	FALSE	control	TRUE	TRUE	TRUE	TRUE	Tetiana_del_strains:DEL6	TRUE
DEL6actrepl1	DEL6actrepl1	DEL6act	BGC deletion/heterologous expression	DEL6act	sample_id: (carbon source)-(biological replicate id)(technical replicate id)		20/04/2024	in-house	Tetiana	PAIRED	ILLUMINA	/home/nilmat/reads/streptsd/ready/azenta_dec2023/DEL6actrepl1_R1_001.fastq.gz	/home/nilmat/reads/streptsd/ready/azenta_dec2023/DEL6actrepl1_R2_001.fastq.gz	FALSE	control	TRUE	TRUE	TRUE	TRUE	Tetiana_del_strains:DEL6act	TRUE
DEL6actrepl2	DEL6actrepl2	DEL6act	BGC deletion/heterologous expression	DEL6act	sample_id: (carbon source)-(biological replicate id)(technical replicate id)		20/04/2024	in-house	Tetiana	PAIRED	ILLUMINA	/home/nilmat/reads/streptsd/ready/azenta_dec2023/DEL6actrepl2_R1_001.fastq.gz	/home/nilmat/reads/streptsd/ready/azenta_dec2023/DEL6actrepl2_R2_001.fastq.gz	FALSE	control	TRUE	TRUE	TRUE	TRUE	Tetiana_del_strains:DEL6act	TRUE
DEL6actrepl3	DEL6actrepl3	DEL6act	BGC deletion/heterologous expression	DEL6act	sample_id: (carbon source)-(biological replicate id)(technical replicate id)		20/04/2024	in-house	Tetiana	PAIRED	ILLUMINA	/home/nilmat/reads/streptsd/ready/azenta_dec2023/DEL6actrepl3_R1_001.fastq.gz	/home/nilmat/reads/streptsd/ready/azenta_dec2023/DEL6actrepl3_R2_001.fastq.gz	FALSE	control	TRUE	TRUE	TRUE	TRUE	Tetiana_del_strains:DEL6act	TRUE
DEL7repl1	DEL7repl1	DEL7	BGC deletion/heterologous expression	DEL7	sample_id: (carbon source)-(biological replicate id)(technical replicate id)		20/04/2024	in-house	Tetiana	PAIRED	ILLUMINA	/home/nilmat/reads/streptsd/ready/azenta_dec2023/DEL7repl1_R1_001.fastq.gz	/home/nilmat/reads/streptsd/ready/azenta_dec2023/DEL7repl1_R2_001.fastq.gz	FALSE	control	TRUE	TRUE	TRUE	TRUE	Tetiana_del_strains:DEL7	TRUE
DEL7repl2	DEL7repl2	DEL7	BGC deletion/heterologous expression	DEL7	sample_id: (carbon source)-(biological replicate id)(technical replicate id)		20/04/2024	in-house	Tetiana	PAIRED	ILLUMINA	/home/nilmat/reads/streptsd/ready/azenta_dec2023/DEL7repl2_R1_001.fastq.gz	/home/nilmat/reads/streptsd/ready/azenta_dec2023/DEL7repl2_R2_001.fastq.gz	FALSE	control	TRUE	TRUE	TRUE	TRUE	Tetiana_del_strains:DEL7	TRUE
DEL7repl3	DEL7repl3	DEL7	BGC deletion/heterologous expression	DEL7	sample_id: (carbon source)-(biological replicate id)(technical replicate id)		20/04/2024	in-house	Tetiana	PAIRED	ILLUMINA	/home/nilmat/reads/streptsd/ready/azenta_dec2023/DEL7repl3_R1_001.fastq.gz	/home/nilmat/reads/streptsd/ready/azenta_dec2023/DEL7repl3_R2_001.fastq.gz	FALSE	control	TRUE	TRUE	TRUE	TRUE	Tetiana_del_strains:DEL7	TRUE
DEL7actrepl1	DEL7actrepl1	DEL7act	BGC deletion/heterologous expression	DEL7act	sample_id: (carbon source)-(biological replicate id)(technical replicate id)		20/04/2024	in-house	Tetiana	PAIRED	ILLUMINA	/home/nilmat/reads/streptsd/ready/azenta_dec2023/DEL7actrepl1_R1_001.fastq.gz	/home/nilmat/reads/streptsd/ready/azenta_dec2023/DEL7actrepl1_R2_001.fastq.gz	FALSE	control	TRUE	TRUE	TRUE	TRUE	Tetiana_del_strains:DEL7act	TRUE
DEL7actrepl2	DEL7actrepl2	DEL7act	BGC deletion/heterologous expression	DEL7act	sample_id: (carbon source)-(biological replicate id)(technical replicate id)		20/04/2024	in-house	Tetiana	PAIRED	ILLUMINA	/home/nilmat/reads/streptsd/ready/azenta_dec2023/DEL7actrepl2_R1_001.fastq.gz	/home/nilmat/reads/streptsd/ready/azenta_dec2023/DEL7actrepl2_R2_001.fastq.gz	FALSE	control	TRUE	TRUE	TRUE	TRUE	Tetiana_del_strains:DEL7act	TRUE
DEL7actrepl3	DEL7actrepl3	DEL7act	BGC deletion/heterologous expression	DEL7act	sample_id: (carbon source)-(biological replicate id)(technical replicate id)		20/04/2024	in-house	Tetiana	PAIRED	ILLUMINA	/home/nilmat/reads/streptsd/ready/azenta_dec2023/DEL7actrepl3_R1_001.fastq.gz	/home/nilmat/reads/streptsd/ready/azenta_dec2023/DEL7actrepl3_R2_001.fastq.gz	FALSE	control	TRUE	TRUE	TRUE	TRUE	Tetiana_del_strains:DEL7act	TRUE
DEL8repl1	DEL8repl1	DEL8	BGC deletion/heterologous expression	DEL8	sample_id: (carbon source)-(biological replicate id)(technical replicate id)		20/04/2024	in-house	Tetiana	PAIRED	ILLUMINA	/home/nilmat/reads/streptsd/ready/azenta_dec2023/DEL8repl1_R1_001.fastq.gz	/home/nilmat/reads/streptsd/ready/azenta_dec2023/DEL8repl1_R2_001.fastq.gz	FALSE	control	TRUE	TRUE	TRUE	TRUE	Tetiana_del_strains:DEL8	TRUE
DEL8repl2	DEL8repl2	DEL8	BGC deletion/heterologous expression	DEL8	sample_id: (carbon source)-(biological replicate id)(technical replicate id)		20/04/2024	in-house	Tetiana	PAIRED	ILLUMINA	/home/nilmat/reads/streptsd/ready/azenta_dec2023/DEL8repl2_R1_001.fastq.gz	/home/nilmat/reads/streptsd/ready/azenta_dec2023/DEL8repl2_R2_001.fastq.gz	FALSE	control	TRUE	TRUE	TRUE	TRUE	Tetiana_del_strains:DEL8	TRUE
DEL8repl3	DEL8repl3	DEL8	BGC deletion/heterologous expression	DEL8	sample_id: (carbon source)-(biological replicate id)(technical replicate id)		20/04/2024	in-house	Tetiana	PAIRED	ILLUMINA	/home/nilmat/reads/streptsd/ready/azenta_dec2023/DEL8repl3_R1_001.fastq.gz	/home/nilmat/reads/streptsd/ready/azenta_dec2023/DEL8repl3_R2_001.fastq.gz	FALSE	control	TRUE	TRUE	TRUE	TRUE	Tetiana_del_strains:DEL8	TRUE
DEL8actrepl1	DEL8actrepl1	DEL8act	BGC deletion/heterologous expression	DEL8act	sample_id: (carbon source)-(biological replicate id)(technical replicate id)		20/04/2024	in-house	Tetiana	PAIRED	ILLUMINA	/home/nilmat/reads/streptsd/ready/azenta_dec2023/DEL8actrepl1_R1_001.fastq.gz	/home/nilmat/reads/streptsd/ready/azenta_dec2023/DEL8actrepl1_R2_001.fastq.gz	FALSE	control	TRUE	TRUE	TRUE	TRUE	Tetiana_del_strains:DEL8act	TRUE
DEL8actrepl2	DEL8actrepl2	DEL8act	BGC deletion/heterologous expression	DEL8act	sample_id: (carbon source)-(biological replicate id)(technical replicate id)		20/04/2024	in-house	Tetiana	PAIRED	ILLUMINA	/home/nilmat/reads/streptsd/ready/azenta_dec2023/DEL8actrepl2_R1_001.fastq.gz	/home/nilmat/reads/streptsd/ready/azenta_dec2023/DEL8actrepl2_R2_001.fastq.gz	FALSE	control	TRUE	TRUE	TRUE	TRUE	Tetiana_del_strains:DEL8act	TRUE
DEL8actrepl3	DEL8actrepl3	DEL8act	BGC deletion/heterologous expression	DEL8act	sample_id: (carbon source)-(biological replicate id)(technical replicate id)		20/04/2024	in-house	Tetiana	PAIRED	ILLUMINA	/home/nilmat/reads/streptsd/ready/azenta_dec2023/DEL8actrepl3_R1_001.fastq.gz	/home/nilmat/reads/streptsd/ready/azenta_dec2023/DEL8actrepl3_R2_001.fastq.gz	FALSE	control	TRUE	TRUE	TRUE	TRUE	Tetiana_del_strains:DEL8act	TRUE
DEL9repl1	DEL9repl1	DEL9	BGC deletion/heterologous expression	DEL9	sample_id: (carbon source)-(biological replicate id)(technical replicate id)		20/04/2024	in-house	Tetiana	PAIRED	ILLUMINA	/home/nilmat/reads/streptsd/ready/azenta_dec2023/DEL9repl1_R1_001.fastq.gz	/home/nilmat/reads/streptsd/ready/azenta_dec2023/DEL9repl1_R2_001.fastq.gz	FALSE	control	TRUE	TRUE	TRUE	TRUE	Tetiana_del_strains:DEL9	TRUE
DEL9repl2	DEL9repl2	DEL9	BGC deletion/heterologous expression	DEL9	sample_id: (carbon source)-(biological replicate id)(technical replicate id)		20/04/2024	in-house	Tetiana	PAIRED	ILLUMINA	/home/nilmat/reads/streptsd/ready/azenta_dec2023/DEL9repl2_R1_001.fastq.gz	/home/nilmat/reads/streptsd/ready/azenta_dec2023/DEL9repl2_R2_001.fastq.gz	FALSE	control	TRUE	TRUE	TRUE	TRUE	Tetiana_del_strains:DEL9	TRUE
DEL9repl3	DEL9repl3	DEL9	BGC deletion/heterologous expression	DEL9	sample_id: (carbon source)-(biological replicate id)(technical replicate id)		20/04/2024	in-house	Tetiana	PAIRED	ILLUMINA	/home/nilmat/reads/streptsd/ready/azenta_dec2023/DEL9repl3_R1_001.fastq.gz	/home/nilmat/reads/streptsd/ready/azenta_dec2023/DEL9repl3_R2_001.fastq.gz	FALSE	control	TRUE	TRUE	TRUE	TRUE	Tetiana_del_strains:DEL9	TRUE
DEL9actrepl1	DEL9actrepl1	DEL9act	BGC deletion/heterologous expression	DEL9act	sample_id: (carbon source)-(biological replicate id)(technical replicate id)		20/04/2024	in-house	Tetiana	PAIRED	ILLUMINA	/home/nilmat/reads/streptsd/ready/azenta_dec2023/DEL9actrepl1_R1_001.fastq.gz	/home/nilmat/reads/streptsd/ready/azenta_dec2023/DEL9actrepl1_R2_001.fastq.gz	FALSE	control	TRUE	TRUE	TRUE	TRUE	Tetiana_del_strains:DEL9act	TRUE
DEL9actrepl2	DEL9actrepl2	DEL9act	BGC deletion/heterologous expression	DEL9act	sample_id: (carbon source)-(biological replicate id)(technical replicate id)		20/04/2024	in-house	Tetiana	PAIRED	ILLUMINA	/home/nilmat/reads/streptsd/ready/azenta_dec2023/DEL9actrepl2_R1_001.fastq.gz	/home/nilmat/reads/streptsd/ready/azenta_dec2023/DEL9actrepl2_R2_001.fastq.gz	FALSE	control	TRUE	TRUE	TRUE	TRUE	Tetiana_del_strains:DEL9act	TRUE
DEL9actrepl3	DEL9actrepl3	DEL9act	BGC deletion/heterologous expression	DEL9act	sample_id: (carbon source)-(biological replicate id)(technical replicate id)		20/04/2024	in-house	Tetiana	PAIRED	ILLUMINA	/home/nilmat/reads/streptsd/ready/azenta_dec2023/DEL9actrepl3_R1_001.fastq.gz	/home/nilmat/reads/streptsd/ready/azenta_dec2023/DEL9actrepl3_R2_001.fastq.gz	FALSE	control	TRUE	TRUE	TRUE	TRUE	Tetiana_del_strains:DEL9act	TRUE
DEL10repl1	DEL10repl1	DEL10	BGC deletion/heterologous expression	DEL10	sample_id: (carbon source)-(biological replicate id)(technical replicate id)		20/04/2024	in-house	Tetiana	PAIRED	ILLUMINA	/home/nilmat/reads/streptsd/ready/azenta_dec2023/DEL10repl1_R1_001.fastq.gz	/home/nilmat/reads/streptsd/ready/azenta_dec2023/DEL10repl1_R2_001.fastq.gz	FALSE	control	TRUE	TRUE	TRUE	TRUE	Tetiana_del_strains:DEL10	TRUE
DEL10repl2	DEL10repl2	DEL10	BGC deletion/heterologous expression	DEL10	sample_id: (carbon source)-(biological replicate id)(technical replicate id)		20/04/2024	in-house	Tetiana	PAIRED	ILLUMINA	/home/nilmat/reads/streptsd/ready/azenta_dec2023/DEL10repl2_R1_001.fastq.gz	/home/nilmat/reads/streptsd/ready/azenta_dec2023/DEL10repl2_R2_001.fastq.gz	FALSE	control	TRUE	TRUE	TRUE	TRUE	Tetiana_del_strains:DEL10	TRUE
DEL10repl3	DEL10repl3	DEL10	BGC deletion/heterologous expression	DEL10	sample_id: (carbon source)-(biological replicate id)(technical replicate id)		20/04/2024	in-house	Tetiana	PAIRED	ILLUMINA	/home/nilmat/reads/streptsd/ready/azenta_dec2023/DEL10repl3_R1_001.fastq.gz	/home/nilmat/reads/streptsd/ready/azenta_dec2023/DEL10repl3_R2_001.fastq.gz	FALSE	control	TRUE	TRUE	TRUE	TRUE	Tetiana_del_strains:DEL10	TRUE
DEL10actrepl1	DEL10actrepl1	DEL10act	BGC deletion/heterologous expression	DEL10act	sample_id: (carbon source)-(biological replicate id)(technical replicate id)		20/04/2024	in-house	Tetiana	PAIRED	ILLUMINA	/home/nilmat/reads/streptsd/ready/azenta_dec2023/DEL10actrepl1_R1_001.fastq.gz	/home/nilmat/reads/streptsd/ready/azenta_dec2023/DEL10actrepl1_R2_001.fastq.gz	FALSE	control	TRUE	TRUE	TRUE	TRUE	Tetiana_del_strains:DEL10act	TRUE
DEL10actrepl2	DEL10actrepl2	DEL10act	BGC deletion/heterologous expression	DEL10act	sample_id: (carbon source)-(biological replicate id)(technical replicate id)		20/04/2024	in-house	Tetiana	PAIRED	ILLUMINA	/home/nilmat/reads/streptsd/ready/azenta_dec2023/DEL10actrepl2_R1_001.fastq.gz	/home/nilmat/reads/streptsd/ready/azenta_dec2023/DEL10actrepl2_R2_001.fastq.gz	FALSE	control	TRUE	TRUE	TRUE	TRUE	Tetiana_del_strains:DEL10act	TRUE
DEL10actrepl3	DEL10actrepl3	DEL10act	BGC deletion/heterologous expression	DEL10act	sample_id: (carbon source)-(biological replicate id)(technical replicate id)		20/04/2024	in-house	Tetiana	PAIRED	ILLUMINA	/home/nilmat/reads/streptsd/ready/azenta_dec2023/DEL10actrepl3_R1_001.fastq.gz	/home/nilmat/reads/streptsd/ready/azenta_dec2023/DEL10actrepl3_R2_001.fastq.gz	FALSE	control	TRUE	TRUE	TRUE	TRUE	Tetiana_del_strains:DEL10act	TRUE
DEL11repl1	DEL11repl1	DEL11	BGC deletion/heterologous expression	DEL11	sample_id: (carbon source)-(biological replicate id)(technical replicate id)		20/04/2024	in-house	Tetiana	PAIRED	ILLUMINA	/home/nilmat/reads/streptsd/ready/azenta_dec2023/DEL11repl1_R1_001.fastq.gz	/home/nilmat/reads/streptsd/ready/azenta_dec2023/DEL11repl1_R2_001.fastq.gz	FALSE	control	TRUE	TRUE	TRUE	TRUE	Tetiana_del_strains:DEL11	TRUE
DEL11repl2	DEL11repl2	DEL11	BGC deletion/heterologous expression	DEL11	sample_id: (carbon source)-(biological replicate id)(technical replicate id)		20/04/2024	in-house	Tetiana	PAIRED	ILLUMINA	/home/nilmat/reads/streptsd/ready/azenta_dec2023/DEL11repl2_R1_001.fastq.gz	/home/nilmat/reads/streptsd/ready/azenta_dec2023/DEL11repl2_R2_001.fastq.gz	FALSE	control	TRUE	TRUE	TRUE	TRUE	Tetiana_del_strains:DEL11	TRUE
DEL11repl3	DEL11repl3	DEL11	BGC deletion/heterologous expression	DEL11	sample_id: (carbon source)-(biological replicate id)(technical replicate id)		20/04/2024	in-house	Tetiana	PAIRED	ILLUMINA	/home/nilmat/reads/streptsd/ready/azenta_dec2023/DEL11repl3_R1_001.fastq.gz	/home/nilmat/reads/streptsd/ready/azenta_dec2023/DEL11repl3_R2_001.fastq.gz	FALSE	control	TRUE	TRUE	TRUE	TRUE	Tetiana_del_strains:DEL11	TRUE
DEL11actrepl2	DEL11actrepl2	DEL11act	BGC deletion/heterologous expression	DEL11act	sample_id: (carbon source)-(biological replicate id)(technical replicate id)		20/04/2024	in-house	Tetiana	PAIRED	ILLUMINA	/home/nilmat/reads/streptsd/ready/azenta_dec2023/DEL11actrepl2_R1_001.fastq.gz	/home/nilmat/reads/streptsd/ready/azenta_dec2023/DEL11actrepl2_R2_001.fastq.gz	FALSE	control	TRUE	TRUE	TRUE	TRUE	Tetiana_del_strains:DEL11act	TRUE
DEL11actrepl3	DEL11actrepl3	DEL11act	BGC deletion/heterologous expression	DEL11act	sample_id: (carbon source)-(biological replicate id)(technical replicate id)		20/04/2024	in-house	Tetiana	PAIRED	ILLUMINA	/home/nilmat/reads/streptsd/ready/azenta_dec2023/DEL11actrepl3_R1_001.fastq.gz	/home/nilmat/reads/streptsd/ready/azenta_dec2023/DEL11actrepl3_R2_001.fastq.gz	FALSE	control	TRUE	TRUE	TRUE	TRUE	Tetiana_del_strains:DEL11act	TRUE
SRR25592626	SRR25592626	Del14-4N24	PRJNA1003853	Del14-4N24_12h			09/08/2023	public	PRJNA1003853	PAIRED	ILLUMINA	/home/nilmat/reads/streptsd/ready/external/del14/SRR25592626_R1.fastq.gz	/home/nilmat/reads/streptsd/ready/external/del14/SRR25592626_R2.fastq.gz	FALSE	Del14-4N24_12h	TRUE	TRUE	TRUE	TRUE	PRJNA1003853:Del14-4N24_12h	TRUE
SRR25592627	SRR25592627	Del14-4N24	PRJNA1003853	Del14-4N24_12h			09/08/2023	public	PRJNA1003853	PAIRED	ILLUMINA	/home/nilmat/reads/streptsd/ready/external/del14/SRR25592627_R1.fastq.gz	/home/nilmat/reads/streptsd/ready/external/del14/SRR25592627_R2.fastq.gz	FALSE	Del14-4N24_12h	TRUE	TRUE	TRUE	TRUE	PRJNA1003853:Del14-4N24_12h	TRUE
SRR25592628	SRR25592628	Del14-4N24	PRJNA1003853	Del14-4N24_12h			09/08/2023	public	PRJNA1003853	PAIRED	ILLUMINA	/home/nilmat/reads/streptsd/ready/external/del14/SRR25592628_R1.fastq.gz	/home/nilmat/reads/streptsd/ready/external/del14/SRR25592628_R2.fastq.gz	FALSE	Del14-4N24_12h	TRUE	TRUE	TRUE	TRUE	PRJNA1003853:Del14-4N24_12h	TRUE
SRR25592623	SRR25592623	Del14-4N24	PRJNA1003853	Del14-4N24_70h			09/08/2023	public	PRJNA1003853	PAIRED	ILLUMINA	/home/nilmat/reads/streptsd/ready/external/del14/SRR25592623_R1.fastq.gz	/home/nilmat/reads/streptsd/ready/external/del14/SRR25592623_R2.fastq.gz	FALSE	Del14-4N24_12h	TRUE	TRUE	TRUE	TRUE	PRJNA1003853:Del14-4N24_70h	TRUE
SRR25592624	SRR25592624	Del14-4N24	PRJNA1003853	Del14-4N24_70h			09/08/2023	public	PRJNA1003853	PAIRED	ILLUMINA	/home/nilmat/reads/streptsd/ready/external/del14/SRR25592624_R1.fastq.gz	/home/nilmat/reads/streptsd/ready/external/del14/SRR25592624_R2.fastq.gz	FALSE	Del14-4N24_12h	TRUE	TRUE	TRUE	TRUE	PRJNA1003853:Del14-4N24_70h	TRUE
SRR25592625	SRR25592625	Del14-4N24	PRJNA1003853	Del14-4N24_70h			09/08/2023	public	PRJNA1003853	PAIRED	ILLUMINA	/home/nilmat/reads/streptsd/ready/external/del14/SRR25592625_R1.fastq.gz	/home/nilmat/reads/streptsd/ready/external/del14/SRR25592625_R2.fastq.gz	FALSE	Del14-4N24_12h	TRUE	TRUE	TRUE	TRUE	PRJNA1003853:Del14-4N24_70h	TRUE
SRR25592596	SRR25592596	Del14-4N24 DnybW PkasOP::nybF::tkt	PRJNA1003853	DnybW PkasOP::nybF::tkt_12h			09/08/2023	public	PRJNA1003853	PAIRED	ILLUMINA	/home/nilmat/reads/streptsd/ready/external/del14/SRR25592596_R1.fastq.gz	/home/nilmat/reads/streptsd/ready/external/del14/SRR25592596_R2.fastq.gz	FALSE	Del14-4N24_12h	TRUE	TRUE	TRUE	TRUE	PRJNA1003853:DnybW PkasOP::nybF::tkt_12h	TRUE
SRR25592597	SRR25592597	Del14-4N24 DnybW PkasOP::nybF::tkt	PRJNA1003853	DnybW PkasOP::nybF::tkt_12h			09/08/2023	public	PRJNA1003853	PAIRED	ILLUMINA	/home/nilmat/reads/streptsd/ready/external/del14/SRR25592597_R1.fastq.gz	/home/nilmat/reads/streptsd/ready/external/del14/SRR25592597_R2.fastq.gz	FALSE	Del14-4N24_12h	TRUE	TRUE	TRUE	TRUE	PRJNA1003853:DnybW PkasOP::nybF::tkt_12h	TRUE
SRR25592598	SRR25592598	Del14-4N24 DnybW PkasOP::nybF::tkt	PRJNA1003853	DnybW PkasOP::nybF::tkt_12h			09/08/2023	public	PRJNA1003853	PAIRED	ILLUMINA	/home/nilmat/reads/streptsd/ready/external/del14/SRR25592598_R1.fastq.gz	/home/nilmat/reads/streptsd/ready/external/del14/SRR25592598_R2.fastq.gz	FALSE	Del14-4N24_12h	TRUE	TRUE	TRUE	TRUE	PRJNA1003853:DnybW PkasOP::nybF::tkt_12h	TRUE
SRR25592593	SRR25592593	Del14-4N24 DnybW PkasOP::nybF::tkt	PRJNA1003853	DnybW PkasOP::nybF::tkt_46h			09/08/2023	public	PRJNA1003853	PAIRED	ILLUMINA	/home/nilmat/reads/streptsd/ready/external/del14/SRR25592593_R1.fastq.gz	/home/nilmat/reads/streptsd/ready/external/del14/SRR25592593_R2.fastq.gz	FALSE	Del14-4N24_12h	TRUE	TRUE	TRUE	TRUE	PRJNA1003853:DnybW PkasOP::nybF::tkt_46h	TRUE
SRR25592594	SRR25592594	Del14-4N24 DnybW PkasOP::nybF::tkt	PRJNA1003853	DnybW PkasOP::nybF::tkt_46h			09/08/2023	public	PRJNA1003853	PAIRED	ILLUMINA	/home/nilmat/reads/streptsd/ready/external/del14/SRR25592594_R1.fastq.gz	/home/nilmat/reads/streptsd/ready/external/del14/SRR25592594_R2.fastq.gz	FALSE	Del14-4N24_12h	TRUE	TRUE	TRUE	TRUE	PRJNA1003853:DnybW PkasOP::nybF::tkt_46h	TRUE
SRR25592595	SRR25592595	Del14-4N24 DnybW PkasOP::nybF::tkt	PRJNA1003853	DnybW PkasOP::nybF::tkt_46h			09/08/2023	public	PRJNA1003853	PAIRED	ILLUMINA	/home/nilmat/reads/streptsd/ready/external/del14/SRR25592595_R1.fastq.gz	/home/nilmat/reads/streptsd/ready/external/del14/SRR25592595_R2.fastq.gz	FALSE	Del14-4N24_12h	TRUE	TRUE	TRUE	TRUE	PRJNA1003853:DnybW PkasOP::nybF::tkt_46h	TRUE
SRR25592590	SRR25592590	Del14-4N24 DnybW PkasOP::nybF::tkt	PRJNA1003853	DnybW PkasOP::nybF::tkt_70h			09/08/2023	public	PRJNA1003853	PAIRED	ILLUMINA	/home/nilmat/reads/streptsd/ready/external/del14/SRR25592590_R1.fastq.gz	/home/nilmat/reads/streptsd/ready/external/del14/SRR25592590_R2.fastq.gz	FALSE	Del14-4N24_12h	TRUE	TRUE	TRUE	TRUE	PRJNA1003853:DnybW PkasOP::nybF::tkt_70h	TRUE
SRR25592591	SRR25592591	Del14-4N24 DnybW PkasOP::nybF::tkt	PRJNA1003853	DnybW PkasOP::nybF::tkt_70h			09/08/2023	public	PRJNA1003853	PAIRED	ILLUMINA	/home/nilmat/reads/streptsd/ready/external/del14/SRR25592591_R1.fastq.gz	/home/nilmat/reads/streptsd/ready/external/del14/SRR25592591_R2.fastq.gz	FALSE	Del14-4N24_12h	TRUE	TRUE	TRUE	TRUE	PRJNA1003853:DnybW PkasOP::nybF::tkt_70h	TRUE
SRR25592592	SRR25592592	Del14-4N24 DnybW PkasOP::nybF::tkt	PRJNA1003853	DnybW PkasOP::nybF::tkt_70h			09/08/2023	public	PRJNA1003853	PAIRED	ILLUMINA	/home/nilmat/reads/streptsd/ready/external/del14/SRR25592592_R1.fastq.gz	/home/nilmat/reads/streptsd/ready/external/del14/SRR25592592_R2.fastq.gz	FALSE	Del14-4N24_12h	TRUE	TRUE	TRUE	TRUE	PRJNA1003853:DnybW PkasOP::nybF::tkt_70h	TRUE
SRR25592605	SRR25592605	Del14-4N24 DnybW PkasOP::nybF::zwf2	PRJNA1003853	DnybW PkasOP::nybF::zwf2_12h			09/08/2023	public	PRJNA1003853	PAIRED	ILLUMINA	/home/nilmat/reads/streptsd/ready/external/del14/SRR25592605_R1.fastq.gz	/home/nilmat/reads/streptsd/ready/external/del14/SRR25592605_R2.fastq.gz	FALSE	Del14-4N24_12h	TRUE	TRUE	TRUE	TRUE	PRJNA1003853:DnybW PkasOP::nybF::zwf2_12h	TRUE
SRR25592606	SRR25592606	Del14-4N24 DnybW PkasOP::nybF::zwf2	PRJNA1003853	DnybW PkasOP::nybF::zwf2_12h			09/08/2023	public	PRJNA1003853	PAIRED	ILLUMINA	/home/nilmat/reads/streptsd/ready/external/del14/SRR25592606_R1.fastq.gz	/home/nilmat/reads/streptsd/ready/external/del14/SRR25592606_R2.fastq.gz	FALSE	Del14-4N24_12h	TRUE	TRUE	TRUE	TRUE	PRJNA1003853:DnybW PkasOP::nybF::zwf2_12h	TRUE
SRR25592607	SRR25592607	Del14-4N24 DnybW PkasOP::nybF::zwf2	PRJNA1003853	DnybW PkasOP::nybF::zwf2_12h			09/08/2023	public	PRJNA1003853	PAIRED	ILLUMINA	/home/nilmat/reads/streptsd/ready/external/del14/SRR25592607_R1.fastq.gz	/home/nilmat/reads/streptsd/ready/external/del14/SRR25592607_R2.fastq.gz	FALSE	Del14-4N24_12h	TRUE	TRUE	TRUE	TRUE	PRJNA1003853:DnybW PkasOP::nybF::zwf2_12h	TRUE
SRR25592602	SRR25592602	Del14-4N24 DnybW PkasOP::nybF::zwf2	PRJNA1003853	DnybW PkasOP::nybF::zwf2_46h			09/08/2023	public	PRJNA1003853	PAIRED	ILLUMINA	/home/nilmat/reads/streptsd/ready/external/del14/SRR25592602_R1.fastq.gz	/home/nilmat/reads/streptsd/ready/external/del14/SRR25592602_R2.fastq.gz	FALSE	Del14-4N24_12h	TRUE	TRUE	TRUE	TRUE	PRJNA1003853:DnybW PkasOP::nybF::zwf2_46h	TRUE
SRR25592603	SRR25592603	Del14-4N24 DnybW PkasOP::nybF::zwf2	PRJNA1003853	DnybW PkasOP::nybF::zwf2_46h			09/08/2023	public	PRJNA1003853	PAIRED	ILLUMINA	/home/nilmat/reads/streptsd/ready/external/del14/SRR25592603_R1.fastq.gz	/home/nilmat/reads/streptsd/ready/external/del14/SRR25592603_R2.fastq.gz	FALSE	Del14-4N24_12h	TRUE	TRUE	TRUE	TRUE	PRJNA1003853:DnybW PkasOP::nybF::zwf2_46h	TRUE
SRR25592604	SRR25592604	Del14-4N24 DnybW PkasOP::nybF::zwf2	PRJNA1003853	DnybW PkasOP::nybF::zwf2_46h			09/08/2023	public	PRJNA1003853	PAIRED	ILLUMINA	/home/nilmat/reads/streptsd/ready/external/del14/SRR25592604_R1.fastq.gz	/home/nilmat/reads/streptsd/ready/external/del14/SRR25592604_R2.fastq.gz	FALSE	Del14-4N24_12h	TRUE	TRUE	TRUE	TRUE	PRJNA1003853:DnybW PkasOP::nybF::zwf2_46h	TRUE
SRR25592599	SRR25592599	Del14-4N24 DnybW PkasOP::nybF::zwf2	PRJNA1003853	DnybW PkasOP::nybF::zwf2_70h			09/08/2023	public	PRJNA1003853	PAIRED	ILLUMINA	/home/nilmat/reads/streptsd/ready/external/del14/SRR25592599_R1.fastq.gz	/home/nilmat/reads/streptsd/ready/external/del14/SRR25592599_R2.fastq.gz	FALSE	Del14-4N24_12h	TRUE	TRUE	TRUE	TRUE	PRJNA1003853:DnybW PkasOP::nybF::zwf2_70h	TRUE
SRR25592600	SRR25592600	Del14-4N24 DnybW PkasOP::nybF::zwf2	PRJNA1003853	DnybW PkasOP::nybF::zwf2_70h			09/08/2023	public	PRJNA1003853	PAIRED	ILLUMINA	/home/nilmat/reads/streptsd/ready/external/del14/SRR25592600_R1.fastq.gz	/home/nilmat/reads/streptsd/ready/external/del14/SRR25592600_R2.fastq.gz	FALSE	Del14-4N24_12h	TRUE	TRUE	TRUE	TRUE	PRJNA1003853:DnybW PkasOP::nybF::zwf2_70h	TRUE
SRR25592601	SRR25592601	Del14-4N24 DnybW PkasOP::nybF::zwf2	PRJNA1003853	DnybW PkasOP::nybF::zwf2_70h			09/08/2023	public	PRJNA1003853	PAIRED	ILLUMINA	/home/nilmat/reads/streptsd/ready/external/del14/SRR25592601_R1.fastq.gz	/home/nilmat/reads/streptsd/ready/external/del14/SRR25592601_R2.fastq.gz	FALSE	Del14-4N24_12h	TRUE	TRUE	TRUE	TRUE	PRJNA1003853:DnybW PkasOP::nybF::zwf2_70h	TRUE
SRR25592614	SRR25592614	Del14-4N24 PkasOP::nybF::zwf2	PRJNA1003853	PkasOP::nybF::zwf2_12h			09/08/2023	public	PRJNA1003853	PAIRED	ILLUMINA	/home/nilmat/reads/streptsd/ready/external/del14/SRR25592614_R1.fastq.gz	/home/nilmat/reads/streptsd/ready/external/del14/SRR25592614_R2.fastq.gz	FALSE	Del14-4N24_12h	TRUE	TRUE	TRUE	TRUE	PRJNA1003853:PkasOP::nybF::zwf2_12h	TRUE
SRR25592615	SRR25592615	Del14-4N24 PkasOP::nybF::zwf2	PRJNA1003853	PkasOP::nybF::zwf2_12h			09/08/2023	public	PRJNA1003853	PAIRED	ILLUMINA	/home/nilmat/reads/streptsd/ready/external/del14/SRR25592615_R1.fastq.gz	/home/nilmat/reads/streptsd/ready/external/del14/SRR25592615_R2.fastq.gz	FALSE	Del14-4N24_12h	TRUE	TRUE	TRUE	TRUE	PRJNA1003853:PkasOP::nybF::zwf2_12h	TRUE
SRR25592616	SRR25592616	Del14-4N24 PkasOP::nybF::zwf2	PRJNA1003853	PkasOP::nybF::zwf2_12h			09/08/2023	public	PRJNA1003853	PAIRED	ILLUMINA	/home/nilmat/reads/streptsd/ready/external/del14/SRR25592616_R1.fastq.gz	/home/nilmat/reads/streptsd/ready/external/del14/SRR25592616_R2.fastq.gz	FALSE	Del14-4N24_12h	TRUE	TRUE	TRUE	TRUE	PRJNA1003853:PkasOP::nybF::zwf2_12h	TRUE
SRR25592611	SRR25592611	Del14-4N24 PkasOP::nybF::zwf2	PRJNA1003853	PkasOP::nybF::zwf2_46h			09/08/2023	public	PRJNA1003853	PAIRED	ILLUMINA	/home/nilmat/reads/streptsd/ready/external/del14/SRR25592611_R1.fastq.gz	/home/nilmat/reads/streptsd/ready/external/del14/SRR25592611_R2.fastq.gz	FALSE	Del14-4N24_12h	TRUE	TRUE	TRUE	TRUE	PRJNA1003853:PkasOP::nybF::zwf2_46h	TRUE
SRR25592612	SRR25592612	Del14-4N24 PkasOP::nybF::zwf2	PRJNA1003853	PkasOP::nybF::zwf2_46h			09/08/2023	public	PRJNA1003853	PAIRED	ILLUMINA	/home/nilmat/reads/streptsd/ready/external/del14/SRR25592612_R1.fastq.gz	/home/nilmat/reads/streptsd/ready/external/del14/SRR25592612_R2.fastq.gz	FALSE	Del14-4N24_12h	TRUE	TRUE	TRUE	TRUE	PRJNA1003853:PkasOP::nybF::zwf2_46h	TRUE
SRR25592613	SRR25592613	Del14-4N24 PkasOP::nybF::zwf2	PRJNA1003853	PkasOP::nybF::zwf2_46h			09/08/2023	public	PRJNA1003853	PAIRED	ILLUMINA	/home/nilmat/reads/streptsd/ready/external/del14/SRR25592613_R1.fastq.gz	/home/nilmat/reads/streptsd/ready/external/del14/SRR25592613_R2.fastq.gz	FALSE	Del14-4N24_12h	TRUE	TRUE	TRUE	TRUE	PRJNA1003853:PkasOP::nybF::zwf2_46h	TRUE
SRR25592608	SRR25592608	Del14-4N24 PkasOP::nybF::zwf2	PRJNA1003853	PkasOP::nybF::zwf2_70h			09/08/2023	public	PRJNA1003853	PAIRED	ILLUMINA	/home/nilmat/reads/streptsd/ready/external/del14/SRR25592608_R1.fastq.gz	/home/nilmat/reads/streptsd/ready/external/del14/SRR25592608_R2.fastq.gz	FALSE	Del14-4N24_12h	TRUE	TRUE	TRUE	TRUE	PRJNA1003853:PkasOP::nybF::zwf2_70h	TRUE
SRR25592609	SRR25592609	Del14-4N24 PkasOP::nybF::zwf2	PRJNA1003853	PkasOP::nybF::zwf2_70h			09/08/2023	public	PRJNA1003853	PAIRED	ILLUMINA	/home/nilmat/reads/streptsd/ready/external/del14/SRR25592609_R1.fastq.gz	/home/nilmat/reads/streptsd/ready/external/del14/SRR25592609_R2.fastq.gz	FALSE	Del14-4N24_12h	TRUE	TRUE	TRUE	TRUE	PRJNA1003853:PkasOP::nybF::zwf2_70h	TRUE
SRR25592610	SRR25592610	Del14-4N24 PkasOP::nybF::zwf2	PRJNA1003853	PkasOP::nybF::zwf2_70h			09/08/2023	public	PRJNA1003853	PAIRED	ILLUMINA	/home/nilmat/reads/streptsd/ready/external/del14/SRR25592610_R1.fastq.gz	/home/nilmat/reads/streptsd/ready/external/del14/SRR25592610_R2.fastq.gz	FALSE	Del14-4N24_12h	TRUE	TRUE	TRUE	TRUE	PRJNA1003853:PkasOP::nybF::zwf2_70h	TRUE
SRR25592620	SRR25592620	Del14-4N24 PkasOP::zwf2	PRJNA1003853	PkasOP::zwf2_12h			09/08/2023	public	PRJNA1003853	PAIRED	ILLUMINA	/home/nilmat/reads/streptsd/ready/external/del14/SRR25592620_R1.fastq.gz	/home/nilmat/reads/streptsd/ready/external/del14/SRR25592620_R2.fastq.gz	FALSE	Del14-4N24_12h	TRUE	TRUE	TRUE	TRUE	PRJNA1003853:PkasOP::zwf2_12h	TRUE
SRR25592621	SRR25592621	Del14-4N24 PkasOP::zwf2	PRJNA1003853	PkasOP::zwf2_12h			09/08/2023	public	PRJNA1003853	PAIRED	ILLUMINA	/home/nilmat/reads/streptsd/ready/external/del14/SRR25592621_R1.fastq.gz	/home/nilmat/reads/streptsd/ready/external/del14/SRR25592621_R2.fastq.gz	FALSE	Del14-4N24_12h	TRUE	TRUE	TRUE	TRUE	PRJNA1003853:PkasOP::zwf2_12h	TRUE
SRR25592622	SRR25592622	Del14-4N24 PkasOP::zwf2	PRJNA1003853	PkasOP::zwf2_12h			09/08/2023	public	PRJNA1003853	PAIRED	ILLUMINA	/home/nilmat/reads/streptsd/ready/external/del14/SRR25592622_R1.fastq.gz	/home/nilmat/reads/streptsd/ready/external/del14/SRR25592622_R2.fastq.gz	FALSE	Del14-4N24_12h	TRUE	TRUE	TRUE	TRUE	PRJNA1003853:PkasOP::zwf2_12h	TRUE
SRR25592617	SRR25592617	Del14-4N24 PkasOP::zwf2	PRJNA1003853	PkasOP::zwf2_70h			09/08/2023	public	PRJNA1003853	PAIRED	ILLUMINA	/home/nilmat/reads/streptsd/ready/external/del14/SRR25592617_R1.fastq.gz	/home/nilmat/reads/streptsd/ready/external/del14/SRR25592617_R2.fastq.gz	FALSE	Del14-4N24_12h	TRUE	TRUE	TRUE	TRUE	PRJNA1003853:PkasOP::zwf2_70h	TRUE
SRR25592618	SRR25592618	Del14-4N24 PkasOP::zwf2	PRJNA1003853	PkasOP::zwf2_70h			09/08/2023	public	PRJNA1003853	PAIRED	ILLUMINA	/home/nilmat/reads/streptsd/ready/external/del14/SRR25592618_R1.fastq.gz	/home/nilmat/reads/streptsd/ready/external/del14/SRR25592618_R2.fastq.gz	FALSE	Del14-4N24_12h	TRUE	TRUE	TRUE	TRUE	PRJNA1003853:PkasOP::zwf2_70h	TRUE
SRR25592619	SRR25592619	Del14-4N24 PkasOP::zwf2	PRJNA1003853	PkasOP::zwf2_70h			09/08/2023	public	PRJNA1003853	PAIRED	ILLUMINA	/home/nilmat/reads/streptsd/ready/external/del14/SRR25592619_R1.fastq.gz	/home/nilmat/reads/streptsd/ready/external/del14/SRR25592619_R2.fastq.gz	FALSE	Del14-4N24_12h	TRUE	TRUE	TRUE	TRUE	PRJNA1003853:PkasOP::zwf2_70h	TRUE
SRX10298359	SRX10298359	J1074/R2	PRJNA708335	gp_5h_L_valanine			14/01/2020	public	PRJNA708335	PAIRED	ILLUMINA	/home/nilmat/reads/streptsd/ready/external/SRR13918886_1.fastq.gz	/home/nilmat/reads/streptsd/ready/external/SRR13918886_2.fastq.gz	FALSE	gp_5h_control	TRUE	TRUE	TRUE	TRUE	PRJNA708335:gp_5h_L_valanine	TRUE
SRX10298360	SRX10298360	J1074/R2	PRJNA708335	gp_5h_L_valanine			14/01/2020	public	PRJNA708335	PAIRED	ILLUMINA	/home/nilmat/reads/streptsd/ready/external/SRR13918887_1.fastq.gz	/home/nilmat/reads/streptsd/ready/external/SRR13918887_2.fastq.gz	FALSE	gp_5h_control	TRUE	TRUE	TRUE	TRUE	PRJNA708335:gp_5h_L_valanine	TRUE
SRX10298361	SRX10298361	J1074/R2	PRJNA708335	gp_5h_L_valanine			14/01/2020	public	PRJNA708335	PAIRED	ILLUMINA	/home/nilmat/reads/streptsd/ready/external/SRR13918888_1.fastq.gz	/home/nilmat/reads/streptsd/ready/external/SRR13918888_2.fastq.gz	FALSE	gp_5h_control	TRUE	TRUE	TRUE	TRUE	PRJNA708335:gp_5h_L_valanine	TRUE
SRX10298365	SRX10298365	J1074/R2_Delta-bkdR	PRJNA708335	gp_5h_bkdR_L_valanine			14/01/2020	public	PRJNA708335	PAIRED	ILLUMINA	/home/nilmat/reads/streptsd/ready/external/SRR13918892_1.fastq.gz	/home/nilmat/reads/streptsd/ready/external/SRR13918892_2.fastq.gz	FALSE	gp_5h_control	TRUE	TRUE	TRUE	TRUE	PRJNA708335:gp_5h_bkdR_L_valanine	TRUE
SRX10298366	SRX10298366	J1074/R2_Delta-bkdR	PRJNA708335	gp_5h_bkdR_L_valanine			14/01/2020	public	PRJNA708335	PAIRED	ILLUMINA	/home/nilmat/reads/streptsd/ready/external/SRR13918893_1.fastq.gz	/home/nilmat/reads/streptsd/ready/external/SRR13918893_2.fastq.gz	FALSE	gp_5h_control	TRUE	TRUE	TRUE	TRUE	PRJNA708335:gp_5h_bkdR_L_valanine	TRUE
SRX10298367	SRX10298367	J1074/R2_Delta-bkdR	PRJNA708335	gp_5h_bkdR_L_valanine			14/01/2020	public	PRJNA708335	PAIRED	ILLUMINA	/home/nilmat/reads/streptsd/ready/external/SRR13918894_1.fastq.gz	/home/nilmat/reads/streptsd/ready/external/SRR13918894_2.fastq.gz	FALSE	gp_5h_control	TRUE	TRUE	TRUE	TRUE	PRJNA708335:gp_5h_bkdR_L_valanine	TRUE
SRX10298353	SRX10298353	J1074/R2	PRJNA708335	gp_5h_control			14/01/2020	public	PRJNA708335	PAIRED	ILLUMINA	/home/nilmat/reads/streptsd/ready/external/SRR13918880_1.fastq.gz	/home/nilmat/reads/streptsd/ready/external/SRR13918880_2.fastq.gz	FALSE	gp_5h_control	TRUE	TRUE	TRUE	TRUE	PRJNA708335:gp_5h_control	TRUE
SRX10298354	SRX10298354	J1074/R2	PRJNA708335	gp_5h_control			14/01/2020	public	PRJNA708335	PAIRED	ILLUMINA	/home/nilmat/reads/streptsd/ready/external/SRR13918881_1.fastq.gz	/home/nilmat/reads/streptsd/ready/external/SRR13918881_2.fastq.gz	FALSE	gp_5h_control	TRUE	TRUE	TRUE	TRUE	PRJNA708335:gp_5h_control	TRUE
SRX10298355	SRX10298355	J1074/R2	PRJNA708335	gp_5h_control			14/01/2020	public	PRJNA708335	PAIRED	ILLUMINA	/home/nilmat/reads/streptsd/ready/external/SRR13918882_1.fastq.gz	/home/nilmat/reads/streptsd/ready/external/SRR13918882_2.fastq.gz	FALSE	gp_5h_control	TRUE	TRUE	TRUE	TRUE	PRJNA708335:gp_5h_control	TRUE
SRX10298356	SRX10298356	J1074/R2	PRJNA708335	pp_20h_control			14/01/2020	public	PRJNA708335	PAIRED	ILLUMINA	/home/nilmat/reads/streptsd/ready/external/SRR13918883_1.fastq.gz	/home/nilmat/reads/streptsd/ready/external/SRR13918883_2.fastq.gz	FALSE	gp_5h_control	TRUE	TRUE	TRUE	TRUE	PRJNA708335:pp_20h_control	TRUE
SRX10298357	SRX10298357	J1074/R2	PRJNA708335	pp_20h_control			14/01/2020	public	PRJNA708335	PAIRED	ILLUMINA	/home/nilmat/reads/streptsd/ready/external/SRR13918884_1.fastq.gz	/home/nilmat/reads/streptsd/ready/external/SRR13918884_2.fastq.gz	FALSE	gp_5h_control	TRUE	TRUE	TRUE	TRUE	PRJNA708335:pp_20h_control	TRUE
SRX10298358	SRX10298358	J1074/R2	PRJNA708335	pp_20h_control			14/01/2020	public	PRJNA708335	PAIRED	ILLUMINA	/home/nilmat/reads/streptsd/ready/external/SRR13918885_1.fastq.gz	/home/nilmat/reads/streptsd/ready/external/SRR13918885_2.fastq.gz	FALSE	gp_5h_control	TRUE	TRUE	TRUE	TRUE	PRJNA708335:pp_20h_control	TRUE
SRX10298362	SRX10298362	J1074/R2	PRJNA708335	pp_30h_L_valanine			14/01/2020	public	PRJNA708335	PAIRED	ILLUMINA	/home/nilmat/reads/streptsd/ready/external/SRR13918889_1.fastq.gz	/home/nilmat/reads/streptsd/ready/external/SRR13918889_2.fastq.gz	FALSE	gp_5h_control	TRUE	TRUE	TRUE	TRUE	PRJNA708335:pp_30h_L_valanine	TRUE
SRX10298363	SRX10298363	J1074/R2	PRJNA708335	pp_30h_L_valanine			14/01/2020	public	PRJNA708335	PAIRED	ILLUMINA	/home/nilmat/reads/streptsd/ready/external/SRR13918890_1.fastq.gz	/home/nilmat/reads/streptsd/ready/external/SRR13918890_2.fastq.gz	FALSE	gp_5h_control	TRUE	TRUE	TRUE	TRUE	PRJNA708335:pp_30h_L_valanine	TRUE
SRX10298364	SRX10298364	J1074/R2	PRJNA708335	pp_30h_L_valanine			14/01/2020	public	PRJNA708335	PAIRED	ILLUMINA	/home/nilmat/reads/streptsd/ready/external/SRR13918891_1.fastq.gz	/home/nilmat/reads/streptsd/ready/external/SRR13918891_2.fastq.gz	FALSE	gp_5h_control	TRUE	TRUE	TRUE	TRUE	PRJNA708335:pp_30h_L_valanine	TRUE
SRX10298368	SRX10298368	J1074/R2_Delta-bkdR	PRJNA708335	pp_30h_bkdR_L_valanine			14/01/2020	public	PRJNA708335	PAIRED	ILLUMINA	/home/nilmat/reads/streptsd/ready/external/SRR13918895_1.fastq.gz	/home/nilmat/reads/streptsd/ready/external/SRR13918895_2.fastq.gz	FALSE	gp_5h_control	TRUE	TRUE	TRUE	TRUE	PRJNA708335:pp_30h_bkdR_L_valanine	TRUE
SRX10298369	SRX10298369	J1074/R2_Delta-bkdR	PRJNA708335	pp_30h_bkdR_L_valanine			14/01/2020	public	PRJNA708335	PAIRED	ILLUMINA	/home/nilmat/reads/streptsd/ready/external/SRR13918896_1.fastq.gz	/home/nilmat/reads/streptsd/ready/external/SRR13918896_2.fastq.gz	FALSE	gp_5h_control	TRUE	TRUE	TRUE	TRUE	PRJNA708335:pp_30h_bkdR_L_valanine	TRUE
SRX10298370	SRX10298370	J1074/R2_Delta-bkdR	PRJNA708335	pp_30h_bkdR_L_valanine			14/01/2020	public	PRJNA708335	PAIRED	ILLUMINA	/home/nilmat/reads/streptsd/ready/external/SRR13918897_1.fastq.gz	/home/nilmat/reads/streptsd/ready/external/SRR13918897_2.fastq.gz	FALSE	gp_5h_control	TRUE	TRUE	TRUE	TRUE	PRJNA708335:pp_30h_bkdR_L_valanine	TRUE