experiment	sample_id	strain	benchling_strain_id	project	condition	incubation_time	temperature	special_condition	od_600	notes	run	sequencing_run	LibraryLayout	Platform	R1	R2	passed_fastqc	passed_reads_mapped_to_CDS	passed_global_correlation	skip	reference_condition	full_name	passed_replicate_correlations	contamination
Control1-MSG	Control1-MSG	J1074		Control	control	30h	30C	Beads	2.7	sample_id: (carbon source)-(biological replicate id)(technical replicate id)		run_03	PAIRED	ILLUMINA	/home/nilmat/reads/streptsd/ready/azenta_run_03/Control-1_R1_001.fastq.gz	/home/nilmat/reads/streptsd/ready/azenta_run_03/Control-1_R2_001.fastq.gz	TRUE	TRUE	TRUE	FALSE	control	azenta:control	TRUE	FALSE
Control2-MSG	Control2-MSG	J1074		Control	control	30h	30C	Spring	3.3	sample_id: (carbon source)-(biological replicate id)(technical replicate id)		run_03	PAIRED	ILLUMINA	/home/nilmat/reads/streptsd/ready/azenta_run_03/Control-2_R1_001.fastq.gz	/home/nilmat/reads/streptsd/ready/azenta_run_03/Control-2_R2_001.fastq.gz	TRUE	TRUE	TRUE	FALSE	control	azenta:control	TRUE	FALSE
L-galactose-1	L-galactose-1	J1074		Azenta01	L-galactose	NA	30C	Na		"Samples were mistakenly labelled ""L-glutamate"". L-galactose is the carbon source."		run_01_02__merged_azenta	PAIRED	ILLUMINA	/home/nimat/reads/streptsd/ready/merged_L-glutamate-1_R1_001.fastq.gz	/home/nilmat/reads/streptsd/ready/merged_L-glutamate-1_R2_001.fastq.gz	TRUE	TRUE	TRUE	FALSE	control	azenta:L-galactose	TRUE	FALSE
L-galactose-2	L-galactose-2	J1074		Azenta01	L-galactose	NA	30C	Na		"Samples were mistakenly labelled ""L-glutamate"". L-galactose is the carbon source."		run_01_02__merged_azenta	PAIRED	ILLUMINA	/home/nilmat/reads/streptsd/ready/merged_L-glutamate-2_R1_001.fastq.gz	/home/nilmat/reads/streptsd/ready/merged_L-glutamate-2_R2_001.fastq.gz	TRUE	TRUE	TRUE	FALSE	control	azenta:L-galactose	TRUE	FALSE
MSG-1A	MSG-1A	J1074		Azenta01	Monosodium glutamate	NA	30C	Na		sample_id: (carbon source)-(biological replicate id)(technical replicate id)		run_01_02__merged_azenta	PAIRED	ILLUMINA	/home/nilmat/reads/streptsd/ready/merged_MSG-1A_R1_001.fastq.gz	/home/nilmat/reads/streptsd/ready/merged_MSG-1A_R2_001.fastq.gz	TRUE	TRUE	TRUE	FALSE	control	azenta:Monosodium glutamate	TRUE	FALSE
MSG-1B	MSG-1B	J1074		Azenta01	Monosodium glutamate	NA	30C	Na		sample_id: (carbon source)-(biological replicate id)(technical replicate id)		run_01_02__merged_azenta	PAIRED	ILLUMINA	/home/nilmat/reads/streptsd/ready/merged_MSG-1B_R1_001.fastq.gz	/home/nilmat/reads/streptsd/ready/merged_MSG-1B_R2_001.fastq.gz	TRUE	TRUE	TRUE	FALSE	control	azenta:Monosodium glutamate	TRUE	FALSE
MSG-2A	MSG-2A	J1074		Azenta01	Monosodium glutamate	NA	30C	Na		sample_id: (carbon source)-(biological replicate id)(technical replicate id)		run_01_02__merged_azenta	PAIRED	ILLUMINA	/home/nilmat/reads/streptsd/ready/merged_MSG-2A_R1_001.fastq.gz	/home/nilmat/reads/streptsd/ready/merged_MSG-2A_R2_001.fastq.gz	TRUE	TRUE	TRUE	FALSE	control	azenta:Monosodium glutamate	TRUE	FALSE
MSG-2B	MSG-2B	J1074		Azenta01	Monosodium glutamate	NA	30C	Na		sample_id: (carbon source)-(biological replicate id)(technical replicate id)		run_01_02__merged_azenta	PAIRED	ILLUMINA	/home/nilmat/reads/streptsd/ready/merged_MSG-2B_R1_001.fastq.gz	/home/nilmat/reads/streptsd/ready/merged_MSG-2B_R2_001.fastq.gz	TRUE	TRUE	TRUE	FALSE	control	azenta:Monosodium glutamate	TRUE	FALSE
29-Asparagine	29-Asparagine	J1074		C-source	Asparagine	30h	30C	Spring	1.1	sample_id: (carbon source)-(biological replicate id)(technical replicate id)		run_03	PAIRED	ILLUMINA	/home/nilmat/reads/streptsd/ready/azenta_run_03/29_R1_001.fastq.gz	/home/nilmat/reads/streptsd/ready/azenta_run_03/29_R2_001.fastq.gz	TRUE	TRUE	TRUE	FALSE	control	azenta:Asparagine	TRUE	FALSE
30-Asparagine	30-Asparagine	J1074		C-source	Asparagine	30h	30C	Spring	2.4	sample_id: (carbon source)-(biological replicate id)(technical replicate id)		run_03	PAIRED	ILLUMINA	/home/nilmat/reads/streptsd/ready/azenta_run_03/30_R1_001.fastq.gz	/home/nilmat/reads/streptsd/ready/azenta_run_03/30_R2_001.fastq.gz	TRUE	TRUE	TRUE	FALSE	control	azenta:Asparagine	TRUE	FALSE
138-Dcellobiose	138-Dcellobiose	J1074		C-source	D-cellobiose	24h	30C	Spring		sample_id: (carbon source)-(biological replicate id)(technical replicate id)		run_03	PAIRED	ILLUMINA	/home/nilmat/reads/streptsd/ready/azenta_run_03/138_R1_001.fastq.gz	/home/nilmat/reads/streptsd/ready/azenta_run_03/138_R2_001.fastq.gz	TRUE	TRUE	TRUE	FALSE	control	azenta:D-cellobiose	TRUE	FALSE
140-Dcellobiose	140-Dcellobiose	J1074		C-source	D-cellobiose	24h	30C	Spring		sample_id: (carbon source)-(biological replicate id)(technical replicate id)		run_03	PAIRED	ILLUMINA	/home/nilmat/reads/streptsd/ready/azenta_run_03/140_R1_001.fastq.gz	/home/nilmat/reads/streptsd/ready/azenta_run_03/140_R2_001.fastq.gz	TRUE	TRUE	TRUE	FALSE	control	azenta:D-cellobiose	TRUE	FALSE
333-DNPM	333-DNPM	J1074		C-source	DNPM	24h	30C	Spring	11	sample_id: (carbon source)-(biological replicate id)(technical replicate id)		run_03	PAIRED	ILLUMINA	/home/nilmat/reads/streptsd/ready/azenta_run_03/333_R1_001.fastq.gz	/home/nilmat/reads/streptsd/ready/azenta_run_03/333_R2_001.fastq.gz	TRUE	TRUE	TRUE	FALSE	control	azenta:DNPM	TRUE	FALSE
334-DNPM	334-DNPM	J1074		C-source	DNPM	24h	30C	Spring	14.6	sample_id: (carbon source)-(biological replicate id)(technical replicate id)		run_03	PAIRED	ILLUMINA	/home/nilmat/reads/streptsd/ready/azenta_run_03/334_R1_001.fastq.gz	/home/nilmat/reads/streptsd/ready/azenta_run_03/334_R2_001.fastq.gz	TRUE	TRUE	TRUE	FALSE	control	azenta:DNPM	TRUE	FALSE
253-Fructose	253-Fructose	J1074		C-source	Fructose	36h	30C	Spring	0.2	sample_id: (carbon source)-(biological replicate id)(technical replicate id)		run_03	PAIRED	ILLUMINA	/home/nilmat/reads/streptsd/ready/azenta_run_03/253_R1_001.fastq.gz	/home/nilmat/reads/streptsd/ready/azenta_run_03/253_R2_001.fastq.gz	TRUE	TRUE	TRUE	FALSE	control	azenta:Fructose	TRUE	FALSE
255-Fructose	255-Fructose	J1074		C-source	Fructose	36h	30C	Spring	0.3	sample_id: (carbon source)-(biological replicate id)(technical replicate id)		run_03	PAIRED	ILLUMINA	/home/nilmat/reads/streptsd/ready/azenta_run_03/255_R1_001.fastq.gz	/home/nilmat/reads/streptsd/ready/azenta_run_03/255_R2_001.fastq.gz	TRUE	TRUE	TRUE	FALSE	control	azenta:Fructose	TRUE	FALSE
155-Glucose	155-Glucose	J1074		C-source	Glucose	48h	30C	Spring		sample_id: (carbon source)-(biological replicate id)(technical replicate id)		run_03	PAIRED	ILLUMINA	/home/nilmat/reads/streptsd/ready/azenta_run_03/155_R1_001.fastq.gz	/home/nilmat/reads/streptsd/ready/azenta_run_03/155_R2_001.fastq.gz	TRUE	TRUE	TRUE	FALSE	control	azenta:Glucose	TRUE	FALSE
156-Glucose	156-Glucose	J1074		C-source	Glucose	48h	30C	Spring		sample_id: (carbon source)-(biological replicate id)(technical replicate id)		run_03	PAIRED	ILLUMINA	/home/nilmat/reads/streptsd/ready/azenta_run_03/156_R1_001.fastq.gz	/home/nilmat/reads/streptsd/ready/azenta_run_03/156_R2_001.fastq.gz	TRUE	TRUE	TRUE	FALSE	control	azenta:Glucose	TRUE	FALSE
650-Glycerol	650-Glycerol	J1074		C-source	Glycerol	50h	30C	Spring; RNA extracted from 20 mL				rerun	PAIRED	ILLUMINA	/home/nilmat/reads/streptsd/ready/azenta_aug2023/650_R1_001.fastq.gz	/home/nilmat/reads/streptsd/ready/azenta_aug2023/650_R2_001.fastq.gz	TRUE	TRUE	TRUE	FALSE	control	azenta:Glycerol	TRUE	FALSE
651-Glycerol	651-Glycerol	J1074		C-source	Glycerol	50h	30C	Spring; RNA extracted from 20 mL				rerun	PAIRED	ILLUMINA	/home/nilmat/reads/streptsd/ready/azenta_aug2023/651_R1_001.fastq.gz	/home/nilmat/reads/streptsd/ready/azenta_aug2023/651_R2_001.fastq.gz	TRUE	TRUE	TRUE	FALSE	control	azenta:Glycerol	TRUE	FALSE
149-LAlanine	149-LAlanine	J1074		C-source	L-Alanine	48h	30C	Spring		sample_id: (carbon source)-(biological replicate id)(technical replicate id)		run_03	PAIRED	ILLUMINA	/home/nilmat/reads/streptsd/ready/azenta_run_03/149_R1_001.fastq.gz	/home/nilmat/reads/streptsd/ready/azenta_run_03/149_R2_001.fastq.gz	TRUE	TRUE	TRUE	FALSE	control	azenta:L-Alanine	TRUE	FALSE
150-LAlanine	150-LAlanine	J1074		C-source	L-Alanine	48h	30C	Spring		sample_id: (carbon source)-(biological replicate id)(technical replicate id)		run_03	PAIRED	ILLUMINA	/home/nilmat/reads/streptsd/ready/azenta_run_03/150_R1_001.fastq.gz	/home/nilmat/reads/streptsd/ready/azenta_run_03/150_R2_001.fastq.gz	TRUE	TRUE	TRUE	FALSE	control	azenta:L-Alanine	TRUE	FALSE
459-Lhistidine	459-Lhistidine	J1074		C-source	L-histidine	48h	30C	Spring	0.7	sample_id: (carbon source)-(biological replicate id)(technical replicate id)		run_03	PAIRED	ILLUMINA	/home/nilmat/reads/streptsd/ready/azenta_run_03/459_R1_001.fastq.gz	/home/nilmat/reads/streptsd/ready/azenta_run_03/459_R2_001.fastq.gz	TRUE	TRUE	TRUE	FALSE	control	azenta:L-histidine	TRUE	FALSE
460-Lhistidine	460-Lhistidine	J1074		C-source	L-histidine	48h	30C	Spring	0.6	sample_id: (carbon source)-(biological replicate id)(technical replicate id)		run_03	PAIRED	ILLUMINA	/home/nilmat/reads/streptsd/ready/azenta_run_03/460_R1_001.fastq.gz	/home/nilmat/reads/streptsd/ready/azenta_run_03/460_R2_001.fastq.gz	TRUE	TRUE	TRUE	FALSE	control	azenta:L-histidine	TRUE	FALSE
210-Lthreonine	210-Lthreonine	J1074		C-source	L-threonine	48h	30C	Spring	0.2	sample_id: (carbon source)-(biological replicate id)(technical replicate id)		run_03	PAIRED	ILLUMINA	/home/nilmat/reads/streptsd/ready/azenta_run_03/210_R1_001.fastq.gz	/home/nilmat/reads/streptsd/ready/azenta_run_03/210_R2_001.fastq.gz	TRUE	TRUE	TRUE	FALSE	control	azenta:L-threonine	TRUE	FALSE
211-Lthreonine	211-Lthreonine	J1074		C-source	L-threonine	48h	30C	Spring	0.2	sample_id: (carbon source)-(biological replicate id)(technical replicate id)		run_03	PAIRED	ILLUMINA	/home/nilmat/reads/streptsd/ready/azenta_run_03/211_R1_001.fastq.gz	/home/nilmat/reads/streptsd/ready/azenta_run_03/211_R2_001.fastq.gz	TRUE	TRUE	TRUE	FALSE	control	azenta:L-threonine	TRUE	FALSE
575-Mannose	575-Mannose	J1074		C-source	Mannose	48h	30C	Spring; RNA extracted from 10 mL				rerun	PAIRED	ILLUMINA	/home/nilmat/reads/streptsd/ready/azenta_aug2023/575_R1_001.fastq.gz	/home/nilmat/reads/streptsd/ready/azenta_aug2023/575_R2_001.fastq.gz	TRUE	TRUE	TRUE	FALSE	control	azenta:Mannose	TRUE	FALSE
576-Mannose	576-Mannose	J1074		C-source	Mannose	48h	30C	Spring; RNA extracted from 10 mL				rerun	PAIRED	ILLUMINA	/home/nilmat/reads/streptsd/ready/azenta_aug2023/576_R1_001.fastq.gz	/home/nilmat/reads/streptsd/ready/azenta_aug2023/576_R2_001.fastq.gz	TRUE	TRUE	TRUE	FALSE	control	azenta:Mannose	TRUE	FALSE
644-Proline	644-Proline	J1074		C-source	Proline	72h	30C	Spring; RNA extracted from 10 mL				rerun	PAIRED	ILLUMINA	/home/nilmat/reads/streptsd/ready/azenta_aug2023/644_R1_001.fastq.gz	/home/nilmat/reads/streptsd/ready/azenta_aug2023/644_R2_001.fastq.gz	TRUE	TRUE	TRUE	FALSE	control	azenta:Proline	TRUE	FALSE
646-Proline	646-Proline	J1074		C-source	Proline	72h	30C	Spring; RNA extracted from 10 mL				rerun	PAIRED	ILLUMINA	/home/nilmat/reads/streptsd/ready/azenta_aug2023/646_R1_001.fastq.gz	/home/nilmat/reads/streptsd/ready/azenta_aug2023/646_R2_001.fastq.gz	TRUE	TRUE	TRUE	FALSE	control	azenta:Proline	TRUE	FALSE
602-Ribose	602-Ribose	J1074		C-source	Ribose	50h	30C	Spring; RNA extracted from 6 mL				rerun	PAIRED	ILLUMINA	/home/nilmat/reads/streptsd/ready/azenta_aug2023/602_R1_001.fastq.gz	/home/nilmat/reads/streptsd/ready/azenta_aug2023/602_R2_001.fastq.gz	TRUE	TRUE	TRUE	FALSE	control	azenta:Ribose	TRUE	FALSE
604-Ribose	604-Ribose	J1074		C-source	Ribose	50h	30C	Spring; RNA extracted from 6 mL				rerun	PAIRED	ILLUMINA	/home/nilmat/reads/streptsd/ready/azenta_aug2023/604_R1_001.fastq.gz	/home/nilmat/reads/streptsd/ready/azenta_aug2023/604_R2_001.fastq.gz	TRUE	TRUE	TRUE	FALSE	control	azenta:Ribose	TRUE	FALSE
289-Starch	289-Starch	J1074		C-source	Starch	52h	30C	Spring	1.6	sample_id: (carbon source)-(biological replicate id)(technical replicate id)		run_03	PAIRED	ILLUMINA	/home/nilmat/reads/streptsd/ready/azenta_run_03/289_R1_001.fastq.gz	/home/nilmat/reads/streptsd/ready/azenta_run_03/289_R2_001.fastq.gz	TRUE	TRUE	TRUE	FALSE	control	azenta:Starch	TRUE	FALSE
290-Starch	290-Starch	J1074		C-source	Starch	52h	30C	Spring	1.3	sample_id: (carbon source)-(biological replicate id)(technical replicate id)		run_03	PAIRED	ILLUMINA	/home/nilmat/reads/streptsd/ready/azenta_run_03/290_R1_001.fastq.gz	/home/nilmat/reads/streptsd/ready/azenta_run_03/290_R2_001.fastq.gz	TRUE	TRUE	TRUE	FALSE	control	azenta:Starch	TRUE	FALSE
282-Sucrose	282-Sucrose	J1074		C-source	Sucrose	50h	30C	Spring	1	sample_id: (carbon source)-(biological replicate id)(technical replicate id)		run_03	PAIRED	ILLUMINA	/home/nilmat/reads/streptsd/ready/azenta_run_03/282_R1_001.fastq.gz	/home/nilmat/reads/streptsd/ready/azenta_run_03/282_R2_001.fastq.gz	TRUE	TRUE	TRUE	FALSE	control	azenta:Sucrose	TRUE	FALSE
283-Sucrose	283-Sucrose	J1074		C-source	Sucrose	50h	30C	Spring	1.1	sample_id: (carbon source)-(biological replicate id)(technical replicate id)		run_03	PAIRED	ILLUMINA	/home/nilmat/reads/streptsd/ready/azenta_run_03/283_R1_001.fastq.gz	/home/nilmat/reads/streptsd/ready/azenta_run_03/283_R2_001.fastq.gz	TRUE	TRUE	TRUE	FALSE	control	azenta:Sucrose	TRUE	FALSE
205-Tween20	205-Tween20	J1074		C-source	Tween 20	48h	30C	Spring	0.6	sample_id: (carbon source)-(biological replicate id)(technical replicate id)		run_03	PAIRED	ILLUMINA	/home/nilmat/reads/streptsd/ready/azenta_run_03/205_R1_001.fastq.gz	/home/nilmat/reads/streptsd/ready/azenta_run_03/205_R2_001.fastq.gz	TRUE	TRUE	TRUE	FALSE	control	azenta:Tween 20	TRUE	FALSE
207-Tween20	207-Tween20	J1074		C-source	Tween 20	48h	30C	Spring	0.5	sample_id: (carbon source)-(biological replicate id)(technical replicate id)		run_03	PAIRED	ILLUMINA	/home/nilmat/reads/streptsd/ready/azenta_run_03/207_R1_001.fastq.gz	/home/nilmat/reads/streptsd/ready/azenta_run_03/207_R2_001.fastq.gz	TRUE	TRUE	TRUE	FALSE	control	azenta:Tween 20	TRUE	FALSE
241-Tween80	241-Tween80	J1074		C-source	Tween 80	24h	30C	Spring	0.7	sample_id: (carbon source)-(biological replicate id)(technical replicate id)		run_03	PAIRED	ILLUMINA	/home/nilmat/reads/streptsd/ready/azenta_run_03/241_R1_001.fastq.gz	/home/nilmat/reads/streptsd/ready/azenta_run_03/241_R2_001.fastq.gz	TRUE	TRUE	TRUE	FALSE	control	azenta:Tween 80	TRUE	FALSE
242-Tween80	242-Tween80	J1074		C-source	Tween 80	24h	30C	Spring	0.7	sample_id: (carbon source)-(biological replicate id)(technical replicate id)		run_03	PAIRED	ILLUMINA	/home/nilmat/reads/streptsd/ready/azenta_run_03/242_R1_001.fastq.gz	/home/nilmat/reads/streptsd/ready/azenta_run_03/242_R2_001.fastq.gz	TRUE	TRUE	TRUE	FALSE	control	azenta:Tween 80	TRUE	FALSE
159-Xylose	159-Xylose	J1074		C-source	Xylose	48h	30C	Spring		sample_id: (carbon source)-(biological replicate id)(technical replicate id)		run_03	PAIRED	ILLUMINA	/home/nilmat/reads/streptsd/ready/azenta_run_03/159_R1_001.fastq.gz	/home/nilmat/reads/streptsd/ready/azenta_run_03/159_R2_001.fastq.gz	TRUE	TRUE	TRUE	FALSE	control	azenta:Xylose	TRUE	FALSE
160-Xylose	160-Xylose	J1074		C-source	Xylose	48h	30C	Spring		sample_id: (carbon source)-(biological replicate id)(technical replicate id)		run_03	PAIRED	ILLUMINA	/home/nilmat/reads/streptsd/ready/azenta_run_03/160_R1_001.fastq.gz	/home/nilmat/reads/streptsd/ready/azenta_run_03/160_R2_001.fastq.gz	TRUE	TRUE	TRUE	FALSE	control	azenta:Xylose	TRUE	FALSE
590-ISP2pH9	590-ISP2pH9	J1074		pH	ISP2 pH 9	24h	30C	Spring				rerun	PAIRED	ILLUMINA	/home/nilmat/reads/streptsd/ready/azenta_aug2023/590_R1_001.fastq.gz	/home/nilmat/reads/streptsd/ready/azenta_aug2023/590_R2_001.fastq.gz	TRUE	TRUE	TRUE	FALSE	control	azenta:ISP2 pH 9	TRUE	FALSE
591-ISP2pH9	591-ISP2pH9	J1074		pH	ISP2 pH 9	24h	30C	Spring				rerun	PAIRED	ILLUMINA	/home/nilmat/reads/streptsd/ready/azenta_aug2023/591_R1_001.fastq.gz	/home/nilmat/reads/streptsd/ready/azenta_aug2023/591_R2_001.fastq.gz	TRUE	TRUE	TRUE	FALSE	control	azenta:ISP2 pH 9	TRUE	FALSE
587-MSGpH9	587-MSGpH9	J1074		pH	MSG pH 9	216h	30C	Spring; RNA extracted from 20 mL				rerun	PAIRED	ILLUMINA	/home/nilmat/reads/streptsd/ready/azenta_aug2023/587_R1_001.fastq.gz	/home/nilmat/reads/streptsd/ready/azenta_aug2023/587_R2_001.fastq.gz	TRUE	TRUE	TRUE	FALSE	control	azenta:MSG pH 9	TRUE	FALSE
589-MSGpH9	589-MSGpH9	J1074		pH	MSG pH 9	216h	30C	Spring; RNA extracted from 20 mL				rerun	PAIRED	ILLUMINA	/home/nilmat/reads/streptsd/ready/azenta_aug2023/589_R1_001.fastq.gz	/home/nilmat/reads/streptsd/ready/azenta_aug2023/589_R2_001.fastq.gz	TRUE	TRUE	TRUE	FALSE	control	azenta:MSG pH 9	TRUE	FALSE
329-MSGpH6	329-MSGpH6	J1074		pH	MSG pH6	96h	30C	Spring	0.5	sample_id: (carbon source)-(biological replicate id)(technical replicate id)		run_03	PAIRED	ILLUMINA	/home/nilmat/reads/streptsd/ready/azenta_run_03/329_R1_001.fastq.gz	/home/nilmat/reads/streptsd/ready/azenta_run_03/329_R2_001.fastq.gz	TRUE	TRUE	TRUE	FALSE	control	azenta:MSG pH6	TRUE	FALSE
330-MSGpH6	330-MSGpH6	J1074		pH	MSG pH6	96h	30C	Spring	0.5	sample_id: (carbon source)-(biological replicate id)(technical replicate id)		run_03	PAIRED	ILLUMINA	/home/nilmat/reads/streptsd/ready/azenta_run_03/330_R1_001.fastq.gz	/home/nilmat/reads/streptsd/ready/azenta_run_03/330_R2_001.fastq.gz	TRUE	TRUE	TRUE	FALSE	control	azenta:MSG pH6	TRUE	FALSE
165-ISP22	165-ISP22	J1074		Salinity	ISP2 2% NaCl	24h	30C	Spring-Manual		sample_id: (carbon source)-(biological replicate id)(technical replicate id)		run_03	PAIRED	ILLUMINA	/home/nilmat/reads/streptsd/ready/azenta_run_03/165_R1_001.fastq.gz	/home/nilmat/reads/streptsd/ready/azenta_run_03/165_R2_001.fastq.gz	TRUE	TRUE	TRUE	FALSE	control	azenta:ISP2 2% NaCl	TRUE	FALSE
167-ISP22	167-ISP22	J1074		Salinity	ISP2 2% NaCl	24h	30C	Spring-Manual		sample_id: (carbon source)-(biological replicate id)(technical replicate id)		run_03	PAIRED	ILLUMINA	/home/nilmat/reads/streptsd/ready/azenta_run_03/167_R1_001.fastq.gz	/home/nilmat/reads/streptsd/ready/azenta_run_03/167_R2_001.fastq.gz	TRUE	TRUE	TRUE	FALSE	control	azenta:ISP2 2% NaCl	TRUE	FALSE
170-ISP23	170-ISP23	J1074		Salinity	ISP2 3% NaCl	24h	30C	Spring-Manual		sample_id: (carbon source)-(biological replicate id)(technical replicate id)		run_03	PAIRED	ILLUMINA	/home/nilmat/reads/streptsd/ready/azenta_run_03/170_R1_001.fastq.gz	/home/nilmat/reads/streptsd/ready/azenta_run_03/170_R2_001.fastq.gz	TRUE	TRUE	TRUE	FALSE	control	azenta:ISP2 3% NaCl	TRUE	FALSE
171-ISP23	171-ISP23	J1074		Salinity	ISP2 3% NaCl	24h	30C	Spring-Manual		sample_id: (carbon source)-(biological replicate id)(technical replicate id)		run_03	PAIRED	ILLUMINA	/home/nilmat/reads/streptsd/ready/azenta_run_03/171_R1_001.fastq.gz	/home/nilmat/reads/streptsd/ready/azenta_run_03/171_R2_001.fastq.gz	TRUE	TRUE	TRUE	FALSE	control	azenta:ISP2 3% NaCl	TRUE	FALSE
594-ISP25NaCl	594-ISP25NaCl	J1074		Salinity	ISP2 5% NaCl	48h	30C	Spring				rerun	PAIRED	ILLUMINA	/home/nilmat/reads/streptsd/ready/azenta_aug2023/594_R1_001.fastq.gz	/home/nilmat/reads/streptsd/ready/azenta_aug2023/594_R2_001.fastq.gz	TRUE	TRUE	TRUE	FALSE	control	azenta:ISP2 5% NaCl	TRUE	FALSE
595-ISP25NaCl	595-ISP25NaCl	J1074		Salinity	ISP2 5% NaCl	48h	30C	Spring				rerun	PAIRED	ILLUMINA	/home/nilmat/reads/streptsd/ready/azenta_aug2023/595_R1_001.fastq.gz	/home/nilmat/reads/streptsd/ready/azenta_aug2023/595_R2_001.fastq.gz	TRUE	TRUE	TRUE	FALSE	control	azenta:ISP2 5% NaCl	TRUE	FALSE
599-ISP27NaCl	599-ISP27NaCl	J1074		Salinity	ISP2 7% NaCl	48h	30C	Spring				rerun	PAIRED	ILLUMINA	/home/nilmat/reads/streptsd/ready/azenta_aug2023/599_R1_001.fastq.gz	/home/nilmat/reads/streptsd/ready/azenta_aug2023/599_R2_001.fastq.gz	TRUE	TRUE	TRUE	FALSE	control	azenta:ISP2 7% NaCl	TRUE	FALSE
601-ISP27NaCl	601-ISP27NaCl	J1074		Salinity	ISP2 7% NaCl	48h	30C	Spring				rerun	PAIRED	ILLUMINA	/home/nilmat/reads/streptsd/ready/azenta_aug2023/601_R1_001.fastq.gz	/home/nilmat/reads/streptsd/ready/azenta_aug2023/601_R2_001.fastq.gz	TRUE	TRUE	TRUE	FALSE	control	azenta:ISP2 7% NaCl	TRUE	FALSE
173-MSG1	173-MSG1	J1074		Salinity	MSG 1%NaCl	42h	30C	Spring		sample_id: (carbon source)-(biological replicate id)(technical replicate id)		run_03	PAIRED	ILLUMINA	/home/nilmat/reads/streptsd/ready/azenta_run_03/173_R1_001.fastq.gz	/home/nilmat/reads/streptsd/ready/azenta_run_03/173_R2_001.fastq.gz	TRUE	TRUE	TRUE	FALSE	control	azenta:MSG 1%NaCl	TRUE	FALSE
174-MSG1	174-MSG1	J1074		Salinity	MSG 1%NaCl	42h	30C	Spring		sample_id: (carbon source)-(biological replicate id)(technical replicate id)		run_03	PAIRED	ILLUMINA	/home/nilmat/reads/streptsd/ready/azenta_run_03/174_R1_001.fastq.gz	/home/nilmat/reads/streptsd/ready/azenta_run_03/174_R2_001.fastq.gz	TRUE	TRUE	TRUE	FALSE	control	azenta:MSG 1%NaCl	TRUE	FALSE
179-MSG2	179-MSG2	J1074		Salinity	MSG 2%NaCl	42h	30C	Spring		sample_id: (carbon source)-(biological replicate id)(technical replicate id)		run_03	PAIRED	ILLUMINA	/home/nilmat/reads/streptsd/ready/azenta_run_03/179_R1_001.fastq.gz	/home/nilmat/reads/streptsd/ready/azenta_run_03/179_R2_001.fastq.gz	TRUE	TRUE	TRUE	FALSE	control	azenta:MSG 2%NaCl	TRUE	FALSE
180-MSG2	180-MSG2	J1074		Salinity	MSG 2%NaCl	42h	30C	Spring		sample_id: (carbon source)-(biological replicate id)(technical replicate id)		run_03	PAIRED	ILLUMINA	/home/nilmat/reads/streptsd/ready/azenta_run_03/180_R1_001.fastq.gz	/home/nilmat/reads/streptsd/ready/azenta_run_03/180_R2_001.fastq.gz	TRUE	TRUE	TRUE	FALSE	control	azenta:MSG 2%NaCl	TRUE	FALSE
182-MSG3	182-MSG3	J1074		Salinity	MSG 3% NaCl	42h	30C	Spring		sample_id: (carbon source)-(biological replicate id)(technical replicate id)		run_03	PAIRED	ILLUMINA	/home/nilmat/reads/streptsd/ready/azenta_run_03/182_R1_001.fastq.gz	/home/nilmat/reads/streptsd/ready/azenta_run_03/182_R2_001.fastq.gz	TRUE	TRUE	TRUE	FALSE	control	azenta:MSG 3% NaCl	TRUE	FALSE
184-MSG3	184-MSG3	J1074		Salinity	MSG 3% NaCl	42h	30C	Spring		sample_id: (carbon source)-(biological replicate id)(technical replicate id)		run_03	PAIRED	ILLUMINA	/home/nilmat/reads/streptsd/ready/azenta_run_03/184_R1_001.fastq.gz	/home/nilmat/reads/streptsd/ready/azenta_run_03/184_R2_001.fastq.gz	TRUE	TRUE	TRUE	FALSE	control	azenta:MSG 3% NaCl	TRUE	FALSE
301-MSG5	301-MSG5	J1074		Salinity	MSG 5% NaCl	72h	30C	Spring	2.8	sample_id: (carbon source)-(biological replicate id)(technical replicate id)		run_03	PAIRED	ILLUMINA	/home/nilmat/reads/streptsd/ready/azenta_run_03/301_R1_001.fastq.gz	/home/nilmat/reads/streptsd/ready/azenta_run_03/301_R2_001.fastq.gz	TRUE	TRUE	TRUE	FALSE	control	azenta:MSG 5% NaCl	TRUE	FALSE
303-MSG5	303-MSG5	J1074		Salinity	MSG 5% NaCl	72h	30C	Spring	6.5	sample_id: (carbon source)-(biological replicate id)(technical replicate id)		run_03	PAIRED	ILLUMINA	/home/nilmat/reads/streptsd/ready/azenta_run_03/303_R1_001.fastq.gz	/home/nilmat/reads/streptsd/ready/azenta_run_03/303_R2_001.fastq.gz	TRUE	TRUE	TRUE	FALSE	control	azenta:MSG 5% NaCl	TRUE	FALSE
596-MSG5NaCl	596-MSG5NaCl	J1074		Salinity	MSG 5% NaCl	72h	30C	Spring; RNA extracted from 20 mL				rerun	PAIRED	ILLUMINA	/home/nilmat/reads/streptsd/ready/azenta_aug2023/596_R1_001.fastq.gz	/home/nilmat/reads/streptsd/ready/azenta_aug2023/596_R2_001.fastq.gz	TRUE	TRUE	TRUE	FALSE	control	azenta:MSG 5% NaCl	TRUE	FALSE
598-MSG5NaCl	598-MSG5NaCl	J1074		Salinity	MSG 5% NaCl	72h	30C	Spring; RNA extracted from 20 mL				rerun	PAIRED	ILLUMINA	/home/nilmat/reads/streptsd/ready/azenta_aug2023/598_R1_001.fastq.gz	/home/nilmat/reads/streptsd/ready/azenta_aug2023/598_R2_001.fastq.gz	TRUE	TRUE	TRUE	FALSE	control	azenta:MSG 5% NaCl	TRUE	FALSE
325-MSG7	325-MSG7	J1074		Salinity	MSG 7% NaCl	96h	30C	Spring	0.4	sample_id: (carbon source)-(biological replicate id)(technical replicate id)		run_03	PAIRED	ILLUMINA	/home/nilmat/reads/streptsd/ready/azenta_run_03/325_R1_001.fastq.gz	/home/nilmat/reads/streptsd/ready/azenta_run_03/325_R2_001.fastq.gz	TRUE	TRUE	TRUE	FALSE	control	azenta:MSG 7% NaCl	TRUE	FALSE
326-MSG7	326-MSG7	J1074		Salinity	MSG 7% NaCl	96h	30C	Spring	0.3	sample_id: (carbon source)-(biological replicate id)(technical replicate id)		run_03	PAIRED	ILLUMINA	/home/nilmat/reads/streptsd/ready/azenta_run_03/326_R1_001.fastq.gz	/home/nilmat/reads/streptsd/ready/azenta_run_03/326_R2_001.fastq.gz	TRUE	TRUE	TRUE	FALSE	control	azenta:MSG 7% NaCl	TRUE	FALSE
579-ISP220C	579-ISP220C	J1074		Temperature	ISP2 20C	48h	20C	Spring				rerun	PAIRED	ILLUMINA	/home/nilmat/reads/streptsd/ready/azenta_aug2023/579_R1_001.fastq.gz	/home/nilmat/reads/streptsd/ready/azenta_aug2023/579_R2_001.fastq.gz	TRUE	TRUE	TRUE	FALSE	control	azenta:ISP2 20C	TRUE	FALSE
580-ISP220C	580-ISP220C	J1074		Temperature	ISP2 20C	48h	20C	Spring				rerun	PAIRED	ILLUMINA	/home/nilmat/reads/streptsd/ready/azenta_aug2023/580_R1_001.fastq.gz	/home/nilmat/reads/streptsd/ready/azenta_aug2023/580_R2_001.fastq.gz	TRUE	TRUE	TRUE	FALSE	control	azenta:ISP2 20C	TRUE	FALSE
298-MSG20C	298-MSG20C	J1074		Temperature	MSG 20C	52h	20C	Spring-barely any OD		sample_id: (carbon source)-(biological replicate id)(technical replicate id)		run_03	PAIRED	ILLUMINA	/home/nilmat/reads/streptsd/ready/azenta_run_03/298_R1_001.fastq.gz	/home/nilmat/reads/streptsd/ready/azenta_run_03/298_R2_001.fastq.gz	TRUE	TRUE	TRUE	FALSE	control	azenta:MSG 20C	TRUE	FALSE
299-MSG20C	299-MSG20C	J1074		Temperature	MSG 20C	52h	20C	Spring-barely any OD		sample_id: (carbon source)-(biological replicate id)(technical replicate id)		run_03	PAIRED	ILLUMINA	/home/nilmat/reads/streptsd/ready/azenta_run_03/299_R1_001.fastq.gz	/home/nilmat/reads/streptsd/ready/azenta_run_03/299_R2_001.fastq.gz	TRUE	TRUE	TRUE	FALSE	control	azenta:MSG 20C	TRUE	FALSE
353-24hISP2	353-24hISP2	J1074		Time course	24h ISP2	24h	30C	Baffled flask	3.6	sample_id: (carbon source)-(biological replicate id)(technical replicate id)		run_03	PAIRED	ILLUMINA	/home/nilmat/reads/streptsd/ready/azenta_run_03/353_R1_001.fastq.gz	/home/nilmat/reads/streptsd/ready/azenta_run_03/353_R2_001.fastq.gz	TRUE	TRUE	TRUE	FALSE	control	azenta:24h ISP2	TRUE	FALSE
354-24hISP2	354-24hISP2	J1074		Time course	24h ISP2	24h	30C	Baffled flask	3.5	sample_id: (carbon source)-(biological replicate id)(technical replicate id)		run_03	PAIRED	ILLUMINA	/home/nilmat/reads/streptsd/ready/azenta_run_03/354_R1_001.fastq.gz	/home/nilmat/reads/streptsd/ready/azenta_run_03/354_R2_001.fastq.gz	TRUE	TRUE	TRUE	FALSE	control	azenta:24h ISP2	TRUE	FALSE
358-24hMSG	358-24hMSG	J1074		Time course	24h MSG	24h	30C	Baffled flask	0.2	sample_id: (carbon source)-(biological replicate id)(technical replicate id)		run_03	PAIRED	ILLUMINA	/home/nilmat/reads/streptsd/ready/azenta_run_03/358_R1_001.fastq.gz	/home/nilmat/reads/streptsd/ready/azenta_run_03/358_R2_001.fastq.gz	TRUE	TRUE	TRUE	FALSE	control	azenta:24h MSG	TRUE	FALSE
359-24hMSG	359-24hMSG	J1074		Time course	24h MSG	24h	30C	Baffled flask	0.1	sample_id: (carbon source)-(biological replicate id)(technical replicate id)		run_03	PAIRED	ILLUMINA	/home/nilmat/reads/streptsd/ready/azenta_run_03/359_R1_001.fastq.gz	/home/nilmat/reads/streptsd/ready/azenta_run_03/359_R2_001.fastq.gz	TRUE	TRUE	TRUE	FALSE	control	azenta:24h MSG	TRUE	FALSE
360-24hMSG	360-24hMSG	J1074		Time course	24h MSG	24h	30C	Baffled flask	0.4	sample_id: (carbon source)-(biological replicate id)(technical replicate id)		run_03	PAIRED	ILLUMINA	/home/nilmat/reads/streptsd/ready/azenta_run_03/360_R1_001.fastq.gz	/home/nilmat/reads/streptsd/ready/azenta_run_03/360_R2_001.fastq.gz	TRUE	TRUE	TRUE	FALSE	control	azenta:24h MSG	TRUE	FALSE
365-48hISP2	365-48hISP2	J1074		Time course	48h ISP2	48h	30C	Baffled flask	7.6	sample_id: (carbon source)-(biological replicate id)(technical replicate id)		run_03	PAIRED	ILLUMINA	/home/nilmat/reads/streptsd/ready/azenta_run_03/365_R1_001.fastq.gz	/home/nilmat/reads/streptsd/ready/azenta_run_03/365_R2_001.fastq.gz	TRUE	TRUE	TRUE	FALSE	control	azenta:48h ISP2	TRUE	FALSE
366-48hISP2	366-48hISP2	J1074		Time course	48h ISP2	48h	30C	Baffled flask	8.4	sample_id: (carbon source)-(biological replicate id)(technical replicate id)		run_03	PAIRED	ILLUMINA	/home/nilmat/reads/streptsd/ready/azenta_run_03/366_R1_001.fastq.gz	/home/nilmat/reads/streptsd/ready/azenta_run_03/366_R2_001.fastq.gz	TRUE	TRUE	TRUE	FALSE	control	azenta:48h ISP2	TRUE	FALSE
370-48hMSG	370-48hMSG	J1074		Time course	48h MSG	48h	30C	Baffled flask	1.8	sample_id: (carbon source)-(biological replicate id)(technical replicate id)		run_03	PAIRED	ILLUMINA	/home/nilmat/reads/streptsd/ready/azenta_run_03/370_R1_001.fastq.gz	/home/nilmat/reads/streptsd/ready/azenta_run_03/370_R2_001.fastq.gz	TRUE	TRUE	TRUE	FALSE	control	azenta:48h MSG	TRUE	FALSE
371-48hMSG	371-48hMSG	J1074		Time course	48h MSG	48h	30C	Baffled flask	1.3	sample_id: (carbon source)-(biological replicate id)(technical replicate id)		run_03	PAIRED	ILLUMINA	/home/nilmat/reads/streptsd/ready/azenta_run_03/371_R1_001.fastq.gz	/home/nilmat/reads/streptsd/ready/azenta_run_03/371_R2_001.fastq.gz	TRUE	TRUE	TRUE	FALSE	control	azenta:48h MSG	TRUE	FALSE
372-48hMSG	372-48hMSG	J1074		Time course	48h MSG	48h	30C	Baffled flask	1.1	sample_id: (carbon source)-(biological replicate id)(technical replicate id)		run_03	PAIRED	ILLUMINA	/home/nilmat/reads/streptsd/ready/azenta_run_03/372_R1_001.fastq.gz	/home/nilmat/reads/streptsd/ready/azenta_run_03/372_R2_001.fastq.gz	TRUE	TRUE	TRUE	FALSE	control	azenta:48h MSG	TRUE	FALSE
382-72hMSG	382-72hMSG	J1074		Time course	72h MSG	72h	30C	Baffled flask	3.8	sample_id: (carbon source)-(biological replicate id)(technical replicate id)		run_03	PAIRED	ILLUMINA	/home/nilmat/reads/streptsd/ready/azenta_run_03/382_R1_001.fastq.gz	/home/nilmat/reads/streptsd/ready/azenta_run_03/382_R2_001.fastq.gz	TRUE	TRUE	TRUE	FALSE	control	azenta:72h MSG	TRUE	FALSE
383-72hMSG	383-72hMSG	J1074		Time course	72h MSG	72h	30C	Baffled flask	4.7	sample_id: (carbon source)-(biological replicate id)(technical replicate id)		run_03	PAIRED	ILLUMINA	/home/nilmat/reads/streptsd/ready/azenta_run_03/383_R1_001.fastq.gz	/home/nilmat/reads/streptsd/ready/azenta_run_03/383_R2_001.fastq.gz	TRUE	TRUE	TRUE	FALSE	control	azenta:72h MSG	TRUE	FALSE
384-72hMSG	384-72hMSG	J1074		Time course	72h MSG	72h	30C	Baffled flask	5.2	sample_id: (carbon source)-(biological replicate id)(technical replicate id)		run_03	PAIRED	ILLUMINA	/home/nilmat/reads/streptsd/ready/azenta_run_03/384_R1_001.fastq.gz	/home/nilmat/reads/streptsd/ready/azenta_run_03/384_R2_001.fastq.gz	TRUE	TRUE	TRUE	FALSE	control	azenta:72h MSG	TRUE	FALSE
SRR25592626	SRR25592626	Del14-4N24		Nybomycin	Del14-4N24_12h	12h	Na	Na					PAIRED	ILLUMINA	/home/nilmat/reads/streptsd/ready/external/del14/SRR25592626_R1.fastq.gz	/home/nilmat/reads/streptsd/ready/external/del14/SRR25592626_R2.fastq.gz	TRUE	TRUE	TRUE	FALSE	control	azenta:Del14-4N24_12h	TRUE	FALSE
SRR25592627	SRR25592627	Del14-4N24		Nybomycin	Del14-4N24_12h	12h	Na	Na					PAIRED	ILLUMINA	/home/nilmat/reads/streptsd/ready/external/del14/SRR25592627_R1.fastq.gz	/home/nilmat/reads/streptsd/ready/external/del14/SRR25592627_R2.fastq.gz	TRUE	TRUE	TRUE	FALSE	control	azenta:Del14-4N24_12h	TRUE	FALSE
SRR25592628	SRR25592628	Del14-4N24		Nybomycin	Del14-4N24_12h	12h	Na	Na					PAIRED	ILLUMINA	/home/nilmat/reads/streptsd/ready/external/del14/SRR25592628_R1.fastq.gz	/home/nilmat/reads/streptsd/ready/external/del14/SRR25592628_R2.fastq.gz	TRUE	TRUE	TRUE	FALSE	control	azenta:Del14-4N24_12h	TRUE	FALSE
SRR25592623	SRR25592623	Del14-4N24		Nybomycin	Del14-4N24_70h	70h	Na	Na					PAIRED	ILLUMINA	/home/nilmat/reads/streptsd/ready/external/del14/SRR25592623_R1.fastq.gz	/home/nilmat/reads/streptsd/ready/external/del14/SRR25592623_R2.fastq.gz	TRUE	TRUE	TRUE	FALSE	control	azenta:Del14-4N24_70h	TRUE	FALSE
SRR25592624	SRR25592624	Del14-4N24		Nybomycin	Del14-4N24_70h	70h	Na	Na					PAIRED	ILLUMINA	/home/nilmat/reads/streptsd/ready/external/del14/SRR25592624_R1.fastq.gz	/home/nilmat/reads/streptsd/ready/external/del14/SRR25592624_R2.fastq.gz	TRUE	TRUE	TRUE	FALSE	control	azenta:Del14-4N24_70h	TRUE	FALSE
SRR25592625	SRR25592625	Del14-4N24		Nybomycin	Del14-4N24_70h	70h	Na	Na					PAIRED	ILLUMINA	/home/nilmat/reads/streptsd/ready/external/del14/SRR25592625_R1.fastq.gz	/home/nilmat/reads/streptsd/ready/external/del14/SRR25592625_R2.fastq.gz	TRUE	TRUE	TRUE	FALSE	control	azenta:Del14-4N24_70h	TRUE	FALSE
SRR25592596	SRR25592596	Del14-4N24 DnybW PkasOP::nybF::tkt		Nybomycin	DnybW PkasOP::nybF::tkt_12h	12h	Na	Na					PAIRED	ILLUMINA	/home/nilmat/reads/streptsd/ready/external/del14/SRR25592596_R1.fastq.gz	/home/nilmat/reads/streptsd/ready/external/del14/SRR25592596_R2.fastq.gz	TRUE	TRUE	TRUE	FALSE	control	azenta:DnybW PkasOP::nybF::tkt_12h	TRUE	FALSE
SRR25592597	SRR25592597	Del14-4N24 DnybW PkasOP::nybF::tkt		Nybomycin	DnybW PkasOP::nybF::tkt_12h	12h	Na	Na					PAIRED	ILLUMINA	/home/nilmat/reads/streptsd/ready/external/del14/SRR25592597_R1.fastq.gz	/home/nilmat/reads/streptsd/ready/external/del14/SRR25592597_R2.fastq.gz	TRUE	TRUE	TRUE	FALSE	control	azenta:DnybW PkasOP::nybF::tkt_12h	TRUE	FALSE
SRR25592598	SRR25592598	Del14-4N24 DnybW PkasOP::nybF::tkt		Nybomycin	DnybW PkasOP::nybF::tkt_12h	12h	Na	Na					PAIRED	ILLUMINA	/home/nilmat/reads/streptsd/ready/external/del14/SRR25592598_R1.fastq.gz	/home/nilmat/reads/streptsd/ready/external/del14/SRR25592598_R2.fastq.gz	TRUE	TRUE	TRUE	FALSE	control	azenta:DnybW PkasOP::nybF::tkt_12h	TRUE	FALSE
SRR25592593	SRR25592593	Del14-4N24 DnybW PkasOP::nybF::tkt		Nybomycin	DnybW PkasOP::nybF::tkt_46h	46h	Na	Na					PAIRED	ILLUMINA	/home/nilmat/reads/streptsd/ready/external/del14/SRR25592593_R1.fastq.gz	/home/nilmat/reads/streptsd/ready/external/del14/SRR25592593_R2.fastq.gz	TRUE	TRUE	TRUE	FALSE	control	azenta:DnybW PkasOP::nybF::tkt_46h	TRUE	FALSE
SRR25592594	SRR25592594	Del14-4N24 DnybW PkasOP::nybF::tkt		Nybomycin	DnybW PkasOP::nybF::tkt_46h	46h	Na	Na					PAIRED	ILLUMINA	/home/nilmat/reads/streptsd/ready/external/del14/SRR25592594_R1.fastq.gz	/home/nilmat/reads/streptsd/ready/external/del14/SRR25592594_R2.fastq.gz	TRUE	TRUE	TRUE	FALSE	control	azenta:DnybW PkasOP::nybF::tkt_46h	TRUE	FALSE
SRR25592595	SRR25592595	Del14-4N24 DnybW PkasOP::nybF::tkt		Nybomycin	DnybW PkasOP::nybF::tkt_46h	46h	Na	Na					PAIRED	ILLUMINA	/home/nilmat/reads/streptsd/ready/external/del14/SRR25592595_R1.fastq.gz	/home/nilmat/reads/streptsd/ready/external/del14/SRR25592595_R2.fastq.gz	TRUE	TRUE	TRUE	FALSE	control	azenta:DnybW PkasOP::nybF::tkt_46h	TRUE	FALSE
SRR25592590	SRR25592590	Del14-4N24 DnybW PkasOP::nybF::tkt		Nybomycin	DnybW PkasOP::nybF::tkt_70h	70h	Na	Na					PAIRED	ILLUMINA	/home/nilmat/reads/streptsd/ready/external/del14/SRR25592590_R1.fastq.gz	/home/nilmat/reads/streptsd/ready/external/del14/SRR25592590_R2.fastq.gz	TRUE	TRUE	TRUE	FALSE	control	azenta:DnybW PkasOP::nybF::tkt_70h	TRUE	FALSE
SRR25592591	SRR25592591	Del14-4N24 DnybW PkasOP::nybF::tkt		Nybomycin	DnybW PkasOP::nybF::tkt_70h	70h	Na	Na					PAIRED	ILLUMINA	/home/nilmat/reads/streptsd/ready/external/del14/SRR25592591_R1.fastq.gz	/home/nilmat/reads/streptsd/ready/external/del14/SRR25592591_R2.fastq.gz	TRUE	TRUE	TRUE	FALSE	control	azenta:DnybW PkasOP::nybF::tkt_70h	TRUE	FALSE
SRR25592592	SRR25592592	Del14-4N24 DnybW PkasOP::nybF::tkt		Nybomycin	DnybW PkasOP::nybF::tkt_70h	70h	Na	Na					PAIRED	ILLUMINA	/home/nilmat/reads/streptsd/ready/external/del14/SRR25592592_R1.fastq.gz	/home/nilmat/reads/streptsd/ready/external/del14/SRR25592592_R2.fastq.gz	TRUE	TRUE	TRUE	FALSE	control	azenta:DnybW PkasOP::nybF::tkt_70h	TRUE	FALSE
SRR25592605	SRR25592605	Del14-4N24 DnybW PkasOP::nybF::zwf2		Nybomycin	DnybW PkasOP::nybF::zwf2_12h	12h	Na	Na					PAIRED	ILLUMINA	/home/nilmat/reads/streptsd/ready/external/del14/SRR25592605_R1.fastq.gz	/home/nilmat/reads/streptsd/ready/external/del14/SRR25592605_R2.fastq.gz	TRUE	TRUE	TRUE	FALSE	control	azenta:DnybW PkasOP::nybF::zwf2_12h	TRUE	FALSE
SRR25592606	SRR25592606	Del14-4N24 DnybW PkasOP::nybF::zwf2		Nybomycin	DnybW PkasOP::nybF::zwf2_12h	12h	Na	Na					PAIRED	ILLUMINA	/home/nilmat/reads/streptsd/ready/external/del14/SRR25592606_R1.fastq.gz	/home/nilmat/reads/streptsd/ready/external/del14/SRR25592606_R2.fastq.gz	TRUE	TRUE	TRUE	FALSE	control	azenta:DnybW PkasOP::nybF::zwf2_12h	TRUE	FALSE
SRR25592607	SRR25592607	Del14-4N24 DnybW PkasOP::nybF::zwf2		Nybomycin	DnybW PkasOP::nybF::zwf2_12h	12h	Na	Na					PAIRED	ILLUMINA	/home/nilmat/reads/streptsd/ready/external/del14/SRR25592607_R1.fastq.gz	/home/nilmat/reads/streptsd/ready/external/del14/SRR25592607_R2.fastq.gz	TRUE	TRUE	TRUE	FALSE	control	azenta:DnybW PkasOP::nybF::zwf2_12h	TRUE	FALSE
SRR25592602	SRR25592602	Del14-4N24 DnybW PkasOP::nybF::zwf2		Nybomycin	DnybW PkasOP::nybF::zwf2_46h	46h	Na	Na					PAIRED	ILLUMINA	/home/nilmat/reads/streptsd/ready/external/del14/SRR25592602_R1.fastq.gz	/home/nilmat/reads/streptsd/ready/external/del14/SRR25592602_R2.fastq.gz	TRUE	TRUE	TRUE	FALSE	control	azenta:DnybW PkasOP::nybF::zwf2_46h	TRUE	FALSE
SRR25592603	SRR25592603	Del14-4N24 DnybW PkasOP::nybF::zwf2		Nybomycin	DnybW PkasOP::nybF::zwf2_46h	46h	Na	Na					PAIRED	ILLUMINA	/home/nilmat/reads/streptsd/ready/external/del14/SRR25592603_R1.fastq.gz	/home/nilmat/reads/streptsd/ready/external/del14/SRR25592603_R2.fastq.gz	TRUE	TRUE	TRUE	FALSE	control	azenta:DnybW PkasOP::nybF::zwf2_46h	TRUE	FALSE
SRR25592604	SRR25592604	Del14-4N24 DnybW PkasOP::nybF::zwf2		Nybomycin	DnybW PkasOP::nybF::zwf2_46h	46h	Na	Na					PAIRED	ILLUMINA	/home/nilmat/reads/streptsd/ready/external/del14/SRR25592604_R1.fastq.gz	/home/nilmat/reads/streptsd/ready/external/del14/SRR25592604_R2.fastq.gz	TRUE	TRUE	TRUE	FALSE	control	azenta:DnybW PkasOP::nybF::zwf2_46h	TRUE	FALSE
SRR25592599	SRR25592599	Del14-4N24 DnybW PkasOP::nybF::zwf2		Nybomycin	DnybW PkasOP::nybF::zwf2_70h	70h	Na	Na					PAIRED	ILLUMINA	/home/nilmat/reads/streptsd/ready/external/del14/SRR25592599_R1.fastq.gz	/home/nilmat/reads/streptsd/ready/external/del14/SRR25592599_R2.fastq.gz	TRUE	TRUE	TRUE	FALSE	control	azenta:DnybW PkasOP::nybF::zwf2_70h	TRUE	FALSE
SRR25592600	SRR25592600	Del14-4N24 DnybW PkasOP::nybF::zwf2		Nybomycin	DnybW PkasOP::nybF::zwf2_70h	70h	Na	Na					PAIRED	ILLUMINA	/home/nilmat/reads/streptsd/ready/external/del14/SRR25592600_R1.fastq.gz	/home/nilmat/reads/streptsd/ready/external/del14/SRR25592600_R2.fastq.gz	TRUE	TRUE	TRUE	FALSE	control	azenta:DnybW PkasOP::nybF::zwf2_70h	TRUE	FALSE
SRR25592601	SRR25592601	Del14-4N24 DnybW PkasOP::nybF::zwf2		Nybomycin	DnybW PkasOP::nybF::zwf2_70h	70h	Na	Na					PAIRED	ILLUMINA	/home/nilmat/reads/streptsd/ready/external/del14/SRR25592601_R1.fastq.gz	/home/nilmat/reads/streptsd/ready/external/del14/SRR25592601_R2.fastq.gz	TRUE	TRUE	TRUE	FALSE	control	azenta:DnybW PkasOP::nybF::zwf2_70h	TRUE	FALSE
SRR25592614	SRR25592614	Del14-4N24 PkasOP::nybF::zwf2		Nybomycin	PkasOP::nybF::zwf2_12h	12h	Na	Na					PAIRED	ILLUMINA	/home/nilmat/reads/streptsd/ready/external/del14/SRR25592614_R1.fastq.gz	/home/nilmat/reads/streptsd/ready/external/del14/SRR25592614_R2.fastq.gz	TRUE	TRUE	TRUE	FALSE	control	azenta:PkasOP::nybF::zwf2_12h	TRUE	FALSE
SRR25592615	SRR25592615	Del14-4N24 PkasOP::nybF::zwf2		Nybomycin	PkasOP::nybF::zwf2_12h	12h	Na	Na					PAIRED	ILLUMINA	/home/nilmat/reads/streptsd/ready/external/del14/SRR25592615_R1.fastq.gz	/home/nilmat/reads/streptsd/ready/external/del14/SRR25592615_R2.fastq.gz	TRUE	TRUE	TRUE	FALSE	control	azenta:PkasOP::nybF::zwf2_12h	TRUE	FALSE
SRR25592616	SRR25592616	Del14-4N24 PkasOP::nybF::zwf2		Nybomycin	PkasOP::nybF::zwf2_12h	12h	Na	Na					PAIRED	ILLUMINA	/home/nilmat/reads/streptsd/ready/external/del14/SRR25592616_R1.fastq.gz	/home/nilmat/reads/streptsd/ready/external/del14/SRR25592616_R2.fastq.gz	TRUE	TRUE	TRUE	FALSE	control	azenta:PkasOP::nybF::zwf2_12h	TRUE	FALSE
SRR25592611	SRR25592611	Del14-4N24 PkasOP::nybF::zwf2		Nybomycin	PkasOP::nybF::zwf2_46h	46h	Na	Na					PAIRED	ILLUMINA	/home/nilmat/reads/streptsd/ready/external/del14/SRR25592611_R1.fastq.gz	/home/nilmat/reads/streptsd/ready/external/del14/SRR25592611_R2.fastq.gz	TRUE	TRUE	TRUE	FALSE	control	azenta:PkasOP::nybF::zwf2_46h	TRUE	FALSE
SRR25592612	SRR25592612	Del14-4N24 PkasOP::nybF::zwf2		Nybomycin	PkasOP::nybF::zwf2_46h	46h	Na	Na					PAIRED	ILLUMINA	/home/nilmat/reads/streptsd/ready/external/del14/SRR25592612_R1.fastq.gz	/home/nilmat/reads/streptsd/ready/external/del14/SRR25592612_R2.fastq.gz	TRUE	TRUE	TRUE	FALSE	control	azenta:PkasOP::nybF::zwf2_46h	TRUE	FALSE
SRR25592613	SRR25592613	Del14-4N24 PkasOP::nybF::zwf2		Nybomycin	PkasOP::nybF::zwf2_46h	46h	Na	Na					PAIRED	ILLUMINA	/home/nilmat/reads/streptsd/ready/external/del14/SRR25592613_R1.fastq.gz	/home/nilmat/reads/streptsd/ready/external/del14/SRR25592613_R2.fastq.gz	TRUE	TRUE	TRUE	FALSE	control	azenta:PkasOP::nybF::zwf2_46h	TRUE	FALSE
SRR25592608	SRR25592608	Del14-4N24 PkasOP::nybF::zwf2		Nybomycin	PkasOP::nybF::zwf2_70h	70h	Na	Na					PAIRED	ILLUMINA	/home/nilmat/reads/streptsd/ready/external/del14/SRR25592608_R1.fastq.gz	/home/nilmat/reads/streptsd/ready/external/del14/SRR25592608_R2.fastq.gz	TRUE	TRUE	TRUE	FALSE	control	azenta:PkasOP::nybF::zwf2_70h	TRUE	FALSE
SRR25592609	SRR25592609	Del14-4N24 PkasOP::nybF::zwf2		Nybomycin	PkasOP::nybF::zwf2_70h	70h	Na	Na					PAIRED	ILLUMINA	/home/nilmat/reads/streptsd/ready/external/del14/SRR25592609_R1.fastq.gz	/home/nilmat/reads/streptsd/ready/external/del14/SRR25592609_R2.fastq.gz	TRUE	TRUE	TRUE	FALSE	control	azenta:PkasOP::nybF::zwf2_70h	TRUE	FALSE
SRR25592610	SRR25592610	Del14-4N24 PkasOP::nybF::zwf2		Nybomycin	PkasOP::nybF::zwf2_70h	70h	Na	Na					PAIRED	ILLUMINA	/home/nilmat/reads/streptsd/ready/external/del14/SRR25592610_R1.fastq.gz	/home/nilmat/reads/streptsd/ready/external/del14/SRR25592610_R2.fastq.gz	TRUE	TRUE	TRUE	FALSE	control	azenta:PkasOP::nybF::zwf2_70h	TRUE	FALSE
SRR25592620	SRR25592620	Del14-4N24 PkasOP::zwf2		Nybomycin	PkasOP::zwf2_12h	12h	Na	Na					PAIRED	ILLUMINA	/home/nilmat/reads/streptsd/ready/external/del14/SRR25592620_R1.fastq.gz	/home/nilmat/reads/streptsd/ready/external/del14/SRR25592620_R2.fastq.gz	TRUE	TRUE	TRUE	FALSE	control	azenta:PkasOP::zwf2_12h	TRUE	FALSE
SRR25592621	SRR25592621	Del14-4N24 PkasOP::zwf2		Nybomycin	PkasOP::zwf2_12h	12h	Na	Na					PAIRED	ILLUMINA	/home/nilmat/reads/streptsd/ready/external/del14/SRR25592621_R1.fastq.gz	/home/nilmat/reads/streptsd/ready/external/del14/SRR25592621_R2.fastq.gz	TRUE	TRUE	TRUE	FALSE	control	azenta:PkasOP::zwf2_12h	TRUE	FALSE
SRR25592622	SRR25592622	Del14-4N24 PkasOP::zwf2		Nybomycin	PkasOP::zwf2_12h	12h	Na	Na					PAIRED	ILLUMINA	/home/nilmat/reads/streptsd/ready/external/del14/SRR25592622_R1.fastq.gz	/home/nilmat/reads/streptsd/ready/external/del14/SRR25592622_R2.fastq.gz	TRUE	TRUE	TRUE	FALSE	control	azenta:PkasOP::zwf2_12h	TRUE	FALSE
SRR25592617	SRR25592617	Del14-4N24 PkasOP::zwf2		Nybomycin	PkasOP::zwf2_70h	70h	Na	Na					PAIRED	ILLUMINA	/home/nilmat/reads/streptsd/ready/external/del14/SRR25592617_R1.fastq.gz	/home/nilmat/reads/streptsd/ready/external/del14/SRR25592617_R2.fastq.gz	TRUE	TRUE	TRUE	FALSE	control	azenta:PkasOP::zwf2_70h	TRUE	FALSE
SRR25592618	SRR25592618	Del14-4N24 PkasOP::zwf2		Nybomycin	PkasOP::zwf2_70h	70h	Na	Na					PAIRED	ILLUMINA	/home/nilmat/reads/streptsd/ready/external/del14/SRR25592618_R1.fastq.gz	/home/nilmat/reads/streptsd/ready/external/del14/SRR25592618_R2.fastq.gz	TRUE	TRUE	TRUE	FALSE	control	azenta:PkasOP::zwf2_70h	TRUE	FALSE
SRR25592619	SRR25592619	Del14-4N24 PkasOP::zwf2		Nybomycin	PkasOP::zwf2_70h	70h	Na	Na					PAIRED	ILLUMINA	/home/nilmat/reads/streptsd/ready/external/del14/SRR25592619_R1.fastq.gz	/home/nilmat/reads/streptsd/ready/external/del14/SRR25592619_R2.fastq.gz	TRUE	TRUE	TRUE	FALSE	control	azenta:PkasOP::zwf2_70h	TRUE	FALSE
SRX10298365	SRX10298365	J1074/R2_Delta-bkdR		Pamamycin	gp_5h_bkdR_L_valanine	5h	Na	Na				PRJNA708335	PAIRED	ILLUMINA	/home/nilmat/reads/streptsd/ready/external/SRR13918892_1.fastq.gz	/home/nilmat/reads/streptsd/ready/external/SRR13918892_2.fastq.gz	TRUE	TRUE	TRUE	FALSE	control	azenta:gp_5h_bkdR_L_valanine	TRUE	FALSE
SRX10298366	SRX10298366	J1074/R2_Delta-bkdR		Pamamycin	gp_5h_bkdR_L_valanine	5h	Na	Na				PRJNA708335	PAIRED	ILLUMINA	/home/nilmat/reads/streptsd/ready/external/SRR13918893_1.fastq.gz	/home/nilmat/reads/streptsd/ready/external/SRR13918893_2.fastq.gz	TRUE	TRUE	TRUE	FALSE	control	azenta:gp_5h_bkdR_L_valanine	TRUE	FALSE
SRX10298367	SRX10298367	J1074/R2_Delta-bkdR		Pamamycin	gp_5h_bkdR_L_valanine	5h	Na	Na				PRJNA708335	PAIRED	ILLUMINA	/home/nilmat/reads/streptsd/ready/external/SRR13918894_1.fastq.gz	/home/nilmat/reads/streptsd/ready/external/SRR13918894_2.fastq.gz	TRUE	TRUE	TRUE	FALSE	control	azenta:gp_5h_bkdR_L_valanine	TRUE	FALSE
SRX10298353	SRX10298353	J1074/R2		Pamamycin	gp_5h_control	5h	Na	Na				PRJNA708335	PAIRED	ILLUMINA	/home/nilmat/reads/streptsd/ready/external/SRR13918880_1.fastq.gz	/home/nilmat/reads/streptsd/ready/external/SRR13918880_2.fastq.gz	TRUE	TRUE	TRUE	FALSE	control	azenta:gp_5h_control	TRUE	FALSE
SRX10298354	SRX10298354	J1074/R2		Pamamycin	gp_5h_control	5h	Na	Na				PRJNA708335	PAIRED	ILLUMINA	/home/nilmat/reads/streptsd/ready/external/SRR13918881_1.fastq.gz	/home/nilmat/reads/streptsd/ready/external/SRR13918881_2.fastq.gz	TRUE	TRUE	TRUE	FALSE	control	azenta:gp_5h_control	TRUE	FALSE
SRX10298355	SRX10298355	J1074/R2		Pamamycin	gp_5h_control	5h	Na	Na				PRJNA708335	PAIRED	ILLUMINA	/home/nilmat/reads/streptsd/ready/external/SRR13918882_1.fastq.gz	/home/nilmat/reads/streptsd/ready/external/SRR13918882_2.fastq.gz	TRUE	TRUE	TRUE	FALSE	control	azenta:gp_5h_control	TRUE	FALSE
SRX10298359	SRX10298359	J1074/R2		Pamamycin	gp_5h_L_valanine	5h	Na	Na				PRJNA708335	PAIRED	ILLUMINA	/home/nilmat/reads/streptsd/ready/external/SRR13918886_1.fastq.gz	/home/nilmat/reads/streptsd/ready/external/SRR13918886_2.fastq.gz	TRUE	TRUE	TRUE	FALSE	control	azenta:gp_5h_L_valanine	TRUE	FALSE
SRX10298360	SRX10298360	J1074/R2		Pamamycin	gp_5h_L_valanine	5h	Na	Na				PRJNA708335	PAIRED	ILLUMINA	/home/nilmat/reads/streptsd/ready/external/SRR13918887_1.fastq.gz	/home/nilmat/reads/streptsd/ready/external/SRR13918887_2.fastq.gz	TRUE	TRUE	TRUE	FALSE	control	azenta:gp_5h_L_valanine	TRUE	FALSE
SRX10298361	SRX10298361	J1074/R2		Pamamycin	gp_5h_L_valanine	5h	Na	Na				PRJNA708335	PAIRED	ILLUMINA	/home/nilmat/reads/streptsd/ready/external/SRR13918888_1.fastq.gz	/home/nilmat/reads/streptsd/ready/external/SRR13918888_2.fastq.gz	TRUE	TRUE	TRUE	FALSE	control	azenta:gp_5h_L_valanine	TRUE	FALSE
SRX10298356	SRX10298356	J1074/R2		Pamamycin	pp_20h_control	20h	Na	Na				PRJNA708335	PAIRED	ILLUMINA	/home/nilmat/reads/streptsd/ready/external/SRR13918883_1.fastq.gz	/home/nilmat/reads/streptsd/ready/external/SRR13918883_2.fastq.gz	TRUE	TRUE	TRUE	FALSE	control	azenta:pp_20h_control	TRUE	FALSE
SRX10298357	SRX10298357	J1074/R2		Pamamycin	pp_20h_control	20h	Na	Na				PRJNA708335	PAIRED	ILLUMINA	/home/nilmat/reads/streptsd/ready/external/SRR13918884_1.fastq.gz	/home/nilmat/reads/streptsd/ready/external/SRR13918884_2.fastq.gz	TRUE	TRUE	TRUE	FALSE	control	azenta:pp_20h_control	TRUE	FALSE
SRX10298358	SRX10298358	J1074/R2		Pamamycin	pp_20h_control	20h	Na	Na				PRJNA708335	PAIRED	ILLUMINA	/home/nilmat/reads/streptsd/ready/external/SRR13918885_1.fastq.gz	/home/nilmat/reads/streptsd/ready/external/SRR13918885_2.fastq.gz	TRUE	TRUE	TRUE	FALSE	control	azenta:pp_20h_control	TRUE	FALSE
SRX10298368	SRX10298368	J1074/R2_Delta-bkdR		Pamamycin	pp_30h_bkdR_L_valanine	30h	Na	Na				PRJNA708335	PAIRED	ILLUMINA	/home/nilmat/reads/streptsd/ready/external/SRR13918895_1.fastq.gz	/home/nilmat/reads/streptsd/ready/external/SRR13918895_2.fastq.gz	TRUE	TRUE	TRUE	FALSE	control	azenta:pp_30h_bkdR_L_valanine	TRUE	FALSE
SRX10298369	SRX10298369	J1074/R2_Delta-bkdR		Pamamycin	pp_30h_bkdR_L_valanine	30h	Na	Na				PRJNA708335	PAIRED	ILLUMINA	/home/nilmat/reads/streptsd/ready/external/SRR13918896_1.fastq.gz	/home/nilmat/reads/streptsd/ready/external/SRR13918896_2.fastq.gz	TRUE	TRUE	TRUE	FALSE	control	azenta:pp_30h_bkdR_L_valanine	TRUE	FALSE
SRX10298370	SRX10298370	J1074/R2_Delta-bkdR		Pamamycin	pp_30h_bkdR_L_valanine	30h	Na	Na				PRJNA708335	PAIRED	ILLUMINA	/home/nilmat/reads/streptsd/ready/external/SRR13918897_1.fastq.gz	/home/nilmat/reads/streptsd/ready/external/SRR13918897_2.fastq.gz	TRUE	TRUE	TRUE	FALSE	control	azenta:pp_30h_bkdR_L_valanine	TRUE	FALSE
SRX10298362	SRX10298362	J1074/R2		Pamamycin	pp_30h_L_valanine	30h	Na	Na				PRJNA708335	PAIRED	ILLUMINA	/home/nilmat/reads/streptsd/ready/external/SRR13918889_1.fastq.gz	/home/nilmat/reads/streptsd/ready/external/SRR13918889_2.fastq.gz	TRUE	TRUE	TRUE	FALSE	control	azenta:pp_30h_L_valanine	TRUE	FALSE
SRX10298363	SRX10298363	J1074/R2		Pamamycin	pp_30h_L_valanine	30h	Na	Na				PRJNA708335	PAIRED	ILLUMINA	/home/nilmat/reads/streptsd/ready/external/SRR13918890_1.fastq.gz	/home/nilmat/reads/streptsd/ready/external/SRR13918890_2.fastq.gz	TRUE	TRUE	TRUE	FALSE	control	azenta:pp_30h_L_valanine	TRUE	FALSE
SRX10298364	SRX10298364	J1074/R2		Pamamycin	pp_30h_L_valanine	30h	Na	Na				PRJNA708335	PAIRED	ILLUMINA	/home/nilmat/reads/streptsd/ready/external/SRR13918891_1.fastq.gz	/home/nilmat/reads/streptsd/ready/external/SRR13918891_2.fastq.gz	TRUE	TRUE	TRUE	FALSE	control	azenta:pp_30h_L_valanine	TRUE	FALSE