Experiment,sample_id,strain,benchling_strain_id,project,condition,notes,run,type,year,sequencing_run,LibraryLayout,Platform,R1,R2
29-Asparagine,29-Asparagine,J1074,,azenta,Asparagine,sample_id: (carbon source)-(biological replicate id)(technical replicate id),,in-house,2023,run_03,PAIRED,ILLUMINA,/home/nilmat/reads/streptsd/ready/azenta_run_03/29_R1_001.fastq.gz,/home/nilmat/reads/streptsd/ready/azenta_run_03/29_R2_001.fastq.gz
30-Asparagine,30-Asparagine,J1074,,azenta,Asparagine,sample_id: (carbon source)-(biological replicate id)(technical replicate id),,in-house,2023,run_03,PAIRED,ILLUMINA,/home/nilmat/reads/streptsd/ready/azenta_run_03/30_R1_001.fastq.gz,/home/nilmat/reads/streptsd/ready/azenta_run_03/30_R2_001.fastq.gz
138-Dcellobiose,138-Dcellobiose,J1074,,azenta,D-cellobiose,sample_id: (carbon source)-(biological replicate id)(technical replicate id),,in-house,2023,run_03,PAIRED,ILLUMINA,/home/nilmat/reads/streptsd/ready/azenta_run_03/138_R1_001.fastq.gz,/home/nilmat/reads/streptsd/ready/azenta_run_03/138_R2_001.fastq.gz
140-Dcellobiose,140-Dcellobiose,J1074,,azenta,D-cellobiose,sample_id: (carbon source)-(biological replicate id)(technical replicate id),,in-house,2023,run_03,PAIRED,ILLUMINA,/home/nilmat/reads/streptsd/ready/azenta_run_03/140_R1_001.fastq.gz,/home/nilmat/reads/streptsd/ready/azenta_run_03/140_R2_001.fastq.gz
149-LAlanine,149-LAlanine,J1074,,azenta,L-Alanine,sample_id: (carbon source)-(biological replicate id)(technical replicate id),,in-house,2023,run_03,PAIRED,ILLUMINA,/home/nilmat/reads/streptsd/ready/azenta_run_03/149_R1_001.fastq.gz,/home/nilmat/reads/streptsd/ready/azenta_run_03/149_R2_001.fastq.gz
150-LAlanine,150-LAlanine,J1074,,azenta,L-Alanine,sample_id: (carbon source)-(biological replicate id)(technical replicate id),,in-house,2023,run_03,PAIRED,ILLUMINA,/home/nilmat/reads/streptsd/ready/azenta_run_03/150_R1_001.fastq.gz,/home/nilmat/reads/streptsd/ready/azenta_run_03/150_R2_001.fastq.gz
155-Glucose,155-Glucose,J1074,,azenta,Glucose,sample_id: (carbon source)-(biological replicate id)(technical replicate id),,in-house,2023,run_03,PAIRED,ILLUMINA,/home/nilmat/reads/streptsd/ready/azenta_run_03/155_R1_001.fastq.gz,/home/nilmat/reads/streptsd/ready/azenta_run_03/155_R2_001.fastq.gz
156-Glucose,156-Glucose,J1074,,azenta,Glucose,sample_id: (carbon source)-(biological replicate id)(technical replicate id),,in-house,2023,run_03,PAIRED,ILLUMINA,/home/nilmat/reads/streptsd/ready/azenta_run_03/156_R1_001.fastq.gz,/home/nilmat/reads/streptsd/ready/azenta_run_03/156_R2_001.fastq.gz
159-Xylose,159-Xylose,J1074,,azenta,Xylose,sample_id: (carbon source)-(biological replicate id)(technical replicate id),,in-house,2023,run_03,PAIRED,ILLUMINA,/home/nilmat/reads/streptsd/ready/azenta_run_03/159_R1_001.fastq.gz,/home/nilmat/reads/streptsd/ready/azenta_run_03/159_R2_001.fastq.gz
160-Xylose,160-Xylose,J1074,,azenta,Xylose,sample_id: (carbon source)-(biological replicate id)(technical replicate id),,in-house,2023,run_03,PAIRED,ILLUMINA,/home/nilmat/reads/streptsd/ready/azenta_run_03/160_R1_001.fastq.gz,/home/nilmat/reads/streptsd/ready/azenta_run_03/160_R2_001.fastq.gz
161-ISP21,161-ISP21,J1074,,azenta,ISP2 1% NaCl,sample_id: (carbon source)-(biological replicate id)(technical replicate id),,in-house,2023,run_03,PAIRED,ILLUMINA,/home/nilmat/reads/streptsd/ready/azenta_run_03/161_R1_001.fastq.gz,/home/nilmat/reads/streptsd/ready/azenta_run_03/161_R2_001.fastq.gz
162-ISP21,162-ISP21,J1074,,azenta,ISP2 1% NaCl,sample_id: (carbon source)-(biological replicate id)(technical replicate id),,in-house,2023,run_03,PAIRED,ILLUMINA,/home/nilmat/reads/streptsd/ready/azenta_run_03/162_R1_001.fastq.gz,/home/nilmat/reads/streptsd/ready/azenta_run_03/162_R2_001.fastq.gz
165-ISP22,165-ISP22,J1074,,azenta,ISP2 2% NaCl,sample_id: (carbon source)-(biological replicate id)(technical replicate id),,in-house,2023,run_03,PAIRED,ILLUMINA,/home/nilmat/reads/streptsd/ready/azenta_run_03/165_R1_001.fastq.gz,/home/nilmat/reads/streptsd/ready/azenta_run_03/165_R2_001.fastq.gz
167-ISP22,167-ISP22,J1074,,azenta,ISP2 2% NaCl,sample_id: (carbon source)-(biological replicate id)(technical replicate id),,in-house,2023,run_03,PAIRED,ILLUMINA,/home/nilmat/reads/streptsd/ready/azenta_run_03/167_R1_001.fastq.gz,/home/nilmat/reads/streptsd/ready/azenta_run_03/167_R2_001.fastq.gz
170-ISP23,170-ISP23,J1074,,azenta,ISP2 3% NaCl,sample_id: (carbon source)-(biological replicate id)(technical replicate id),,in-house,2023,run_03,PAIRED,ILLUMINA,/home/nilmat/reads/streptsd/ready/azenta_run_03/170_R1_001.fastq.gz,/home/nilmat/reads/streptsd/ready/azenta_run_03/170_R2_001.fastq.gz
171-ISP23,171-ISP23,J1074,,azenta,ISP2 3% NaCl,sample_id: (carbon source)-(biological replicate id)(technical replicate id),,in-house,2023,run_03,PAIRED,ILLUMINA,/home/nilmat/reads/streptsd/ready/azenta_run_03/171_R1_001.fastq.gz,/home/nilmat/reads/streptsd/ready/azenta_run_03/171_R2_001.fastq.gz
173-MSG1,173-MSG1,J1074,,azenta,MSG 1%NaCl,sample_id: (carbon source)-(biological replicate id)(technical replicate id),,in-house,2023,run_03,PAIRED,ILLUMINA,/home/nilmat/reads/streptsd/ready/azenta_run_03/173_R1_001.fastq.gz,/home/nilmat/reads/streptsd/ready/azenta_run_03/173_R2_001.fastq.gz
174-MSG1,174-MSG1,J1074,,azenta,MSG 1%NaCl,sample_id: (carbon source)-(biological replicate id)(technical replicate id),,in-house,2023,run_03,PAIRED,ILLUMINA,/home/nilmat/reads/streptsd/ready/azenta_run_03/174_R1_001.fastq.gz,/home/nilmat/reads/streptsd/ready/azenta_run_03/174_R2_001.fastq.gz
179-MSG2,179-MSG2,J1074,,azenta,MSG 2%NaCl,sample_id: (carbon source)-(biological replicate id)(technical replicate id),,in-house,2023,run_03,PAIRED,ILLUMINA,/home/nilmat/reads/streptsd/ready/azenta_run_03/179_R1_001.fastq.gz,/home/nilmat/reads/streptsd/ready/azenta_run_03/179_R2_001.fastq.gz
180-MSG2,180-MSG2,J1074,,azenta,MSG 2%NaCl,sample_id: (carbon source)-(biological replicate id)(technical replicate id),,in-house,2023,run_03,PAIRED,ILLUMINA,/home/nilmat/reads/streptsd/ready/azenta_run_03/180_R1_001.fastq.gz,/home/nilmat/reads/streptsd/ready/azenta_run_03/180_R2_001.fastq.gz
182-MSG3,182-MSG3,J1074,,azenta,MSG 3% NaCl,sample_id: (carbon source)-(biological replicate id)(technical replicate id),,in-house,2023,run_03,PAIRED,ILLUMINA,/home/nilmat/reads/streptsd/ready/azenta_run_03/182_R1_001.fastq.gz,/home/nilmat/reads/streptsd/ready/azenta_run_03/182_R2_001.fastq.gz
184-MSG3,184-MSG3,J1074,,azenta,MSG 3% NaCl,sample_id: (carbon source)-(biological replicate id)(technical replicate id),,in-house,2023,run_03,PAIRED,ILLUMINA,/home/nilmat/reads/streptsd/ready/azenta_run_03/184_R1_001.fastq.gz,/home/nilmat/reads/streptsd/ready/azenta_run_03/184_R2_001.fastq.gz
205-Tween20,205-Tween20,J1074,,azenta,Tween 20,sample_id: (carbon source)-(biological replicate id)(technical replicate id),,in-house,2023,run_03,PAIRED,ILLUMINA,/home/nilmat/reads/streptsd/ready/azenta_run_03/205_R1_001.fastq.gz,/home/nilmat/reads/streptsd/ready/azenta_run_03/205_R2_001.fastq.gz
207-Tween20,207-Tween20,J1074,,azenta,Tween 20,sample_id: (carbon source)-(biological replicate id)(technical replicate id),,in-house,2023,run_03,PAIRED,ILLUMINA,/home/nilmat/reads/streptsd/ready/azenta_run_03/207_R1_001.fastq.gz,/home/nilmat/reads/streptsd/ready/azenta_run_03/207_R2_001.fastq.gz
210-Lthreonine,210-Lthreonine,J1074,,azenta,L-threonine,sample_id: (carbon source)-(biological replicate id)(technical replicate id),,in-house,2023,run_03,PAIRED,ILLUMINA,/home/nilmat/reads/streptsd/ready/azenta_run_03/210_R1_001.fastq.gz,/home/nilmat/reads/streptsd/ready/azenta_run_03/210_R2_001.fastq.gz
211-Lthreonine,211-Lthreonine,J1074,,azenta,L-threonine,sample_id: (carbon source)-(biological replicate id)(technical replicate id),,in-house,2023,run_03,PAIRED,ILLUMINA,/home/nilmat/reads/streptsd/ready/azenta_run_03/211_R1_001.fastq.gz,/home/nilmat/reads/streptsd/ready/azenta_run_03/211_R2_001.fastq.gz
241-Tween80,241-Tween80,J1074,,azenta,Tween 80,sample_id: (carbon source)-(biological replicate id)(technical replicate id),,in-house,2023,run_03,PAIRED,ILLUMINA,/home/nilmat/reads/streptsd/ready/azenta_run_03/241_R1_001.fastq.gz,/home/nilmat/reads/streptsd/ready/azenta_run_03/241_R2_001.fastq.gz
242-Tween80,242-Tween80,J1074,,azenta,Tween 80,sample_id: (carbon source)-(biological replicate id)(technical replicate id),,in-house,2023,run_03,PAIRED,ILLUMINA,/home/nilmat/reads/streptsd/ready/azenta_run_03/242_R1_001.fastq.gz,/home/nilmat/reads/streptsd/ready/azenta_run_03/242_R2_001.fastq.gz
253-Fructose,253-Fructose,J1074,,azenta,Fructose,sample_id: (carbon source)-(biological replicate id)(technical replicate id),,in-house,2023,run_03,PAIRED,ILLUMINA,/home/nilmat/reads/streptsd/ready/azenta_run_03/253_R1_001.fastq.gz,/home/nilmat/reads/streptsd/ready/azenta_run_03/253_R2_001.fastq.gz
255-Fructose,255-Fructose,J1074,,azenta,Fructose,sample_id: (carbon source)-(biological replicate id)(technical replicate id),,in-house,2023,run_03,PAIRED,ILLUMINA,/home/nilmat/reads/streptsd/ready/azenta_run_03/255_R1_001.fastq.gz,/home/nilmat/reads/streptsd/ready/azenta_run_03/255_R2_001.fastq.gz
282-Sucrose,282-Sucrose,J1074,,azenta,Sucrose,sample_id: (carbon source)-(biological replicate id)(technical replicate id),,in-house,2023,run_03,PAIRED,ILLUMINA,/home/nilmat/reads/streptsd/ready/azenta_run_03/282_R1_001.fastq.gz,/home/nilmat/reads/streptsd/ready/azenta_run_03/282_R2_001.fastq.gz
283-Sucrose,283-Sucrose,J1074,,azenta,Sucrose,sample_id: (carbon source)-(biological replicate id)(technical replicate id),,in-house,2023,run_03,PAIRED,ILLUMINA,/home/nilmat/reads/streptsd/ready/azenta_run_03/283_R1_001.fastq.gz,/home/nilmat/reads/streptsd/ready/azenta_run_03/283_R2_001.fastq.gz
289-Starch,289-Starch,J1074,,azenta,Starch,sample_id: (carbon source)-(biological replicate id)(technical replicate id),,in-house,2023,run_03,PAIRED,ILLUMINA,/home/nilmat/reads/streptsd/ready/azenta_run_03/289_R1_001.fastq.gz,/home/nilmat/reads/streptsd/ready/azenta_run_03/289_R2_001.fastq.gz
290-Starch,290-Starch,J1074,,azenta,Starch,sample_id: (carbon source)-(biological replicate id)(technical replicate id),,in-house,2023,run_03,PAIRED,ILLUMINA,/home/nilmat/reads/streptsd/ready/azenta_run_03/290_R1_001.fastq.gz,/home/nilmat/reads/streptsd/ready/azenta_run_03/290_R2_001.fastq.gz
298-MSG20C,298-MSG20C,J1074,,azenta,MSG 20C,sample_id: (carbon source)-(biological replicate id)(technical replicate id),,in-house,2023,run_03,PAIRED,ILLUMINA,/home/nilmat/reads/streptsd/ready/azenta_run_03/298_R1_001.fastq.gz,/home/nilmat/reads/streptsd/ready/azenta_run_03/298_R2_001.fastq.gz
299-MSG20C,299-MSG20C,J1074,,azenta,MSG 20C,sample_id: (carbon source)-(biological replicate id)(technical replicate id),,in-house,2023,run_03,PAIRED,ILLUMINA,/home/nilmat/reads/streptsd/ready/azenta_run_03/299_R1_001.fastq.gz,/home/nilmat/reads/streptsd/ready/azenta_run_03/299_R2_001.fastq.gz
301-MSG5,301-MSG5,J1074,,azenta,MSG 5% NaCl,sample_id: (carbon source)-(biological replicate id)(technical replicate id),,in-house,2023,run_03,PAIRED,ILLUMINA,/home/nilmat/reads/streptsd/ready/azenta_run_03/301_R1_001.fastq.gz,/home/nilmat/reads/streptsd/ready/azenta_run_03/301_R2_001.fastq.gz
303-MSG5,303-MSG5,J1074,,azenta,MSG 5% NaCl,sample_id: (carbon source)-(biological replicate id)(technical replicate id),,in-house,2023,run_03,PAIRED,ILLUMINA,/home/nilmat/reads/streptsd/ready/azenta_run_03/303_R1_001.fastq.gz,/home/nilmat/reads/streptsd/ready/azenta_run_03/303_R2_001.fastq.gz
325-MSG7,325-MSG7,J1074,,azenta,MSG 7% NaCl,sample_id: (carbon source)-(biological replicate id)(technical replicate id),,in-house,2023,run_03,PAIRED,ILLUMINA,/home/nilmat/reads/streptsd/ready/azenta_run_03/325_R1_001.fastq.gz,/home/nilmat/reads/streptsd/ready/azenta_run_03/325_R2_001.fastq.gz
326-MSG7,326-MSG7,J1074,,azenta,MSG 7% NaCl,sample_id: (carbon source)-(biological replicate id)(technical replicate id),,in-house,2023,run_03,PAIRED,ILLUMINA,/home/nilmat/reads/streptsd/ready/azenta_run_03/326_R1_001.fastq.gz,/home/nilmat/reads/streptsd/ready/azenta_run_03/326_R2_001.fastq.gz
329-MSGpH6,329-MSGpH6,J1074,,azenta,MSG pH6,sample_id: (carbon source)-(biological replicate id)(technical replicate id),,in-house,2023,run_03,PAIRED,ILLUMINA,/home/nilmat/reads/streptsd/ready/azenta_run_03/329_R1_001.fastq.gz,/home/nilmat/reads/streptsd/ready/azenta_run_03/329_R2_001.fastq.gz
330-MSGpH6,330-MSGpH6,J1074,,azenta,MSG pH6,sample_id: (carbon source)-(biological replicate id)(technical replicate id),,in-house,2023,run_03,PAIRED,ILLUMINA,/home/nilmat/reads/streptsd/ready/azenta_run_03/330_R1_001.fastq.gz,/home/nilmat/reads/streptsd/ready/azenta_run_03/330_R2_001.fastq.gz
333-DNPM,333-DNPM,J1074,,azenta,DNPM,sample_id: (carbon source)-(biological replicate id)(technical replicate id),,in-house,2023,run_03,PAIRED,ILLUMINA,/home/nilmat/reads/streptsd/ready/azenta_run_03/333_R1_001.fastq.gz,/home/nilmat/reads/streptsd/ready/azenta_run_03/333_R2_001.fastq.gz
334-DNPM,334-DNPM,J1074,,azenta,DNPM,sample_id: (carbon source)-(biological replicate id)(technical replicate id),,in-house,2023,run_03,PAIRED,ILLUMINA,/home/nilmat/reads/streptsd/ready/azenta_run_03/334_R1_001.fastq.gz,/home/nilmat/reads/streptsd/ready/azenta_run_03/334_R2_001.fastq.gz
353-24hISP2,353-24hISP2,J1074,,azenta,24h ISP2,sample_id: (carbon source)-(biological replicate id)(technical replicate id),,in-house,2023,run_03,PAIRED,ILLUMINA,/home/nilmat/reads/streptsd/ready/azenta_run_03/353_R1_001.fastq.gz,/home/nilmat/reads/streptsd/ready/azenta_run_03/353_R2_001.fastq.gz
354-24hISP2,354-24hISP2,J1074,,azenta,24h ISP2,sample_id: (carbon source)-(biological replicate id)(technical replicate id),,in-house,2023,run_03,PAIRED,ILLUMINA,/home/nilmat/reads/streptsd/ready/azenta_run_03/354_R1_001.fastq.gz,/home/nilmat/reads/streptsd/ready/azenta_run_03/354_R2_001.fastq.gz
358-24hMSG,358-24hMSG,J1074,,azenta,24h MSG,sample_id: (carbon source)-(biological replicate id)(technical replicate id),,in-house,2023,run_03,PAIRED,ILLUMINA,/home/nilmat/reads/streptsd/ready/azenta_run_03/358_R1_001.fastq.gz,/home/nilmat/reads/streptsd/ready/azenta_run_03/358_R2_001.fastq.gz
359-24hMSG,359-24hMSG,J1074,,azenta,24h MSG,sample_id: (carbon source)-(biological replicate id)(technical replicate id),,in-house,2023,run_03,PAIRED,ILLUMINA,/home/nilmat/reads/streptsd/ready/azenta_run_03/359_R1_001.fastq.gz,/home/nilmat/reads/streptsd/ready/azenta_run_03/359_R2_001.fastq.gz
360-24hMSG,360-24hMSG,J1074,,azenta,24h MSG,sample_id: (carbon source)-(biological replicate id)(technical replicate id),,in-house,2023,run_03,PAIRED,ILLUMINA,/home/nilmat/reads/streptsd/ready/azenta_run_03/360_R1_001.fastq.gz,/home/nilmat/reads/streptsd/ready/azenta_run_03/360_R2_001.fastq.gz
365-48hISP2,365-48hISP2,J1074,,azenta,48h ISP2,sample_id: (carbon source)-(biological replicate id)(technical replicate id),,in-house,2023,run_03,PAIRED,ILLUMINA,/home/nilmat/reads/streptsd/ready/azenta_run_03/365_R1_001.fastq.gz,/home/nilmat/reads/streptsd/ready/azenta_run_03/365_R2_001.fastq.gz
366-48hISP2,366-48hISP2,J1074,,azenta,48h ISP2,sample_id: (carbon source)-(biological replicate id)(technical replicate id),,in-house,2023,run_03,PAIRED,ILLUMINA,/home/nilmat/reads/streptsd/ready/azenta_run_03/366_R1_001.fastq.gz,/home/nilmat/reads/streptsd/ready/azenta_run_03/366_R2_001.fastq.gz
370-48hMSG,370-48hMSG,J1074,,azenta,48h MSG,sample_id: (carbon source)-(biological replicate id)(technical replicate id),,in-house,2023,run_03,PAIRED,ILLUMINA,/home/nilmat/reads/streptsd/ready/azenta_run_03/370_R1_001.fastq.gz,/home/nilmat/reads/streptsd/ready/azenta_run_03/370_R2_001.fastq.gz
371-48hMSG,371-48hMSG,J1074,,azenta,48h MSG,sample_id: (carbon source)-(biological replicate id)(technical replicate id),,in-house,2023,run_03,PAIRED,ILLUMINA,/home/nilmat/reads/streptsd/ready/azenta_run_03/371_R1_001.fastq.gz,/home/nilmat/reads/streptsd/ready/azenta_run_03/371_R2_001.fastq.gz
372-48hMSG,372-48hMSG,J1074,,azenta,48h MSG,sample_id: (carbon source)-(biological replicate id)(technical replicate id),,in-house,2023,run_03,PAIRED,ILLUMINA,/home/nilmat/reads/streptsd/ready/azenta_run_03/372_R1_001.fastq.gz,/home/nilmat/reads/streptsd/ready/azenta_run_03/372_R2_001.fastq.gz
382-72hMSG,382-72hMSG,J1074,,azenta,72h MSG,sample_id: (carbon source)-(biological replicate id)(technical replicate id),,in-house,2023,run_03,PAIRED,ILLUMINA,/home/nilmat/reads/streptsd/ready/azenta_run_03/382_R1_001.fastq.gz,/home/nilmat/reads/streptsd/ready/azenta_run_03/382_R2_001.fastq.gz
383-72hMSG,383-72hMSG,J1074,,azenta,72h MSG,sample_id: (carbon source)-(biological replicate id)(technical replicate id),,in-house,2023,run_03,PAIRED,ILLUMINA,/home/nilmat/reads/streptsd/ready/azenta_run_03/383_R1_001.fastq.gz,/home/nilmat/reads/streptsd/ready/azenta_run_03/383_R2_001.fastq.gz
384-72hMSG,384-72hMSG,J1074,,azenta,72h MSG,sample_id: (carbon source)-(biological replicate id)(technical replicate id),,in-house,2023,run_03,PAIRED,ILLUMINA,/home/nilmat/reads/streptsd/ready/azenta_run_03/384_R1_001.fastq.gz,/home/nilmat/reads/streptsd/ready/azenta_run_03/384_R2_001.fastq.gz
394-96hMSG,394-96hMSG,J1074,,azenta,96h MSG,sample_id: (carbon source)-(biological replicate id)(technical replicate id),,in-house,2023,run_03,PAIRED,ILLUMINA,/home/nilmat/reads/streptsd/ready/azenta_run_03/394_R1_001.fastq.gz,/home/nilmat/reads/streptsd/ready/azenta_run_03/394_R2_001.fastq.gz
396-96hMSG,396-96hMSG,J1074,,azenta,96h MSG,sample_id: (carbon source)-(biological replicate id)(technical replicate id),,in-house,2023,run_03,PAIRED,ILLUMINA,/home/nilmat/reads/streptsd/ready/azenta_run_03/396_R1_001.fastq.gz,/home/nilmat/reads/streptsd/ready/azenta_run_03/396_R2_001.fastq.gz
459-Lhistidine,459-Lhistidine,J1074,,azenta,L-histidine,sample_id: (carbon source)-(biological replicate id)(technical replicate id),,in-house,2023,run_03,PAIRED,ILLUMINA,/home/nilmat/reads/streptsd/ready/azenta_run_03/459_R1_001.fastq.gz,/home/nilmat/reads/streptsd/ready/azenta_run_03/459_R2_001.fastq.gz
460-Lhistidine,460-Lhistidine,J1074,,azenta,L-histidine,sample_id: (carbon source)-(biological replicate id)(technical replicate id),,in-house,2023,run_03,PAIRED,ILLUMINA,/home/nilmat/reads/streptsd/ready/azenta_run_03/460_R1_001.fastq.gz,/home/nilmat/reads/streptsd/ready/azenta_run_03/460_R2_001.fastq.gz
Control1-MSG,Control1-MSG,J1074,,azenta,control,sample_id: (carbon source)-(biological replicate id)(technical replicate id),,in-house,2023,run_03,PAIRED,ILLUMINA,/home/nilmat/reads/streptsd/ready/azenta_run_03/Control-1_R1_001.fastq.gz,/home/nilmat/reads/streptsd/ready/azenta_run_03/Control-1_R2_001.fastq.gz
Control2-MSG,Control2-MSG,J1074,,azenta,control,sample_id: (carbon source)-(biological replicate id)(technical replicate id),,in-house,2023,run_03,PAIRED,ILLUMINA,/home/nilmat/reads/streptsd/ready/azenta_run_03/Control-2_R1_001.fastq.gz,/home/nilmat/reads/streptsd/ready/azenta_run_03/Control-2_R2_001.fastq.gz
L-galactose-1,L-galactose-1,J1074,,azenta,L-galactose,"Samples were mistakenly labelled ""L-glutamate"". L-galactose is the carbon source.",,in-house,2023,run_01_02__merged_azenta,PAIRED,ILLUMINA,/home/nimat/reads/streptsd/ready/merged_L-glutamate-1_R1_001.fastq.gz,/home/nilmat/reads/streptsd/ready/merged_L-glutamate-1_R2_001.fastq.gz
L-galactose-2,L-galactose-2,J1074,,azenta,L-galactose,"Samples were mistakenly labelled ""L-glutamate"". L-galactose is the carbon source.",,in-house,2023,run_01_02__merged_azenta,PAIRED,ILLUMINA,/home/nilmat/reads/streptsd/ready/merged_L-glutamate-2_R1_001.fastq.gz,/home/nilmat/reads/streptsd/ready/merged_L-glutamate-2_R2_001.fastq.gz
MSG-1A,MSG-1A,J1074,,azenta,Monosodium glutamate,sample_id: (carbon source)-(biological replicate id)(technical replicate id),,in-house,2023,run_01_02__merged_azenta,PAIRED,ILLUMINA,/home/nilmat/reads/streptsd/ready/merged_MSG-1A_R1_001.fastq.gz,/home/nilmat/reads/streptsd/ready/merged_MSG-1A_R2_001.fastq.gz
MSG-1B,MSG-1B,J1074,,azenta,Monosodium glutamate,sample_id: (carbon source)-(biological replicate id)(technical replicate id),,in-house,2023,run_01_02__merged_azenta,PAIRED,ILLUMINA,/home/nilmat/reads/streptsd/ready/merged_MSG-1B_R1_001.fastq.gz,/home/nilmat/reads/streptsd/ready/merged_MSG-1B_R2_001.fastq.gz
MSG-2A,MSG-2A,J1074,,azenta,Monosodium glutamate,sample_id: (carbon source)-(biological replicate id)(technical replicate id),,in-house,2023,run_01_02__merged_azenta,PAIRED,ILLUMINA,/home/nilmat/reads/streptsd/ready/merged_MSG-2A_R1_001.fastq.gz,/home/nilmat/reads/streptsd/ready/merged_MSG-2A_R2_001.fastq.gz
MSG-2B,MSG-2B,J1074,,azenta,Monosodium glutamate,sample_id: (carbon source)-(biological replicate id)(technical replicate id),,in-house,2023,run_01_02__merged_azenta,PAIRED,ILLUMINA,/home/nilmat/reads/streptsd/ready/merged_MSG-2B_R1_001.fastq.gz,/home/nilmat/reads/streptsd/ready/merged_MSG-2B_R2_001.fastq.gz
575-Mannose,575-Mannose,J1074,,azenta,Mannose,,,in-house,2023,rerun,PAIRED,ILLUMINA,/home/nilmat/reads/streptsd/ready/azenta_aug2023/575_R1_001.fastq.gz,/home/nilmat/reads/streptsd/ready/azenta_aug2023/575_R2_001.fastq.gz
576-Mannose,576-Mannose,J1074,,azenta,Mannose,,,in-house,2023,rerun,PAIRED,ILLUMINA,/home/nilmat/reads/streptsd/ready/azenta_aug2023/576_R1_001.fastq.gz,/home/nilmat/reads/streptsd/ready/azenta_aug2023/576_R2_001.fastq.gz
579-ISP220C,579-ISP220C,J1074,,azenta,ISP2 20C,,,in-house,2023,rerun,PAIRED,ILLUMINA,/home/nilmat/reads/streptsd/ready/azenta_aug2023/579_R1_001.fastq.gz,/home/nilmat/reads/streptsd/ready/azenta_aug2023/579_R2_001.fastq.gz
580-ISP220C,580-ISP220C,J1074,,azenta,ISP2 20C,,,in-house,2023,rerun,PAIRED,ILLUMINA,/home/nilmat/reads/streptsd/ready/azenta_aug2023/580_R1_001.fastq.gz,/home/nilmat/reads/streptsd/ready/azenta_aug2023/580_R2_001.fastq.gz
581-MSGpH5,581-MSGpH5,J1074,,azenta,MSG pH 5,,,in-house,2023,rerun,PAIRED,ILLUMINA,/home/nilmat/reads/streptsd/ready/azenta_aug2023/581_R1_001.fastq.gz,/home/nilmat/reads/streptsd/ready/azenta_aug2023/581_R2_001.fastq.gz
583-MSGpH5,583-MSGpH5,J1074,,azenta,MSG pH 5,,,in-house,2023,rerun,PAIRED,ILLUMINA,/home/nilmat/reads/streptsd/ready/azenta_aug2023/583_R1_001.fastq.gz,/home/nilmat/reads/streptsd/ready/azenta_aug2023/583_R2_001.fastq.gz
585-ISP2pH5,585-ISP2pH5,J1074,,azenta,ISP2 pH 5,,,in-house,2023,rerun,PAIRED,ILLUMINA,/home/nilmat/reads/streptsd/ready/azenta_aug2023/585_R1_001.fastq.gz,/home/nilmat/reads/streptsd/ready/azenta_aug2023/585_R2_001.fastq.gz
586-ISP2pH5,586-ISP2pH5,J1074,,azenta,ISP2 pH 5,,,in-house,2023,rerun,PAIRED,ILLUMINA,/home/nilmat/reads/streptsd/ready/azenta_aug2023/586_R1_001.fastq.gz,/home/nilmat/reads/streptsd/ready/azenta_aug2023/586_R2_001.fastq.gz
587-MSGpH9,587-MSGpH9,J1074,,azenta,MSG pH 9,,,in-house,2023,rerun,PAIRED,ILLUMINA,/home/nilmat/reads/streptsd/ready/azenta_aug2023/587_R1_001.fastq.gz,/home/nilmat/reads/streptsd/ready/azenta_aug2023/587_R2_001.fastq.gz
589-MSGpH9,589-MSGpH9,J1074,,azenta,MSG pH 9,,,in-house,2023,rerun,PAIRED,ILLUMINA,/home/nilmat/reads/streptsd/ready/azenta_aug2023/589_R1_001.fastq.gz,/home/nilmat/reads/streptsd/ready/azenta_aug2023/589_R2_001.fastq.gz
590-ISP2pH9,590-ISP2pH9,J1074,,azenta,ISP2 pH 9,,,in-house,2023,rerun,PAIRED,ILLUMINA,/home/nilmat/reads/streptsd/ready/azenta_aug2023/590_R1_001.fastq.gz,/home/nilmat/reads/streptsd/ready/azenta_aug2023/590_R2_001.fastq.gz
591-ISP2pH9,591-ISP2pH9,J1074,,azenta,ISP2 pH 9,,,in-house,2023,rerun,PAIRED,ILLUMINA,/home/nilmat/reads/streptsd/ready/azenta_aug2023/591_R1_001.fastq.gz,/home/nilmat/reads/streptsd/ready/azenta_aug2023/591_R2_001.fastq.gz
594-ISP25NaCl,594-ISP25NaCl,J1074,,azenta,ISP2 5% NaCl,,,in-house,2023,rerun,PAIRED,ILLUMINA,/home/nilmat/reads/streptsd/ready/azenta_aug2023/594_R1_001.fastq.gz,/home/nilmat/reads/streptsd/ready/azenta_aug2023/594_R2_001.fastq.gz
595-ISP25NaCl,595-ISP25NaCl,J1074,,azenta,ISP2 5% NaCl,,,in-house,2023,rerun,PAIRED,ILLUMINA,/home/nilmat/reads/streptsd/ready/azenta_aug2023/595_R1_001.fastq.gz,/home/nilmat/reads/streptsd/ready/azenta_aug2023/595_R2_001.fastq.gz
596-MSG5NaCl,596-MSG5NaCl,J1074,,azenta,MSG 5% NaCl,,,in-house,2023,rerun,PAIRED,ILLUMINA,/home/nilmat/reads/streptsd/ready/azenta_aug2023/596_R1_001.fastq.gz,/home/nilmat/reads/streptsd/ready/azenta_aug2023/596_R2_001.fastq.gz
598-MSG5NaCl,598-MSG5NaCl,J1074,,azenta,MSG 5% NaCl,,,in-house,2023,rerun,PAIRED,ILLUMINA,/home/nilmat/reads/streptsd/ready/azenta_aug2023/598_R1_001.fastq.gz,/home/nilmat/reads/streptsd/ready/azenta_aug2023/598_R2_001.fastq.gz
599-ISP27NaCl,599-ISP27NaCl,J1074,,azenta,ISP2 7% NaCl,,,in-house,2023,rerun,PAIRED,ILLUMINA,/home/nilmat/reads/streptsd/ready/azenta_aug2023/599_R1_001.fastq.gz,/home/nilmat/reads/streptsd/ready/azenta_aug2023/599_R2_001.fastq.gz
601-ISP27NaCl,601-ISP27NaCl,J1074,,azenta,ISP2 7% NaCl,,,in-house,2023,rerun,PAIRED,ILLUMINA,/home/nilmat/reads/streptsd/ready/azenta_aug2023/601_R1_001.fastq.gz,/home/nilmat/reads/streptsd/ready/azenta_aug2023/601_R2_001.fastq.gz
602-Ribose,602-Ribose,J1074,,azenta,Ribose,,,in-house,2023,rerun,PAIRED,ILLUMINA,/home/nilmat/reads/streptsd/ready/azenta_aug2023/602_R1_001.fastq.gz,/home/nilmat/reads/streptsd/ready/azenta_aug2023/602_R2_001.fastq.gz
604-Ribose,604-Ribose,J1074,,azenta,Ribose,,,in-house,2023,rerun,PAIRED,ILLUMINA,/home/nilmat/reads/streptsd/ready/azenta_aug2023/604_R1_001.fastq.gz,/home/nilmat/reads/streptsd/ready/azenta_aug2023/604_R2_001.fastq.gz
644-Proline,644-Proline,J1074,,azenta,Proline,,,in-house,2023,rerun,PAIRED,ILLUMINA,/home/nilmat/reads/streptsd/ready/azenta_aug2023/644_R1_001.fastq.gz,/home/nilmat/reads/streptsd/ready/azenta_aug2023/644_R2_001.fastq.gz
646-Proline,646-Proline,J1074,,azenta,Proline,,,in-house,2023,rerun,PAIRED,ILLUMINA,/home/nilmat/reads/streptsd/ready/azenta_aug2023/646_R1_001.fastq.gz,/home/nilmat/reads/streptsd/ready/azenta_aug2023/646_R2_001.fastq.gz
650-Glycerol,650-Glycerol,J1074,,azenta,Glycerol,,,in-house,2023,rerun,PAIRED,ILLUMINA,/home/nilmat/reads/streptsd/ready/azenta_aug2023/650_R1_001.fastq.gz,/home/nilmat/reads/streptsd/ready/azenta_aug2023/650_R2_001.fastq.gz
651-Glycerol,651-Glycerol,J1074,,azenta,Glycerol,,,in-house,2023,rerun,PAIRED,ILLUMINA,/home/nilmat/reads/streptsd/ready/azenta_aug2023/651_R1_001.fastq.gz,/home/nilmat/reads/streptsd/ready/azenta_aug2023/651_R2_001.fastq.gz
SRR25592590,SRR25592590,Del14-4N24 DnybW PkasOP::nybF::tkt,,azenta,DnybW PkasOP::nybF::tkt_70h,,,public,2023,PRJNA1003853,PAIRED,ILLUMINA,/home/nilmat/reads/streptsd/ready/external/del14/SRR25592590_R1.fastq.gz,/home/nilmat/reads/streptsd/ready/external/del14/SRR25592590_R2.fastq.gz
SRR25592591,SRR25592591,Del14-4N24 DnybW PkasOP::nybF::tkt,,azenta,DnybW PkasOP::nybF::tkt_70h,,,public,2023,PRJNA1003853,PAIRED,ILLUMINA,/home/nilmat/reads/streptsd/ready/external/del14/SRR25592591_R1.fastq.gz,/home/nilmat/reads/streptsd/ready/external/del14/SRR25592591_R2.fastq.gz
SRR25592592,SRR25592592,Del14-4N24 DnybW PkasOP::nybF::tkt,,azenta,DnybW PkasOP::nybF::tkt_70h,,,public,2023,PRJNA1003853,PAIRED,ILLUMINA,/home/nilmat/reads/streptsd/ready/external/del14/SRR25592592_R1.fastq.gz,/home/nilmat/reads/streptsd/ready/external/del14/SRR25592592_R2.fastq.gz
SRR25592593,SRR25592593,Del14-4N24 DnybW PkasOP::nybF::tkt,,azenta,DnybW PkasOP::nybF::tkt_46h,,,public,2023,PRJNA1003853,PAIRED,ILLUMINA,/home/nilmat/reads/streptsd/ready/external/del14/SRR25592593_R1.fastq.gz,/home/nilmat/reads/streptsd/ready/external/del14/SRR25592593_R2.fastq.gz
SRR25592594,SRR25592594,Del14-4N24 DnybW PkasOP::nybF::tkt,,azenta,DnybW PkasOP::nybF::tkt_46h,,,public,2023,PRJNA1003853,PAIRED,ILLUMINA,/home/nilmat/reads/streptsd/ready/external/del14/SRR25592594_R1.fastq.gz,/home/nilmat/reads/streptsd/ready/external/del14/SRR25592594_R2.fastq.gz
SRR25592595,SRR25592595,Del14-4N24 DnybW PkasOP::nybF::tkt,,azenta,DnybW PkasOP::nybF::tkt_46h,,,public,2023,PRJNA1003853,PAIRED,ILLUMINA,/home/nilmat/reads/streptsd/ready/external/del14/SRR25592595_R1.fastq.gz,/home/nilmat/reads/streptsd/ready/external/del14/SRR25592595_R2.fastq.gz
SRR25592596,SRR25592596,Del14-4N24 DnybW PkasOP::nybF::tkt,,azenta,DnybW PkasOP::nybF::tkt_12h,,,public,2023,PRJNA1003853,PAIRED,ILLUMINA,/home/nilmat/reads/streptsd/ready/external/del14/SRR25592596_R1.fastq.gz,/home/nilmat/reads/streptsd/ready/external/del14/SRR25592596_R2.fastq.gz
SRR25592597,SRR25592597,Del14-4N24 DnybW PkasOP::nybF::tkt,,azenta,DnybW PkasOP::nybF::tkt_12h,,,public,2023,PRJNA1003853,PAIRED,ILLUMINA,/home/nilmat/reads/streptsd/ready/external/del14/SRR25592597_R1.fastq.gz,/home/nilmat/reads/streptsd/ready/external/del14/SRR25592597_R2.fastq.gz
SRR25592598,SRR25592598,Del14-4N24 DnybW PkasOP::nybF::tkt,,azenta,DnybW PkasOP::nybF::tkt_12h,,,public,2023,PRJNA1003853,PAIRED,ILLUMINA,/home/nilmat/reads/streptsd/ready/external/del14/SRR25592598_R1.fastq.gz,/home/nilmat/reads/streptsd/ready/external/del14/SRR25592598_R2.fastq.gz
SRR25592599,SRR25592599,Del14-4N24 DnybW PkasOP::nybF::zwf2,,azenta,DnybW PkasOP::nybF::zwf2_70h,,,public,2023,PRJNA1003853,PAIRED,ILLUMINA,/home/nilmat/reads/streptsd/ready/external/del14/SRR25592599_R1.fastq.gz,/home/nilmat/reads/streptsd/ready/external/del14/SRR25592599_R2.fastq.gz
SRR25592600,SRR25592600,Del14-4N24 DnybW PkasOP::nybF::zwf2,,azenta,DnybW PkasOP::nybF::zwf2_70h,,,public,2023,PRJNA1003853,PAIRED,ILLUMINA,/home/nilmat/reads/streptsd/ready/external/del14/SRR25592600_R1.fastq.gz,/home/nilmat/reads/streptsd/ready/external/del14/SRR25592600_R2.fastq.gz
SRR25592601,SRR25592601,Del14-4N24 DnybW PkasOP::nybF::zwf2,,azenta,DnybW PkasOP::nybF::zwf2_70h,,,public,2023,PRJNA1003853,PAIRED,ILLUMINA,/home/nilmat/reads/streptsd/ready/external/del14/SRR25592601_R1.fastq.gz,/home/nilmat/reads/streptsd/ready/external/del14/SRR25592601_R2.fastq.gz
SRR25592602,SRR25592602,Del14-4N24 DnybW PkasOP::nybF::zwf2,,azenta,DnybW PkasOP::nybF::zwf2_46h,,,public,2023,PRJNA1003853,PAIRED,ILLUMINA,/home/nilmat/reads/streptsd/ready/external/del14/SRR25592602_R1.fastq.gz,/home/nilmat/reads/streptsd/ready/external/del14/SRR25592602_R2.fastq.gz
SRR25592603,SRR25592603,Del14-4N24 DnybW PkasOP::nybF::zwf2,,azenta,DnybW PkasOP::nybF::zwf2_46h,,,public,2023,PRJNA1003853,PAIRED,ILLUMINA,/home/nilmat/reads/streptsd/ready/external/del14/SRR25592603_R1.fastq.gz,/home/nilmat/reads/streptsd/ready/external/del14/SRR25592603_R2.fastq.gz
SRR25592604,SRR25592604,Del14-4N24 DnybW PkasOP::nybF::zwf2,,azenta,DnybW PkasOP::nybF::zwf2_46h,,,public,2023,PRJNA1003853,PAIRED,ILLUMINA,/home/nilmat/reads/streptsd/ready/external/del14/SRR25592604_R1.fastq.gz,/home/nilmat/reads/streptsd/ready/external/del14/SRR25592604_R2.fastq.gz
SRR25592605,SRR25592605,Del14-4N24 DnybW PkasOP::nybF::zwf2,,azenta,DnybW PkasOP::nybF::zwf2_12h,,,public,2023,PRJNA1003853,PAIRED,ILLUMINA,/home/nilmat/reads/streptsd/ready/external/del14/SRR25592605_R1.fastq.gz,/home/nilmat/reads/streptsd/ready/external/del14/SRR25592605_R2.fastq.gz
SRR25592606,SRR25592606,Del14-4N24 DnybW PkasOP::nybF::zwf2,,azenta,DnybW PkasOP::nybF::zwf2_12h,,,public,2023,PRJNA1003853,PAIRED,ILLUMINA,/home/nilmat/reads/streptsd/ready/external/del14/SRR25592606_R1.fastq.gz,/home/nilmat/reads/streptsd/ready/external/del14/SRR25592606_R2.fastq.gz
SRR25592607,SRR25592607,Del14-4N24 DnybW PkasOP::nybF::zwf2,,azenta,DnybW PkasOP::nybF::zwf2_12h,,,public,2023,PRJNA1003853,PAIRED,ILLUMINA,/home/nilmat/reads/streptsd/ready/external/del14/SRR25592607_R1.fastq.gz,/home/nilmat/reads/streptsd/ready/external/del14/SRR25592607_R2.fastq.gz
SRR25592608,SRR25592608,Del14-4N24 PkasOP::nybF::zwf2,,azenta,PkasOP::nybF::zwf2_70h,,,public,2023,PRJNA1003853,PAIRED,ILLUMINA,/home/nilmat/reads/streptsd/ready/external/del14/SRR25592608_R1.fastq.gz,/home/nilmat/reads/streptsd/ready/external/del14/SRR25592608_R2.fastq.gz
SRR25592609,SRR25592609,Del14-4N24 PkasOP::nybF::zwf2,,azenta,PkasOP::nybF::zwf2_70h,,,public,2023,PRJNA1003853,PAIRED,ILLUMINA,/home/nilmat/reads/streptsd/ready/external/del14/SRR25592609_R1.fastq.gz,/home/nilmat/reads/streptsd/ready/external/del14/SRR25592609_R2.fastq.gz
SRR25592610,SRR25592610,Del14-4N24 PkasOP::nybF::zwf2,,azenta,PkasOP::nybF::zwf2_70h,,,public,2023,PRJNA1003853,PAIRED,ILLUMINA,/home/nilmat/reads/streptsd/ready/external/del14/SRR25592610_R1.fastq.gz,/home/nilmat/reads/streptsd/ready/external/del14/SRR25592610_R2.fastq.gz
SRR25592611,SRR25592611,Del14-4N24 PkasOP::nybF::zwf2,,azenta,PkasOP::nybF::zwf2_46h,,,public,2023,PRJNA1003853,PAIRED,ILLUMINA,/home/nilmat/reads/streptsd/ready/external/del14/SRR25592611_R1.fastq.gz,/home/nilmat/reads/streptsd/ready/external/del14/SRR25592611_R2.fastq.gz
SRR25592612,SRR25592612,Del14-4N24 PkasOP::nybF::zwf2,,azenta,PkasOP::nybF::zwf2_46h,,,public,2023,PRJNA1003853,PAIRED,ILLUMINA,/home/nilmat/reads/streptsd/ready/external/del14/SRR25592612_R1.fastq.gz,/home/nilmat/reads/streptsd/ready/external/del14/SRR25592612_R2.fastq.gz
SRR25592613,SRR25592613,Del14-4N24 PkasOP::nybF::zwf2,,azenta,PkasOP::nybF::zwf2_46h,,,public,2023,PRJNA1003853,PAIRED,ILLUMINA,/home/nilmat/reads/streptsd/ready/external/del14/SRR25592613_R1.fastq.gz,/home/nilmat/reads/streptsd/ready/external/del14/SRR25592613_R2.fastq.gz
SRR25592614,SRR25592614,Del14-4N24 PkasOP::nybF::zwf2,,azenta,PkasOP::nybF::zwf2_12h,,,public,2023,PRJNA1003853,PAIRED,ILLUMINA,/home/nilmat/reads/streptsd/ready/external/del14/SRR25592614_R1.fastq.gz,/home/nilmat/reads/streptsd/ready/external/del14/SRR25592614_R2.fastq.gz
SRR25592615,SRR25592615,Del14-4N24 PkasOP::nybF::zwf2,,azenta,PkasOP::nybF::zwf2_12h,,,public,2023,PRJNA1003853,PAIRED,ILLUMINA,/home/nilmat/reads/streptsd/ready/external/del14/SRR25592615_R1.fastq.gz,/home/nilmat/reads/streptsd/ready/external/del14/SRR25592615_R2.fastq.gz
SRR25592616,SRR25592616,Del14-4N24 PkasOP::nybF::zwf2,,azenta,PkasOP::nybF::zwf2_12h,,,public,2023,PRJNA1003853,PAIRED,ILLUMINA,/home/nilmat/reads/streptsd/ready/external/del14/SRR25592616_R1.fastq.gz,/home/nilmat/reads/streptsd/ready/external/del14/SRR25592616_R2.fastq.gz
SRR25592617,SRR25592617,Del14-4N24 PkasOP::zwf2,,azenta,PkasOP::zwf2_70h,,,public,2023,PRJNA1003853,PAIRED,ILLUMINA,/home/nilmat/reads/streptsd/ready/external/del14/SRR25592617_R1.fastq.gz,/home/nilmat/reads/streptsd/ready/external/del14/SRR25592617_R2.fastq.gz
SRR25592618,SRR25592618,Del14-4N24 PkasOP::zwf2,,azenta,PkasOP::zwf2_70h,,,public,2023,PRJNA1003853,PAIRED,ILLUMINA,/home/nilmat/reads/streptsd/ready/external/del14/SRR25592618_R1.fastq.gz,/home/nilmat/reads/streptsd/ready/external/del14/SRR25592618_R2.fastq.gz
SRR25592619,SRR25592619,Del14-4N24 PkasOP::zwf2,,azenta,PkasOP::zwf2_70h,,,public,2023,PRJNA1003853,PAIRED,ILLUMINA,/home/nilmat/reads/streptsd/ready/external/del14/SRR25592619_R1.fastq.gz,/home/nilmat/reads/streptsd/ready/external/del14/SRR25592619_R2.fastq.gz
SRR25592620,SRR25592620,Del14-4N24 PkasOP::zwf2,,azenta,PkasOP::zwf2_12h,,,public,2023,PRJNA1003853,PAIRED,ILLUMINA,/home/nilmat/reads/streptsd/ready/external/del14/SRR25592620_R1.fastq.gz,/home/nilmat/reads/streptsd/ready/external/del14/SRR25592620_R2.fastq.gz
SRR25592621,SRR25592621,Del14-4N24 PkasOP::zwf2,,azenta,PkasOP::zwf2_12h,,,public,2023,PRJNA1003853,PAIRED,ILLUMINA,/home/nilmat/reads/streptsd/ready/external/del14/SRR25592621_R1.fastq.gz,/home/nilmat/reads/streptsd/ready/external/del14/SRR25592621_R2.fastq.gz
SRR25592622,SRR25592622,Del14-4N24 PkasOP::zwf2,,azenta,PkasOP::zwf2_12h,,,public,2023,PRJNA1003853,PAIRED,ILLUMINA,/home/nilmat/reads/streptsd/ready/external/del14/SRR25592622_R1.fastq.gz,/home/nilmat/reads/streptsd/ready/external/del14/SRR25592622_R2.fastq.gz
SRR25592623,SRR25592623,Del14-4N24,,azenta,Del14-4N24_70h,,,public,2023,PRJNA1003853,PAIRED,ILLUMINA,/home/nilmat/reads/streptsd/ready/external/del14/SRR25592623_R1.fastq.gz,/home/nilmat/reads/streptsd/ready/external/del14/SRR25592623_R2.fastq.gz
SRR25592624,SRR25592624,Del14-4N24,,azenta,Del14-4N24_70h,,,public,2023,PRJNA1003853,PAIRED,ILLUMINA,/home/nilmat/reads/streptsd/ready/external/del14/SRR25592624_R1.fastq.gz,/home/nilmat/reads/streptsd/ready/external/del14/SRR25592624_R2.fastq.gz
SRR25592625,SRR25592625,Del14-4N24,,azenta,Del14-4N24_70h,,,public,2023,PRJNA1003853,PAIRED,ILLUMINA,/home/nilmat/reads/streptsd/ready/external/del14/SRR25592625_R1.fastq.gz,/home/nilmat/reads/streptsd/ready/external/del14/SRR25592625_R2.fastq.gz
SRR25592626,SRR25592626,Del14-4N24,,azenta,Del14-4N24_12h,,,public,2023,PRJNA1003853,PAIRED,ILLUMINA,/home/nilmat/reads/streptsd/ready/external/del14/SRR25592626_R1.fastq.gz,/home/nilmat/reads/streptsd/ready/external/del14/SRR25592626_R2.fastq.gz
SRR25592627,SRR25592627,Del14-4N24,,azenta,Del14-4N24_12h,,,public,2023,PRJNA1003853,PAIRED,ILLUMINA,/home/nilmat/reads/streptsd/ready/external/del14/SRR25592627_R1.fastq.gz,/home/nilmat/reads/streptsd/ready/external/del14/SRR25592627_R2.fastq.gz
SRR25592628,SRR25592628,Del14-4N24,,azenta,Del14-4N24_12h,,,public,2023,PRJNA1003853,PAIRED,ILLUMINA,/home/nilmat/reads/streptsd/ready/external/del14/SRR25592628_R1.fastq.gz,/home/nilmat/reads/streptsd/ready/external/del14/SRR25592628_R2.fastq.gz
SRX10298353,gp_5h_control_1,J1074/R2,,azenta,gp_5h_control,,,public,2021,PRJNA708335,PAIRED,ILLUMINA,/home/nilmat/reads/streptsd/ready/external/SRR13918880_1.fastq.gz,/home/nilmat/reads/streptsd/ready/external/SRR13918880_2.fastq.gz
SRX10298354,gp_5h_control_2,J1074/R2,,azenta,gp_5h_control,,,public,2021,PRJNA708335,PAIRED,ILLUMINA,/home/nilmat/reads/streptsd/ready/external/SRR13918881_1.fastq.gz,/home/nilmat/reads/streptsd/ready/external/SRR13918881_2.fastq.gz
SRX10298355,gp_5h_control_3,J1074/R2,,azenta,gp_5h_control,,,public,2021,PRJNA708335,PAIRED,ILLUMINA,/home/nilmat/reads/streptsd/ready/external/SRR13918882_1.fastq.gz,/home/nilmat/reads/streptsd/ready/external/SRR13918882_2.fastq.gz
SRX10298356,pp_20h_control_1,J1074/R2,,azenta,pp_20h_control,,,public,2021,PRJNA708335,PAIRED,ILLUMINA,/home/nilmat/reads/streptsd/ready/external/SRR13918883_1.fastq.gz,/home/nilmat/reads/streptsd/ready/external/SRR13918883_2.fastq.gz
SRX10298357,pp_20h_control_2,J1074/R2,,azenta,pp_20h_control,,,public,2021,PRJNA708335,PAIRED,ILLUMINA,/home/nilmat/reads/streptsd/ready/external/SRR13918884_1.fastq.gz,/home/nilmat/reads/streptsd/ready/external/SRR13918884_2.fastq.gz
SRX10298358,pp_20h_control_3,J1074/R2,,azenta,pp_20h_control,,,public,2021,PRJNA708335,PAIRED,ILLUMINA,/home/nilmat/reads/streptsd/ready/external/SRR13918885_1.fastq.gz,/home/nilmat/reads/streptsd/ready/external/SRR13918885_2.fastq.gz
SRX10298359,gp_5h_1,J1074/R2,,azenta,gp_5h_L_valanine,,,public,2021,PRJNA708335,PAIRED,ILLUMINA,/home/nilmat/reads/streptsd/ready/external/SRR13918886_1.fastq.gz,/home/nilmat/reads/streptsd/ready/external/SRR13918886_2.fastq.gz
SRX10298360,gp_5h_2,J1074/R2,,azenta,gp_5h_L_valanine,,,public,2021,PRJNA708335,PAIRED,ILLUMINA,/home/nilmat/reads/streptsd/ready/external/SRR13918887_1.fastq.gz,/home/nilmat/reads/streptsd/ready/external/SRR13918887_2.fastq.gz
SRX10298361,gp_5h_3,J1074/R2,,azenta,gp_5h_L_valanine,,,public,2021,PRJNA708335,PAIRED,ILLUMINA,/home/nilmat/reads/streptsd/ready/external/SRR13918888_1.fastq.gz,/home/nilmat/reads/streptsd/ready/external/SRR13918888_2.fastq.gz
SRX10298362,pp_30h_1,J1074/R2,,azenta,pp_30h_L_valanine,,,public,2021,PRJNA708335,PAIRED,ILLUMINA,/home/nilmat/reads/streptsd/ready/external/SRR13918889_1.fastq.gz,/home/nilmat/reads/streptsd/ready/external/SRR13918889_2.fastq.gz
SRX10298363,pp_30h_2,J1074/R2,,azenta,pp_30h_L_valanine,,,public,2021,PRJNA708335,PAIRED,ILLUMINA,/home/nilmat/reads/streptsd/ready/external/SRR13918890_1.fastq.gz,/home/nilmat/reads/streptsd/ready/external/SRR13918890_2.fastq.gz
SRX10298364,pp_30h_3,J1074/R2,,azenta,pp_30h_L_valanine,,,public,2021,PRJNA708335,PAIRED,ILLUMINA,/home/nilmat/reads/streptsd/ready/external/SRR13918891_1.fastq.gz,/home/nilmat/reads/streptsd/ready/external/SRR13918891_2.fastq.gz
SRX10298365,gp_5h_bkdR_1,J1074/R2_Delta-bkdR,,azenta,gp_5h_bkdR_L_valanine,,,public,2021,PRJNA708335,PAIRED,ILLUMINA,/home/nilmat/reads/streptsd/ready/external/SRR13918892_1.fastq.gz,/home/nilmat/reads/streptsd/ready/external/SRR13918892_2.fastq.gz
SRX10298366,gp_5h_bkdR_2,J1074/R2_Delta-bkdR,,azenta,gp_5h_bkdR_L_valanine,,,public,2021,PRJNA708335,PAIRED,ILLUMINA,/home/nilmat/reads/streptsd/ready/external/SRR13918893_1.fastq.gz,/home/nilmat/reads/streptsd/ready/external/SRR13918893_2.fastq.gz
SRX10298367,gp_5h_bkdR_3,J1074/R2_Delta-bkdR,,azenta,gp_5h_bkdR_L_valanine,,,public,2021,PRJNA708335,PAIRED,ILLUMINA,/home/nilmat/reads/streptsd/ready/external/SRR13918894_1.fastq.gz,/home/nilmat/reads/streptsd/ready/external/SRR13918894_2.fastq.gz
SRX10298368,pp_30h_bkdR_1,J1074/R2_Delta-bkdR,,azenta,pp_30h_bkdR_L_valanine,,,public,2021,PRJNA708335,PAIRED,ILLUMINA,/home/nilmat/reads/streptsd/ready/external/SRR13918895_1.fastq.gz,/home/nilmat/reads/streptsd/ready/external/SRR13918895_2.fastq.gz
SRX10298369,pp_30h_bkdR_2,J1074/R2_Delta-bkdR,,azenta,pp_30h_bkdR_L_valanine,,,public,2021,PRJNA708335,PAIRED,ILLUMINA,/home/nilmat/reads/streptsd/ready/external/SRR13918896_1.fastq.gz,/home/nilmat/reads/streptsd/ready/external/SRR13918896_2.fastq.gz
SRX10298370,pp_30h_bkdR_3,J1074/R2_Delta-bkdR,,azenta,pp_30h_bkdR_L_valanine,,,public,2021,PRJNA708335,PAIRED,ILLUMINA,/home/nilmat/reads/streptsd/ready/external/SRR13918897_1.fastq.gz,/home/nilmat/reads/streptsd/ready/external/SRR13918897_2.fastq.gz
ERX3196625,delPse-2day_p,DEL_pseB4,,azenta,delPse-2day_p,,,public,2019,PRJEB31345,PAIRED,ILLUMINA,/home/nilmat/reads/streptsd/ready/external/trimmed_ERX/ERR3168677_1_trimmed.fastq.gz,/home/nilmat/reads/streptsd/ready/external/trimmed_ERX/ERR3168677_2_trimmed.fastq.gz
ERX3196626,delPse-3day_p,DEL_pseB4,,azenta,delPse-3day_p,,,public,2019,PRJEB31345,PAIRED,ILLUMINA,/home/nilmat/reads/streptsd/ready/external/trimmed_ERX/ERR3168678_1_trimmed.fastq.gz,/home/nilmat/reads/streptsd/ready/external/trimmed_ERX/ERR3168678_2_trimmed.fastq.gz
ERX3196627,delPse-delG-2day_p,DEL_pseB4,,azenta,delPse-delG-2day_p,,,public,2019,PRJEB31345,PAIRED,ILLUMINA,/home/nilmat/reads/streptsd/ready/external/trimmed_ERX/ERR3168679_1_trimmed.fastq.gz,/home/nilmat/reads/streptsd/ready/external/trimmed_ERX/ERR3168679_2_trimmed.fastq.gz
ERX3196628,delPse-delG-3day_p,DEL_pseB4,,azenta,delPse-delG-3day_p,,,public,2019,PRJEB31345,PAIRED,ILLUMINA,/home/nilmat/reads/streptsd/ready/external/trimmed_ERX/ERR3168680_1_trimmed.fastq.gz,/home/nilmat/reads/streptsd/ready/external/trimmed_ERX/ERR3168680_2_trimmed.fastq.gz
ERX3196629,GI-2day_p,DEL_pseB4,,azenta,GI-2day_p,,,public,2019,PRJEB31345,PAIRED,ILLUMINA,/home/nilmat/reads/streptsd/ready/external/trimmed_ERX/ERR3168681_1_trimmed.fastq.gz,/home/nilmat/reads/streptsd/ready/external/trimmed_ERX/ERR3168681_2_trimmed.fastq.gz
ERX3196630,GI-3day_p,DEL_pseB4,,azenta,GI-3day_p,,,public,2019,PRJEB31345,PAIRED,ILLUMINA,/home/nilmat/reads/streptsd/ready/external/trimmed_ERX/ERR3168682_1_trimmed.fastq.gz,/home/nilmat/reads/streptsd/ready/external/trimmed_ERX/ERR3168682_2_trimmed.fastq.gz
ERX3196631,KE-2day_p,DEL_pseB4,,azenta,KE-2day_p,,,public,2019,PRJEB31345,PAIRED,ILLUMINA,/home/nilmat/reads/streptsd/ready/external/trimmed_ERX/ERR3168683_1_trimmed.fastq.gz,/home/nilmat/reads/streptsd/ready/external/trimmed_ERX/ERR3168683_2_trimmed.fastq.gz
ERX3196632,KE-3day_p,DEL_pseB4,,azenta,KE-3day_p,,,public,2019,PRJEB31345,PAIRED,ILLUMINA,/home/nilmat/reads/streptsd/ready/external/trimmed_ERX/ERR3168684_1_trimmed.fastq.gz,/home/nilmat/reads/streptsd/ready/external/trimmed_ERX/ERR3168684_2_trimmed.fastq.gz
ERX3196633,KE-GI-2day_p,DEL_pseB4,,azenta,KE-GI-2day_p,,,public,2019,PRJEB31345,PAIRED,ILLUMINA,/home/nilmat/reads/streptsd/ready/external/trimmed_ERX/ERR3168685_1_trimmed.fastq.gz,/home/nilmat/reads/streptsd/ready/external/trimmed_ERX/ERR3168685_2_trimmed.fastq.gz
ERX3196634,KE-GI-3day_p,DEL_pseB4,,azenta,KE-GI-3day_p,,,public,2019,PRJEB31345,PAIRED,ILLUMINA,/home/nilmat/reads/streptsd/ready/external/trimmed_ERX/ERR3168686_1_trimmed.fastq.gz,/home/nilmat/reads/streptsd/ready/external/trimmed_ERX/ERR3168686_2_trimmed.fastq.gz
ERX3196635,KE-GI-delG-2day_p,DEL_pseB4,,azenta,KE-GI-delG-2day_p,,,public,2019,PRJEB31345,PAIRED,ILLUMINA,/home/nilmat/reads/streptsd/ready/external/trimmed_ERX/ERR3168687_1_trimmed.fastq.gz,/home/nilmat/reads/streptsd/ready/external/trimmed_ERX/ERR3168687_2_trimmed.fastq.gz
ERX3196636,KE-GI-delG-3day_p,DEL_pseB4,,azenta,KE-GI-delG-3day_p,,,public,2019,PRJEB31345,PAIRED,ILLUMINA,/home/nilmat/reads/streptsd/ready/external/trimmed_ERX/ERR3168688_1_trimmed.fastq.gz,/home/nilmat/reads/streptsd/ready/external/trimmed_ERX/ERR3168688_2_trimmed.fastq.gz
ERX3196637,KE-PS-2day_p,DEL_pseB4,,azenta,KE-PS-2day_p,,,public,2019,PRJEB31345,PAIRED,ILLUMINA,/home/nilmat/reads/streptsd/ready/external/trimmed_ERX/ERR3168689_1_trimmed.fastq.gz,/home/nilmat/reads/streptsd/ready/external/trimmed_ERX/ERR3168689_2_trimmed.fastq.gz
ERX3196638,KE-PS-3day_p,DEL_pseB4,,azenta,KE-PS-3day_p,,,public,2019,PRJEB31345,PAIRED,ILLUMINA,/home/nilmat/reads/streptsd/ready/external/trimmed_ERX/ERR3168690_1_trimmed.fastq.gz,/home/nilmat/reads/streptsd/ready/external/trimmed_ERX/ERR3168690_2_trimmed.fastq.gz
ERX3196639,KE-PS-delG-2day_p,DEL_pseB4,,azenta,KE-PS-delG-2day_p,,,public,2019,PRJEB31345,PAIRED,ILLUMINA,/home/nilmat/reads/streptsd/ready/external/trimmed_ERX/ERR3168691_1_trimmed.fastq.gz,/home/nilmat/reads/streptsd/ready/external/trimmed_ERX/ERR3168691_2_trimmed.fastq.gz
ERX3196640,KE-PS-delG-3day_p,DEL_pseB4,,azenta,KE-PS-delG-3day_p,,,public,2019,PRJEB31345,PAIRED,ILLUMINA,/home/nilmat/reads/streptsd/ready/external/trimmed_ERX/ERR3168692_1_trimmed.fastq.gz,/home/nilmat/reads/streptsd/ready/external/trimmed_ERX/ERR3168692_2_trimmed.fastq.gz
ERX3196641,PS-2day_p,DEL_pseB4,,azenta,PS-2day_p,,,public,2019,PRJEB31345,PAIRED,ILLUMINA,/home/nilmat/reads/streptsd/ready/external/trimmed_ERX/ERR3168693_1_trimmed.fastq.gz,/home/nilmat/reads/streptsd/ready/external/trimmed_ERX/ERR3168693_2_trimmed.fastq.gz
ERX3196642,PS-3day_p,DEL_pseB4,,azenta,PS-3day_p,,,public,2019,PRJEB31345,PAIRED,ILLUMINA,/home/nilmat/reads/streptsd/ready/external/trimmed_ERX/ERR3168694_1_trimmed.fastq.gz,/home/nilmat/reads/streptsd/ready/external/trimmed_ERX/ERR3168694_2_trimmed.fastq.gz